Age,Age Range,Gender,Occupation,Highest Level of Education,How many hours do you sleep on average per night?,"How would you rate your sleep quality overall? ( 1 = Very Poor, 5 = Very Good)",On how many days in a typical week do you engage in atleast 30 minutes of moderate physical activity?,"How many hours per day do you spend on screens (phone, laptop, or TV)?","On a scale of 1–5, how often do you feel stressed in your daily life? (1 = Very Low, 5 = Very High)","How many cups of caffeinated drinks (coffee, tea, energy drinks) do you consume per day?",Do you usually multitask while studying or working?,"Do you read or engage with long-form content (books, long articles, podcasts) regularly?",1. It’s very hard for me to concentrate on a difficult task when there are noises around.,"2. When I need to concentrate and solve a problem, I have trouble focusing my attention.","3. When I am working hard on something, I still get distracted by events around me.",4. My concentration is good even if there is music in the room around me.,"5. When concentrating, I can focus my attention so that I become unaware of what’s going on in the room around me.","6. When I am reading or studying, I am easily distracted if there are people talking in the same room.","7. When trying to focus my attention on something, I have difficulty blocking out distracting thoughts.",8. I have a hard time concentrating when I’m excited about something.,9. When concentrating I ignore feelings of hunger or thirst.,10. I can quickly switch from one task to another.,11. It takes me a while to get really involved in a new task.,12. It is difficult for me to coordinate my attention between the listening and writing required when taking notes during lectures.,13. I can become interested in a new topic very quickly when I need to.,14. It is easy for me to read or write while I’m also talking on the phone.,15. I have trouble carrying on two conversations at once.,16. I have a hard time coming up with new ideas quickly.,"17. After being interrupted or distracted, I can easily shift my attention back to what I was doing before.","18. When a distracting thought comes to mind, it is easy for me to shift my attention away from it.",19. It is easy for me to alternate between two different tasks.,20. It is hard for me to break from one way of thinking about something and look at it from another point of view.,Attention Score,Attention Class
25,25-31 years,Male,Student,Undergraduate,5-6 hours,4,1-3 days,6-7 hours,2,0 cup,Often,Sometimes,3,3,2,2,2,3,4,2,1,3,2,2,2,3,4,2,1,3,2,1,46,Medium
25,25-31 years,Male,Student,Higher Secondary,5-6 hours,3,3-5 days,Less than 5 hours,3,1-2 cups,Always,Often,2,2,2,2,2,2,3,2,2,2,2,3,3,2,3,2,2,3,1,3,48,Medium
18,18-24 years,Male,Student,Undergraduate,7-8 hours,4,more than 5 days,8 hours or more,3,0 cup,Often,Sometimes,4,4,4,1,2,4,3,2,4,2,3,4,2,1,4,1,2,1,1,3,35,Low
21,18-24 years,Male,Student,Undergraduate,7-8 hours,3,1-3 days,6-7 hours,3,0 cup,Rarely,Sometimes,3,1,2,2,3,2,2,2,2,2,2,3,4,3,2,2,3,3,2,1,57,Medium
24,18-24 years,Female,Student,Undergraduate,7-8 hours,4,1-3 days,5-6 hours,4,0 cup,Sometimes,Sometimes,4,2,1,2,3,3,2,2,4,2,2,1,4,2,2,2,4,4,4,3,60,High
22,18-24 years,Female,Student,Undergraduate,5-6 hours,4,Never,5-6 hours,4,0 cup,Rarely,Sometimes,4,3,2,1,1,4,2,2,4,2,4,3,2,2,3,2,2,1,2,1,42,Medium
45,Above 38 years,Female,Working,Graduate,5-6 hours,4,3-5 days,5-6 hours,3,1-2 cups,Always,Often,2,1,2,3,2,3,2,1,4,4,1,1,4,1,2,2,2,4,4,2,64,High
42,Above 38 years,Male,Other,Postgraduate,7-8 hours,4,1-3 days,Less than 5 hours,3,1-2 cups,Rarely,Never,4,2,4,2,1,4,2,2,3,3,2,4,2,1,3,4,3,2,1,1,41,Medium
25,25-31 years,Female,Student,Undergraduate,5-6 hours,3,3-5 days,Less than 5 hours,3,0 cup,Always,Sometimes,2,2,2,2,3,3,1,2,4,4,2,1,3,2,2,2,1,2,3,2,58,Medium
24,18-24 years,Female,Both,Undergraduate,5-6 hours,3,3-5 days,8 hours or more,3,1-2 cups,Often,Often,2,2,1,4,2,3,2,3,2,2,2,3,4,1,3,3,2,2,2,2,50,Medium
24,18-24 years,Female,Student,Undergraduate,7-8 hours,5,1-3 days,8 hours or more,5,1-2 cups,Rarely,Never,4,4,4,2,4,4,3,3,3,2,4,3,3,3,3,3,3,3,3,3,43,Medium
22,18-24 years,Female,Student,Undergraduate,Less than 5 hours,2,Never,8 hours or more,5,0 cup,Rarely,Never,4,3,3,1,2,4,3,2,2,1,4,2,2,1,4,4,2,1,1,4,31,Low
25,25-31 years,Female,Student,Undergraduate,5-6 hours,4,1-3 days,5-6 hours,3,2-3 cups,Always,Often,4,1,2,3,3,2,2,2,3,4,1,3,4,4,2,2,4,3,3,2,63,High
23,18-24 years,Male,Student,Undergraduate,5-6 hours,2,1-3 days,8 hours or more,4,2-3 cups,Always,Sometimes,2,3,3,3,2,4,4,4,3,4,1,4,3,1,2,2,3,3,3,4,47,Medium
23,18-24 years,Male,Student,Undergraduate,5-6 hours,4,1-3 days,6-7 hours,4,0 cup,Sometimes,Sometimes,3,3,3,3,3,3,2,2,4,3,4,4,4,4,3,2,2,2,3,4,50,Medium
25,25-31 years,Male,Student,Undergraduate,Less than 5 hours,5,Never,Less than 5 hours,5,1-2 cups,Always,Often,3,4,4,4,3,3,4,4,4,4,3,3,4,3,4,3,4,3,4,3,50,Medium
25,25-31 years,Male,Student,Undergraduate,5-6 hours,2,Never,Less than 5 hours,3,2-3 cups,Often,Sometimes,2,2,3,2,2,2,2,2,2,2,2,2,2,2,2,2,2,2,2,2,50,Medium
19,18-24 years,Male,Student,Higher Secondary,7-8 hours,2,Never,6-7 hours,3,0 cup,Rarely,Never,4,4,4,1,2,2,3,3,1,3,4,4,3,2,3,2,2,1,2,2,37,Low
25,25-31 years,Male,Both,Graduate,Less than 5 hours,5,Never,8 hours or more,3,1-2 cups,Always,Sometimes,1,2,1,4,3,2,3,3,2,2,2,3,3,3,3,3,2,3,3,3,54,Medium
23,18-24 years,Male,Student,Undergraduate,Less than 5 hours,4,1-3 days,6-7 hours,4,1-2 cups,Sometimes,Often,2,1,2,2,2,1,1,2,1,1,1,3,2,2,2,1,1,1,1,2,50,Medium
35,32-38 years,Male,Working,Graduate,7-8 hours,2,Never,5-6 hours,4,0 cup,Often,Often,2,3,2,4,1,2,2,1,3,2,1,1,3,3,1,2,1,3,2,2,58,Medium
24,18-24 years,Female,Student,Undergraduate,7-8 hours,4,more than 5 days,Less than 5 hours,3,1-2 cups,Sometimes,Sometimes,2,3,3,2,2,2,3,2,4,4,1,2,1,1,3,2,2,2,2,2,50,Medium
48,Above 38 years,Female,Working,Graduate,5-6 hours,3,1-3 days,8 hours or more,3,1-2 cups,Always,Sometimes,4,3,4,4,2,4,3,3,3,4,2,3,4,3,4,3,3,3,4,3,49,Medium
31,25-31 years,Male,Working,Graduate,5-6 hours,2,Never,6-7 hours,2,more than 3 cups,Sometimes,Rarely,4,3,3,1,3,4,3,2,1,2,2,3,2,2,4,2,2,1,2,2,39,Low
40,Above 38 years,Male,Working,Postgraduate,5-6 hours,3,more than 5 days,6-7 hours,2,2-3 cups,Often,Often,2,1,2,2,2,3,2,2,3,4,1,1,4,3,3,1,4,4,4,1,66,High
50,Above 38 years,Male,Working,Graduate,7-8 hours,4,3-5 days,Less than 5 hours,1,1-2 cups,Often,Sometimes,2,2,2,2,2,2,1,1,1,2,2,2,2,2,1,1,2,2,2,2,54,Medium
32,32-38 years,Male,Working,Graduate,Less than 5 hours,3,more than 5 days,8 hours or more,4,0 cup,Always,Sometimes,4,3,3,3,3,1,3,3,2,2,3,3,3,3,3,4,2,2,3,4,44,Medium
49,Above 38 years,Male,Working,Graduate,7-8 hours,5,1-3 days,5-6 hours,1,more than 3 cups,Sometimes,Never,4,1,2,2,2,2,1,1,1,2,1,2,3,2,2,3,1,3,2,1,53,Medium
25,25-31 years,Male,Student,Undergraduate,5-6 hours,3,1-3 days,6-7 hours,5,more than 3 cups,Always,Sometimes,4,3,3,1,1,4,3,3,3,3,2,2,3,3,2,2,2,3,3,3,46,Medium
24,18-24 years,Female,Student,Undergraduate,5-6 hours,5,3-5 days,Less than 5 hours,4,2-3 cups,Sometimes,Rarely,4,3,2,2,2,2,3,2,2,2,3,3,3,3,2,2,3,3,2,2,49,Medium
55,Above 38 years,Male,Working,Higher Secondary,5-6 hours,4,3-5 days,Less than 5 hours,2,more than 3 cups,Sometimes,Rarely,2,4,2,2,3,4,4,2,2,4,4,3,4,2,3,2,2,3,2,2,47,Medium
32,32-38 years,Female,Working,Graduate,7-8 hours,4,1-3 days,Less than 5 hours,3,1-2 cups,Sometimes,Sometimes,2,3,2,2,2,2,3,2,2,3,2,2,4,1,2,3,3,3,2,2,52,Medium
55,Above 38 years,Male,Working,Graduate,7-8 hours,5,more than 5 days,Less than 5 hours,3,more than 3 cups,Always,Never,2,1,2,1,4,1,1,1,1,4,4,3,4,3,2,1,4,4,4,3,63,High
54,Above 38 years,Male,Working,Graduate,7-8 hours,4,1-3 days,Less than 5 hours,3,more than 3 cups,Sometimes,Never,2,2,3,2,2,2,2,2,3,2,3,2,2,2,2,3,3,3,2,3,50,Medium
48,Above 38 years,Male,Working,Graduate,5-6 hours,3,more than 5 days,Less than 5 hours,3,2-3 cups,Rarely,Sometimes,1,1,1,1,1,1,1,1,1,4,4,2,2,4,1,1,4,2,4,1,63,High
32,32-38 years,Male,Other,Higher Secondary,7-8 hours,4,more than 5 days,Less than 5 hours,5,more than 3 cups,Always,Rarely,4,1,1,4,4,1,3,4,4,4,1,1,4,4,1,1,1,4,4,1,69,High
22,18-24 years,Male,Student,Undergraduate,5-6 hours,2,Never,8 hours or more,5,1-2 cups,Often,Rarely,4,3,2,2,2,2,2,2,2,2,2,3,2,4,2,1,3,1,3,3,50,Medium
24,18-24 years,Male,Student,Undergraduate,7-8 hours,3,1-3 days,8 hours or more,4,more than 3 cups,Always,Sometimes,4,4,4,4,4,4,3,3,3,3,4,3,4,3,3,3,3,3,3,3,47,Medium
22,18-24 years,Male,Both,Undergraduate,5-6 hours,4,1-3 days,5-6 hours,2,1-2 cups,Sometimes,Rarely,2,1,1,2,2,1,2,1,3,3,2,2,2,3,2,1,4,3,3,3,62,High
28,25-31 years,Male,Working,Higher Secondary,5-6 hours,3,more than 5 days,Less than 5 hours,2,1-2 cups,Often,Never,3,1,3,2,1,3,1,3,3,2,3,3,3,4,4,3,2,1,1,4,43,Medium
23,18-24 years,Male,Student,Undergraduate,5-6 hours,3,1-3 days,8 hours or more,3,1-2 cups,Sometimes,Sometimes,2,3,4,2,2,1,2,4,2,3,3,4,3,2,3,3,3,4,4,3,48,Medium
25,25-31 years,Female,Student,Undergraduate,9 hours or more,5,more than 5 days,6-7 hours,2,0 cup,Sometimes,Sometimes,4,1,2,4,3,3,2,2,4,2,3,1,2,1,4,4,3,3,2,1,52,Medium
22,18-24 years,Male,Student,Higher Secondary,7-8 hours,3,Never,8 hours or more,5,1-2 cups,Sometimes,Rarely,4,4,4,1,3,4,4,4,3,1,4,3,2,1,4,3,2,2,1,4,29,Low
25,25-31 years,Male,Student,Graduate,5-6 hours,4,more than 5 days,6-7 hours,4,1-2 cups,Sometimes,Sometimes,2,1,2,2,3,1,1,3,2,2,4,3,1,1,1,1,2,2,2,3,50,Medium
22,18-24 years,Male,Student,Undergraduate,5-6 hours,3,3-5 days,5-6 hours,4,2-3 cups,Often,Sometimes,3,2,3,2,3,2,3,3,2,3,2,3,3,2,3,3,2,3,2,3,47,Medium
24,18-24 years,Male,Student,Undergraduate,5-6 hours,4,3-5 days,5-6 hours,5,1-2 cups,Often,Sometimes,3,2,3,2,2,4,3,4,3,2,2,2,3,3,2,3,2,3,3,3,47,Medium
22,18-24 years,Male,Student,Undergraduate,5-6 hours,4,3-5 days,6-7 hours,4,1-2 cups,Often,Rarely,3,3,3,2,2,3,3,3,3,3,3,3,2,2,1,2,2,2,2,2,46,Medium
26,25-31 years,Male,Both,Undergraduate,Less than 5 hours,3,Never,5-6 hours,3,0 cup,Often,Often,3,3,2,2,2,3,3,2,3,4,4,2,2,2,2,2,3,3,3,2,51,Medium
24,18-24 years,Female,Student,Undergraduate,5-6 hours,3,Never,8 hours or more,4,more than 3 cups,Sometimes,Sometimes,4,2,2,4,2,4,3,2,4,3,3,4,4,1,3,2,2,2,2,2,48,Medium
24,18-24 years,Female,Student,Undergraduate,5-6 hours,3,Never,5-6 hours,4,1-2 cups,Always,Often,4,2,4,4,3,4,4,3,2,2,2,2,3,1,2,3,3,1,1,2,43,Medium
23,18-24 years,Female,Student,Postgraduate,7-8 hours,3,1-3 days,8 hours or more,2,0 cup,Often,Often,3,4,3,3,1,4,3,3,2,2,4,3,3,2,4,4,1,3,4,1,40,Medium
23,18-24 years,Female,Both,Undergraduate,7-8 hours,2,1-3 days,8 hours or more,5,1-2 cups,Often,Sometimes,4,2,2,1,3,4,2,2,3,1,2,1,4,1,1,2,1,1,3,1,50,Medium
21,18-24 years,Male,Student,Undergraduate,5-6 hours,4,Never,8 hours or more,3,1-2 cups,Sometimes,Rarely,4,4,3,2,2,4,4,4,1,3,1,1,3,1,3,3,1,2,2,1,40,Medium
26,25-31 years,Male,Student,Undergraduate,5-6 hours,3,1-3 days,8 hours or more,2,2-3 cups,Often,Sometimes,3,2,3,1,3,3,2,3,3,2,4,3,3,1,2,3,1,2,4,3,44,Medium
21,18-24 years,Female,Student,Undergraduate,5-6 hours,5,1-3 days,8 hours or more,4,0 cup,Sometimes,Sometimes,2,3,2,1,3,2,4,3,4,4,4,3,4,2,4,4,2,4,4,3,49,Medium
23,18-24 years,Male,Student,Undergraduate,7-8 hours,4,Never,5-6 hours,2,1-2 cups,Rarely,Sometimes,4,2,1,1,4,2,2,3,2,3,2,2,3,3,3,1,2,2,2,1,54,Medium
22,18-24 years,Male,Student,Undergraduate,5-6 hours,4,Never,8 hours or more,2,more than 3 cups,Rarely,Sometimes,3,1,2,4,4,1,2,4,3,4,1,1,4,3,2,1,4,2,3,2,66,High
23,18-24 years,Female,Student,Undergraduate,5-6 hours,3,Never,5-6 hours,3,0 cup,Always,Sometimes,1,4,2,3,2,3,3,3,1,2,2,1,4,2,1,1,2,2,2,2,52,Medium
25,25-31 years,Male,Student,Undergraduate,5-6 hours,3,Never,8 hours or more,2,2-3 cups,Often,Rarely,3,2,3,3,2,2,2,3,2,2,4,1,3,2,2,3,3,3,3,3,50,Medium
23,18-24 years,Female,Student,Higher Secondary,7-8 hours,4,Never,5-6 hours,2,1-2 cups,Rarely,Sometimes,2,3,3,2,1,4,3,4,1,2,4,3,3,1,1,2,2,3,2,2,41,Medium
24,18-24 years,Male,Student,Undergraduate,5-6 hours,5,Never,Less than 5 hours,1,0 cup,Always,Rarely,1,3,1,4,3,1,3,1,3,1,4,3,1,1,1,2,2,3,4,4,53,Medium
18,18-24 years,Female,Student,Higher Secondary,7-8 hours,4,Never,8 hours or more,3,2-3 cups,Always,Often,4,1,4,2,2,2,3,4,1,2,1,2,3,1,4,1,2,1,1,1,43,Medium
24,18-24 years,Male,Student,Undergraduate,7-8 hours,3,Never,6-7 hours,4,1-2 cups,Often,Often,4,2,2,3,4,3,2,3,3,3,3,3,2,3,3,2,2,2,2,2,50,Medium
23,18-24 years,Female,Student,Undergraduate,7-8 hours,3,Never,6-7 hours,4,more than 3 cups,Always,Sometimes,3,3,3,2,2,4,3,2,2,2,2,3,2,3,3,2,2,1,2,2,43,Medium
26,25-31 years,Male,Student,Undergraduate,7-8 hours,4,3-5 days,6-7 hours,5,1-2 cups,Often,Rarely,2,2,2,1,3,2,3,2,1,3,2,2,4,3,1,2,3,3,3,2,57,Medium
20,18-24 years,Female,Student,Undergraduate,5-6 hours,4,3-5 days,6-7 hours,2,1-2 cups,Sometimes,Rarely,3,3,2,4,2,2,2,3,2,2,1,2,1,3,2,2,1,3,2,2,51,Medium
25,25-31 years,Male,Student,Undergraduate,5-6 hours,4,1-3 days,8 hours or more,3,more than 3 cups,Often,Sometimes,4,3,3,3,3,1,1,3,3,4,2,1,4,4,2,3,3,3,4,3,60,High
18,18-24 years,Male,Student,Higher Secondary,5-6 hours,2,1-3 days,5-6 hours,3,0 cup,Sometimes,Rarely,2,1,1,2,4,3,3,1,4,4,4,2,4,2,4,3,3,2,4,1,59,Medium
21,18-24 years,Male,Student,Higher Secondary,7-8 hours,4,3-5 days,6-7 hours,1,0 cup,Rarely,Rarely,2,2,2,3,4,1,2,3,4,3,3,4,4,2,2,4,4,2,3,2,57,Medium
23,18-24 years,Male,Student,Undergraduate,5-6 hours,2,1-3 days,5-6 hours,4,1-2 cups,Often,Rarely,4,3,3,2,2,4,3,3,4,3,2,4,3,2,4,4,3,2,2,3,41,Medium
21,18-24 years,Female,Student,Higher Secondary,5-6 hours,4,more than 5 days,Less than 5 hours,3,1-2 cups,Often,Sometimes,2,2,3,2,1,2,2,2,3,2,2,1,3,3,1,2,2,2,2,1,55,Medium
23,18-24 years,Male,Student,Undergraduate,5-6 hours,3,1-3 days,5-6 hours,3,1-2 cups,Sometimes,Sometimes,2,3,3,2,4,2,2,3,2,2,1,3,2,2,4,3,2,3,2,1,49,Medium
18,18-24 years,Female,Student,Higher Secondary,7-8 hours,5,1-3 days,Less than 5 hours,3,1-2 cups,Often,Often,3,2,2,2,2,2,2,2,2,2,2,2,2,2,2,2,2,2,2,2,50,Medium
33,32-38 years,Female,Working,Graduate,7-8 hours,4,3-5 days,Less than 5 hours,2,1-2 cups,Rarely,Often,1,2,1,3,2,2,1,3,2,1,4,1,1,2,1,1,3,2,2,1,55,Medium
25,25-31 years,Female,Student,Undergraduate,5-6 hours,1,1-3 days,Less than 5 hours,5,2-3 cups,Often,Sometimes,2,3,4,3,4,4,2,4,1,4,3,4,4,4,2,2,4,4,1,2,52,Medium
24,18-24 years,Female,Student,Undergraduate,7-8 hours,4,Never,5-6 hours,5,0 cup,Sometimes,Often,3,2,2,1,2,4,3,4,2,3,3,2,4,2,2,3,2,1,3,2,45,Medium
23,18-24 years,Female,Student,Undergraduate,5-6 hours,5,3-5 days,5-6 hours,4,1-2 cups,Often,Rarely,4,3,4,1,2,4,3,2,3,3,4,2,4,1,3,4,2,2,2,4,38,Low
19,18-24 years,Female,Student,Undergraduate,Less than 5 hours,3,Never,5-6 hours,3,1-2 cups,Often,Rarely,4,2,1,1,3,4,3,4,4,3,1,2,4,3,2,2,2,1,4,2,53,Medium
28,25-31 years,Male,Student,Undergraduate,7-8 hours,5,more than 5 days,8 hours or more,1,0 cup,Always,Often,2,2,2,1,1,1,1,1,1,1,1,1,1,1,1,1,1,1,1,1,50,Medium
24,18-24 years,Male,Student,Undergraduate,7-8 hours,4,1-3 days,6-7 hours,3,1-2 cups,Sometimes,Often,4,3,3,2,4,3,4,2,2,3,3,2,3,2,2,3,2,4,1,4,45,Medium
24,18-24 years,Female,Student,Undergraduate,5-6 hours,3,1-3 days,5-6 hours,3,1-2 cups,Always,Sometimes,3,4,3,2,2,2,3,3,3,3,3,2,2,2,3,3,2,3,3,3,45,Medium
24,18-24 years,Female,Student,Undergraduate,5-6 hours,4,Never,6-7 hours,4,1-2 cups,Sometimes,Sometimes,3,2,3,3,3,3,2,2,3,3,3,2,3,3,3,3,3,2,2,4,50,Medium
23,18-24 years,Female,Student,Undergraduate,7-8 hours,3,more than 5 days,6-7 hours,4,1-2 cups,Sometimes,Rarely,4,2,2,3,2,4,4,4,1,4,2,4,2,1,1,1,4,4,1,1,48,Medium
24,18-24 years,Male,Student,Undergraduate,7-8 hours,5,Never,Less than 5 hours,1,2-3 cups,Rarely,Sometimes,4,3,3,2,1,3,3,2,1,2,2,2,2,2,2,2,2,4,4,1,48,Medium
24,18-24 years,Female,Student,Undergraduate,7-8 hours,4,1-3 days,8 hours or more,3,1-2 cups,Sometimes,Sometimes,4,3,2,2,3,4,2,2,3,2,2,3,2,3,3,2,2,3,2,3,47,Medium
25,25-31 years,Male,Both,Undergraduate,5-6 hours,3,3-5 days,8 hours or more,2,1-2 cups,Always,Rarely,3,2,2,2,2,3,2,4,2,4,1,1,4,2,3,2,3,2,4,2,55,Medium
25,25-31 years,Male,Student,Undergraduate,5-6 hours,5,1-3 days,5-6 hours,2,more than 3 cups,Often,Rarely,4,3,3,1,2,4,2,3,3,2,3,4,3,1,4,4,2,2,2,3,36,Low
23,18-24 years,Male,Student,Undergraduate,Less than 5 hours,1,1-3 days,8 hours or more,1,0 cup,Always,Sometimes,2,2,2,2,2,2,2,2,2,2,2,2,2,2,2,2,2,2,2,2,51,Medium
39,Above 38 years,Male,Working,Graduate,7-8 hours,5,more than 5 days,Less than 5 hours,2,1-2 cups,Rarely,Often,1,2,2,2,1,3,1,2,4,1,1,2,3,2,4,1,1,2,1,1,52,Medium
24,18-24 years,Female,Student,Undergraduate,Less than 5 hours,1,Never,8 hours or more,4,more than 3 cups,Always,Rarely,3,2,4,3,4,1,2,3,3,4,3,2,4,4,3,3,4,4,4,4,59,Medium
24,18-24 years,Female,Student,Undergraduate,5-6 hours,3,1-3 days,5-6 hours,4,0 cup,Sometimes,Sometimes,4,3,3,1,1,4,3,2,1,3,3,2,2,2,4,4,2,2,3,2,38,Low
25,25-31 years,Male,Student,Undergraduate,Less than 5 hours,1,Never,8 hours or more,2,1-2 cups,Often,Often,3,3,3,3,3,2,2,2,2,2,2,2,3,2,2,2,3,2,3,2,53,Medium
25,25-31 years,Male,Student,Undergraduate,7-8 hours,5,1-3 days,6-7 hours,5,more than 3 cups,Sometimes,Sometimes,3,3,3,2,3,2,4,2,3,3,1,1,3,2,4,4,3,1,1,1,48,Medium
23,18-24 years,Male,Student,Undergraduate,7-8 hours,5,more than 5 days,6-7 hours,5,more than 3 cups,Sometimes,Sometimes,4,4,4,4,4,4,4,4,4,4,4,4,4,4,4,4,4,4,4,4,47,Medium
25,25-31 years,Male,Student,Undergraduate,5-6 hours,1,1-3 days,8 hours or more,2,0 cup,Always,Often,2,3,3,3,3,3,4,2,3,3,2,2,3,4,3,4,3,2,2,2,51,Medium
24,18-24 years,Female,Student,Undergraduate,7-8 hours,5,3-5 days,6-7 hours,2,0 cup,Sometimes,Sometimes,4,1,2,2,3,3,2,2,3,3,1,1,4,2,3,1,1,2,4,2,57,Medium
25,25-31 years,Female,Student,Undergraduate,7-8 hours,5,Never,8 hours or more,2,1-2 cups,Often,Sometimes,2,4,4,2,2,2,2,1,2,4,4,4,2,2,2,4,4,4,2,2,48,Medium
20,18-24 years,Female,Student,Undergraduate,5-6 hours,5,1-3 days,Less than 5 hours,1,1-2 cups,Often,Sometimes,4,4,4,4,2,4,2,4,3,2,3,3,4,3,4,3,3,3,3,4,43,Medium
23,18-24 years,Male,Student,Higher Secondary,7-8 hours,5,Never,8 hours or more,5,1-2 cups,Rarely,Never,2,4,3,1,2,4,4,4,1,1,2,3,3,1,1,4,1,3,2,2,37,Low
25,25-31 years,Male,Student,Undergraduate,7-8 hours,4,1-3 days,6-7 hours,2,1-2 cups,Sometimes,Sometimes,4,3,3,2,2,4,3,2,2,3,2,3,2,2,3,3,2,3,2,2,43,Medium
23,18-24 years,Male,Student,Undergraduate,5-6 hours,3,1-3 days,8 hours or more,5,1-2 cups,Often,Often,1,2,2,1,2,2,2,2,1,1,2,3,2,4,1,1,1,1,1,2,49,Medium
32,32-38 years,Female,Both,Undergraduate,Less than 5 hours,3,Never,8 hours or more,5,1-2 cups,Always,Sometimes,2,3,3,2,2,3,3,3,2,3,3,3,2,1,2,1,3,2,2,4,44,Medium
22,18-24 years,Male,Student,Undergraduate,5-6 hours,1,3-5 days,8 hours or more,5,1-2 cups,Often,Sometimes,4,3,4,1,2,1,3,4,4,4,1,4,1,1,4,4,4,1,4,4,41,Medium
23,18-24 years,Male,Student,Undergraduate,9 hours or more,5,more than 5 days,6-7 hours,5,0 cup,Often,Never,4,3,3,2,3,3,3,2,3,3,2,3,2,3,2,3,2,3,2,3,47,Medium
23,18-24 years,Female,Student,Undergraduate,7-8 hours,4,1-3 days,6-7 hours,4,0 cup,Sometimes,Sometimes,4,2,3,1,1,4,3,4,3,2,4,2,3,1,4,4,1,4,1,1,37,Low
32,32-38 years,Female,Other,Graduate,Less than 5 hours,1,1-3 days,Less than 5 hours,2,0 cup,Always,Rarely,4,3,1,3,3,3,3,2,1,2,3,3,3,3,2,3,2,2,2,3,46,Medium
23,18-24 years,Female,Student,Undergraduate,5-6 hours,2,1-3 days,6-7 hours,5,2-3 cups,Sometimes,Sometimes,4,3,3,3,4,4,2,2,4,1,2,2,2,1,3,4,2,1,2,3,43,Medium
24,18-24 years,Male,Student,Undergraduate,5-6 hours,3,1-3 days,6-7 hours,2,1-2 cups,Sometimes,Often,4,2,2,2,2,2,2,4,1,1,2,2,4,2,1,3,2,3,1,2,47,Medium
23,18-24 years,Female,Student,Undergraduate,7-8 hours,3,Never,5-6 hours,2,0 cup,Sometimes,Often,4,4,4,1,3,2,2,3,1,3,3,3,3,2,2,3,3,3,3,3,44,Medium
23,18-24 years,Male,Student,Undergraduate,5-6 hours,3,1-3 days,8 hours or more,4,1-2 cups,Sometimes,Sometimes,2,2,1,3,2,2,2,2,4,4,2,2,4,4,1,2,4,2,4,2,66,High
25,25-31 years,Male,Student,Undergraduate,Less than 5 hours,2,Never,6-7 hours,5,0 cup,Always,Sometimes,3,4,4,1,1,4,3,3,2,1,4,4,2,1,4,2,1,1,1,4,27,Low
23,18-24 years,Male,Student,Higher Secondary,7-8 hours,3,1-3 days,8 hours or more,2,1-2 cups,Often,Sometimes,3,3,3,2,2,3,3,3,3,4,2,2,3,3,3,2,2,2,3,3,49,Medium
25,25-31 years,Male,Student,Undergraduate,Less than 5 hours,3,1-3 days,Less than 5 hours,4,1-2 cups,Sometimes,Often,4,3,3,3,3,4,4,3,4,4,3,3,4,3,3,3,3,4,4,4,50,Medium
23,18-24 years,Female,Student,Undergraduate,5-6 hours,3,1-3 days,8 hours or more,4,1-2 cups,Sometimes,Rarely,4,3,3,2,2,3,3,2,4,2,3,3,4,4,3,4,2,2,2,3,45,Medium
24,18-24 years,Female,Student,Undergraduate,5-6 hours,2,1-3 days,6-7 hours,5,1-2 cups,Always,Sometimes,4,4,1,4,3,2,4,4,2,3,2,1,4,2,1,4,3,3,3,3,52,Medium
25,25-31 years,Female,Student,Undergraduate,5-6 hours,1,1-3 days,5-6 hours,3,1-2 cups,Always,Sometimes,4,4,4,2,2,2,4,3,2,2,3,2,4,2,4,4,2,3,3,2,41,Medium
25,25-31 years,Female,Student,Graduate,Less than 5 hours,3,1-3 days,8 hours or more,4,1-2 cups,Rarely,Rarely,4,2,2,4,4,3,4,3,4,1,4,2,2,1,4,4,1,1,2,2,41,Medium
25,25-31 years,Female,Student,Undergraduate,5-6 hours,1,Never,5-6 hours,5,1-2 cups,Often,Rarely,2,1,1,1,2,2,2,2,2,1,1,3,3,4,2,1,1,1,2,1,54,Medium
23,18-24 years,Female,Student,Undergraduate,9 hours or more,5,Never,6-7 hours,4,0 cup,Always,Often,4,3,3,3,3,3,2,3,3,3,4,3,3,3,3,3,3,3,3,3,48,Medium
25,25-31 years,Female,Student,Undergraduate,5-6 hours,3,Never,Less than 5 hours,5,0 cup,Often,Often,4,2,3,1,2,4,3,3,3,3,2,2,4,3,2,2,2,2,3,2,49,Medium
44,Above 38 years,Female,Other,Graduate,Less than 5 hours,2,more than 5 days,Less than 5 hours,3,1-2 cups,Sometimes,Often,2,2,1,1,2,3,4,2,3,1,3,1,2,1,3,2,3,3,4,4,48,Medium
23,18-24 years,Female,Student,Undergraduate,9 hours or more,5,1-3 days,5-6 hours,4,2-3 cups,Sometimes,Often,4,4,3,3,2,3,2,3,2,2,4,3,3,2,3,4,4,1,2,3,40,Medium
22,18-24 years,Female,Student,Undergraduate,5-6 hours,3,1-3 days,5-6 hours,4,1-2 cups,Often,Sometimes,3,1,4,3,4,3,3,2,3,2,2,3,1,3,2,3,3,3,2,2,51,Medium
23,18-24 years,Female,Student,Undergraduate,5-6 hours,2,1-3 days,8 hours or more,4,1-2 cups,Often,Rarely,4,4,4,2,3,4,3,3,3,2,3,4,2,2,3,2,1,1,2,3,36,Low
23,18-24 years,Female,Student,Undergraduate,7-8 hours,5,1-3 days,5-6 hours,2,0 cup,Often,Often,2,2,2,4,2,2,2,4,1,2,3,2,3,3,3,4,3,3,2,3,49,Medium
25,25-31 years,Male,Student,Undergraduate,5-6 hours,4,1-3 days,Less than 5 hours,2,1-2 cups,Often,Sometimes,4,1,1,1,1,1,3,2,1,1,1,2,2,3,3,4,4,1,4,3,48,Medium
23,18-24 years,Female,Student,Graduate,7-8 hours,4,3-5 days,5-6 hours,3,1-2 cups,Sometimes,Sometimes,2,2,2,2,2,2,3,2,2,3,2,2,2,2,3,2,2,2,2,2,50,Medium
24,18-24 years,Male,Student,Undergraduate,5-6 hours,3,Never,6-7 hours,4,0 cup,Always,Often,2,2,2,2,2,2,2,2,2,3,3,2,2,2,2,2,2,2,3,2,52,Medium
29,25-31 years,Female,Student,Graduate,5-6 hours,3,1-3 days,8 hours or more,5,2-3 cups,Sometimes,Sometimes,3,2,2,2,2,3,2,2,3,1,2,2,2,2,2,2,2,2,2,2,49,Medium
22,18-24 years,Female,Student,Higher Secondary,5-6 hours,2,1-3 days,6-7 hours,4,1-2 cups,Sometimes,Never,4,4,3,1,1,4,4,3,2,2,3,2,2,1,4,4,1,2,1,2,31,Low
24,18-24 years,Female,Student,Undergraduate,5-6 hours,3,1-3 days,5-6 hours,3,1-2 cups,Often,Often,3,3,2,3,3,3,3,3,3,3,3,3,3,3,2,3,2,2,2,2,49,Medium
24,18-24 years,Female,Student,Graduate,7-8 hours,3,1-3 days,5-6 hours,5,0 cup,Sometimes,Sometimes,4,2,2,1,2,4,3,3,4,2,3,3,4,2,4,3,2,3,2,3,43,Medium
37,32-38 years,Male,Working,Postgraduate,5-6 hours,3,Never,Less than 5 hours,4,1-2 cups,Sometimes,Sometimes,3,3,2,1,3,4,2,2,4,4,4,4,4,4,4,3,4,4,4,4,52,Medium
23,18-24 years,Female,Student,Undergraduate,5-6 hours,3,3-5 days,5-6 hours,5,1-2 cups,Often,Sometimes,2,3,3,4,2,4,3,4,4,2,3,3,2,2,2,3,3,3,3,2,48,Medium
25,25-31 years,Male,Working,Graduate,5-6 hours,3,1-3 days,6-7 hours,3,1-2 cups,Often,Sometimes,3,3,2,2,3,3,3,3,2,4,1,2,4,3,2,1,4,2,3,3,56,Medium
35,32-38 years,Male,Both,Graduate,5-6 hours,4,1-3 days,Less than 5 hours,2,0 cup,Often,Sometimes,4,4,2,1,1,1,3,3,1,4,3,2,4,4,4,4,3,3,4,3,47,Medium
25,25-31 years,Male,Other,Graduate,7-8 hours,4,3-5 days,8 hours or more,5,2-3 cups,Always,Rarely,4,4,4,2,4,4,4,4,4,3,3,4,2,1,4,4,4,3,3,3,39,Low
22,18-24 years,Female,Student,Higher Secondary,Less than 5 hours,1,more than 5 days,8 hours or more,1,0 cup,Always,Often,1,1,1,1,1,1,1,1,1,1,1,1,1,1,1,1,1,1,1,1,53,Medium
24,18-24 years,Female,Student,Undergraduate,7-8 hours,3,1-3 days,8 hours or more,5,1-2 cups,Always,Rarely,2,2,2,3,2,2,2,2,4,3,3,2,3,3,3,2,2,1,1,1,54,Medium
22,18-24 years,Male,Student,Higher Secondary,5-6 hours,3,Never,6-7 hours,3,2-3 cups,Sometimes,Rarely,4,3,2,3,2,2,3,3,2,3,2,2,3,2,3,3,2,2,2,2,47,Medium
25,25-31 years,Female,Student,Undergraduate,7-8 hours,4,3-5 days,5-6 hours,4,1-2 cups,Often,Sometimes,3,3,4,1,2,2,3,4,4,3,2,3,3,4,2,2,3,3,3,2,51,Medium
24,18-24 years,Female,Student,Undergraduate,7-8 hours,5,3-5 days,5-6 hours,3,1-2 cups,Often,Often,3,3,3,1,1,3,1,1,3,3,3,3,3,3,1,1,4,3,4,4,54,Medium
29,25-31 years,Male,Working,Graduate,5-6 hours,3,3-5 days,Less than 5 hours,3,1-2 cups,Always,Never,2,2,2,2,2,2,2,2,2,4,4,2,4,4,1,4,4,2,2,2,56,Medium
24,18-24 years,Female,Student,Higher Secondary,5-6 hours,5,Never,Less than 5 hours,5,2-3 cups,Often,Never,1,2,3,2,2,3,2,2,3,2,2,3,3,2,3,2,2,2,4,2,52,Medium
25,25-31 years,Female,Working,Graduate,5-6 hours,3,1-3 days,8 hours or more,4,1-2 cups,Often,Sometimes,3,4,3,2,3,4,4,4,2,4,3,2,3,2,3,3,3,3,2,2,44,Medium
23,18-24 years,Female,Student,Graduate,5-6 hours,3,Never,5-6 hours,3,1-2 cups,Often,Rarely,3,2,3,1,4,4,4,3,3,3,2,1,2,3,3,3,3,2,2,2,48,Medium
23,18-24 years,Female,Student,Undergraduate,5-6 hours,3,1-3 days,8 hours or more,5,2-3 cups,Sometimes,Rarely,4,3,4,2,1,4,4,3,3,2,3,2,4,1,4,3,1,1,1,2,35,Low
30,25-31 years,Male,Working,Graduate,Less than 5 hours,2,1-3 days,5-6 hours,4,2-3 cups,Always,Sometimes,4,3,4,2,3,4,3,3,3,4,2,3,3,2,3,2,2,2,3,3,45,Medium
26,25-31 years,Female,Student,Undergraduate,5-6 hours,3,1-3 days,8 hours or more,5,1-2 cups,Sometimes,Often,4,2,4,1,1,4,4,4,4,2,3,1,1,3,1,2,4,1,1,2,42,Medium
28,25-31 years,Female,Working,Graduate,5-6 hours,4,1-3 days,Less than 5 hours,2,1-2 cups,Sometimes,Sometimes,3,3,2,1,4,3,2,2,3,3,2,2,2,1,1,2,2,4,3,3,53,Medium
25,25-31 years,Male,Student,Undergraduate,7-8 hours,3,Never,6-7 hours,4,2-3 cups,Always,Rarely,3,3,2,3,3,2,3,2,3,3,3,2,3,3,2,3,2,3,2,3,52,Medium
50,Above 38 years,Female,Working,Graduate,5-6 hours,4,3-5 days,8 hours or more,4,2-3 cups,Sometimes,Sometimes,3,1,2,4,2,3,3,4,2,3,4,2,4,1,3,2,3,3,3,1,52,Medium
22,18-24 years,Female,Student,Graduate,5-6 hours,3,3-5 days,5-6 hours,3,1-2 cups,Sometimes,Sometimes,3,2,2,3,2,2,3,3,3,2,3,3,3,2,3,2,3,3,2,3,49,Medium
25,25-31 years,Male,Student,Graduate,5-6 hours,3,1-3 days,5-6 hours,3,1-2 cups,Often,Sometimes,2,2,2,4,2,1,4,3,2,2,4,1,4,3,2,3,2,2,1,1,52,Medium
23,18-24 years,Male,Working,Undergraduate,7-8 hours,5,3-5 days,Less than 5 hours,4,more than 3 cups,Sometimes,Often,4,2,1,3,2,2,2,2,2,2,2,2,2,2,2,3,2,3,2,2,51,Medium
55,Above 38 years,Male,Working,Graduate,5-6 hours,5,more than 5 days,6-7 hours,4,2-3 cups,Sometimes,Often,2,2,3,2,4,1,3,2,3,4,1,3,2,2,1,4,1,3,2,1,55,Medium
24,18-24 years,Female,Student,Undergraduate,7-8 hours,4,Never,6-7 hours,3,1-2 cups,Sometimes,Rarely,3,4,3,2,3,4,4,3,2,3,3,3,4,2,2,3,2,2,3,3,43,Medium
24,18-24 years,Female,Student,Higher Secondary,7-8 hours,3,more than 5 days,Less than 5 hours,5,0 cup,Always,Often,4,4,1,4,4,4,4,4,4,1,1,4,4,4,4,1,1,2,2,2,48,Medium
24,18-24 years,Male,Student,Undergraduate,5-6 hours,4,Never,8 hours or more,2,1-2 cups,Sometimes,Rarely,2,2,3,1,2,2,2,2,1,3,4,2,2,1,2,3,2,2,1,2,44,Medium
24,18-24 years,Female,Student,Undergraduate,7-8 hours,3,3-5 days,8 hours or more,3,1-2 cups,Sometimes,Sometimes,2,2,3,2,2,2,3,2,2,2,2,2,2,2,2,2,2,2,2,2,49,Medium
28,25-31 years,Female,Other,Graduate,5-6 hours,3,Never,Less than 5 hours,2,0 cup,Sometimes,Sometimes,3,2,2,1,2,4,4,4,4,2,2,2,2,1,1,3,2,4,2,2,46,Medium
24,18-24 years,Male,Student,Undergraduate,7-8 hours,3,Never,6-7 hours,4,more than 3 cups,Sometimes,Sometimes,3,3,2,1,1,3,2,4,2,3,2,2,3,2,2,1,2,3,2,3,47,Medium
23,18-24 years,Male,Student,Undergraduate,Less than 5 hours,2,3-5 days,6-7 hours,3,1-2 cups,Sometimes,Sometimes,4,2,3,2,3,2,3,4,3,3,3,4,4,2,2,3,2,3,2,2,47,Medium
24,18-24 years,Female,Student,Undergraduate,7-8 hours,3,Never,Less than 5 hours,3,1-2 cups,Often,Rarely,4,2,3,1,2,4,3,3,2,3,2,2,3,1,3,2,2,3,2,2,44,Medium
19,18-24 years,Male,Student,Higher Secondary,5-6 hours,4,1-3 days,8 hours or more,2,0 cup,Sometimes,Often,2,1,2,1,2,3,1,3,1,3,1,1,2,1,1,2,2,3,1,2,52,Medium
25,25-31 years,Male,Student,Undergraduate,7-8 hours,5,Never,8 hours or more,3,0 cup,Sometimes,Often,4,3,3,2,2,3,2,3,1,3,2,2,4,1,2,2,2,2,3,2,47,Medium
45,Above 38 years,Male,Working,Postgraduate,5-6 hours,5,more than 5 days,6-7 hours,3,more than 3 cups,Often,Often,4,2,2,2,2,2,3,2,2,2,2,2,2,3,2,2,3,2,2,2,50,Medium
24,18-24 years,Female,Student,Undergraduate,5-6 hours,3,1-3 days,6-7 hours,3,1-2 cups,Often,Rarely,3,2,2,3,2,4,2,3,2,2,3,2,4,2,2,3,1,2,2,3,46,Medium
31,25-31 years,Female,Working,Undergraduate,7-8 hours,4,more than 5 days,Less than 5 hours,2,1-2 cups,Rarely,Often,1,1,2,3,4,1,1,2,3,3,1,2,4,3,2,1,3,3,4,2,69,High
23,18-24 years,Female,Student,Undergraduate,7-8 hours,4,1-3 days,5-6 hours,2,1-2 cups,Rarely,Sometimes,2,2,3,2,2,2,3,3,2,2,2,2,2,2,3,3,3,3,3,3,48,Medium
38,32-38 years,Male,Working,Graduate,5-6 hours,4,1-3 days,6-7 hours,3,2-3 cups,Sometimes,Sometimes,2,3,3,2,2,3,2,3,4,2,2,3,2,3,2,3,2,2,2,3,47,Medium
24,18-24 years,Male,Student,Undergraduate,7-8 hours,4,1-3 days,6-7 hours,3,more than 3 cups,Sometimes,Rarely,3,2,3,3,2,1,1,1,2,2,3,1,2,3,3,1,3,1,3,2,55,Medium
26,25-31 years,Male,Student,Undergraduate,7-8 hours,4,more than 5 days,Less than 5 hours,2,1-2 cups,Rarely,Often,1,2,2,3,3,1,2,1,3,3,1,1,3,4,1,1,2,2,4,2,67,High
18,18-24 years,Female,Student,Higher Secondary,5-6 hours,4,1-3 days,Less than 5 hours,3,1-2 cups,Sometimes,Often,2,3,3,3,3,3,2,2,2,2,3,2,2,2,2,2,4,3,2,2,52,Medium
24,18-24 years,Male,Other,Higher Secondary,Less than 5 hours,3,3-5 days,5-6 hours,3,1-2 cups,Rarely,Sometimes,4,3,2,1,2,3,3,3,3,3,1,3,4,2,2,1,1,2,1,2,47,Medium
17,Below 18 years,Female,Student,Higher Secondary,Less than 5 hours,2,Never,8 hours or more,4,more than 3 cups,Always,Rarely,3,3,4,1,2,3,4,3,2,2,3,3,1,1,3,3,2,1,2,4,33,Low
21,18-24 years,Male,Student,Graduate,5-6 hours,2,1-3 days,8 hours or more,3,1-2 cups,Sometimes,Sometimes,2,3,4,2,2,2,2,3,2,2,2,2,2,2,2,2,2,2,2,2,47,Medium
26,25-31 years,Female,Student,Undergraduate,7-8 hours,4,Never,5-6 hours,4,1-2 cups,Rarely,Rarely,4,3,2,1,2,4,4,3,4,2,4,1,1,1,3,3,1,1,1,2,36,Low
24,18-24 years,Female,Student,Undergraduate,5-6 hours,3,more than 5 days,5-6 hours,4,1-2 cups,Sometimes,Sometimes,3,3,3,4,2,1,3,1,1,2,2,2,2,1,2,1,2,2,1,2,49,Medium
34,32-38 years,Male,Working,Graduate,5-6 hours,3,1-3 days,5-6 hours,3,2-3 cups,Sometimes,Sometimes,2,3,3,2,2,3,2,2,2,2,3,2,3,3,2,3,3,3,2,2,50,Medium
24,18-24 years,Female,Student,Postgraduate,5-6 hours,4,Never,6-7 hours,3,1-2 cups,Often,Sometimes,3,2,2,2,2,3,2,2,1,2,3,1,3,3,1,3,2,1,2,2,49,Medium
23,18-24 years,Female,Student,Undergraduate,5-6 hours,4,3-5 days,Less than 5 hours,5,1-2 cups,Sometimes,Rarely,3,3,4,1,2,4,4,4,4,3,3,2,4,2,4,2,1,4,1,4,40,Medium
20,18-24 years,Male,Student,Undergraduate,7-8 hours,3,1-3 days,6-7 hours,2,1-2 cups,Often,Often,2,2,2,3,2,3,3,3,2,3,2,1,4,2,1,2,2,2,3,2,55,Medium
26,25-31 years,Female,Both,Undergraduate,5-6 hours,4,1-3 days,8 hours or more,2,2-3 cups,Rarely,Often,4,2,2,3,3,3,1,2,1,2,1,2,4,3,2,2,3,2,2,2,55,Medium
19,18-24 years,Male,Student,Undergraduate,5-6 hours,2,Never,8 hours or more,3,0 cup,Rarely,Rarely,2,2,1,2,2,3,4,4,4,1,2,4,4,3,1,4,4,2,3,1,52,Medium
21,18-24 years,Male,Student,Higher Secondary,5-6 hours,5,1-3 days,6-7 hours,4,more than 3 cups,Sometimes,Sometimes,4,4,4,4,3,3,3,3,3,3,4,4,3,3,3,3,2,3,3,3,44,Medium
32,32-38 years,Male,Working,Graduate,7-8 hours,5,3-5 days,Less than 5 hours,2,1-2 cups,Rarely,Often,1,2,1,3,3,1,2,2,4,4,1,1,4,3,2,2,3,4,3,1,70,High
23,18-24 years,Male,Student,Higher Secondary,5-6 hours,3,1-3 days,5-6 hours,3,1-2 cups,Rarely,Rarely,2,2,2,2,2,2,3,4,4,4,1,4,2,4,4,2,4,4,4,4,55,Medium
23,18-24 years,Male,Both,Undergraduate,5-6 hours,3,1-3 days,6-7 hours,2,0 cup,Often,Sometimes,3,2,2,2,3,3,4,3,2,2,1,3,2,3,3,2,2,3,3,3,48,Medium
43,Above 38 years,Male,Working,Undergraduate,9 hours or more,3,1-3 days,6-7 hours,3,2-3 cups,Sometimes,Sometimes,2,3,2,3,2,4,2,3,3,1,2,2,3,2,3,3,3,2,2,2,48,Medium
21,18-24 years,Male,Student,Higher Secondary,Less than 5 hours,2,Never,8 hours or more,4,more than 3 cups,Always,Rarely,3,3,4,1,2,3,3,4,2,2,3,4,2,1,3,3,1,2,1,3,33,Low
36,32-38 years,Male,Working,Undergraduate,5-6 hours,3,1-3 days,5-6 hours,3,2-3 cups,Often,Sometimes,2,1,2,3,3,2,2,1,2,3,3,4,2,2,3,3,2,3,3,4,51,Medium
23,18-24 years,Male,Student,Undergraduate,7-8 hours,4,3-5 days,6-7 hours,3,1-2 cups,Sometimes,Rarely,3,4,4,2,2,4,3,4,4,4,4,1,3,1,4,4,3,4,3,4,42,Medium
23,18-24 years,Female,Student,Undergraduate,5-6 hours,3,1-3 days,5-6 hours,3,0 cup,Often,Sometimes,2,3,2,2,3,2,4,2,2,1,2,2,3,4,2,3,3,2,3,3,51,Medium
25,25-31 years,Female,Student,Undergraduate,Less than 5 hours,3,Never,6-7 hours,2,2-3 cups,Often,Rarely,3,4,4,1,3,4,2,3,4,2,2,3,4,3,1,2,2,2,3,3,48,Medium
25,25-31 years,Female,Student,Graduate,7-8 hours,5,Never,5-6 hours,2,1-2 cups,Often,Sometimes,4,2,4,3,2,4,2,1,1,2,3,1,4,1,4,3,3,4,3,4,46,Medium
23,18-24 years,Female,Student,Undergraduate,7-8 hours,5,1-3 days,5-6 hours,3,0 cup,Sometimes,Rarely,3,2,2,1,2,4,3,4,2,4,2,2,2,3,2,2,2,2,2,2,47,Medium
27,25-31 years,Male,Student,Undergraduate,5-6 hours,2,1-3 days,5-6 hours,3,0 cup,Often,Sometimes,1,2,2,3,4,3,2,2,3,3,3,2,2,3,2,2,3,2,2,2,57,Medium
24,18-24 years,Female,Student,Undergraduate,Less than 5 hours,1,Never,8 hours or more,4,more than 3 cups,Always,Rarely,4,3,3,2,1,3,3,4,2,2,3,4,2,1,3,3,1,2,1,3,33,Low
24,18-24 years,Female,Student,Undergraduate,5-6 hours,3,3-5 days,5-6 hours,4,1-2 cups,Often,Rarely,2,2,3,3,2,2,3,2,2,2,3,3,2,2,2,2,3,3,2,2,50,Medium
25,25-31 years,Female,Student,Undergraduate,5-6 hours,3,1-3 days,5-6 hours,4,1-2 cups,Sometimes,Sometimes,4,2,2,4,3,3,2,2,3,1,2,3,2,2,3,2,3,2,2,2,50,Medium
31,25-31 years,Male,Both,Graduate,7-8 hours,4,more than 5 days,Less than 5 hours,2,1-2 cups,Rarely,Often,1,2,2,3,4,1,1,3,4,4,2,2,3,2,1,2,4,3,3,1,67,High
35,32-38 years,Female,Working,Postgraduate,7-8 hours,4,1-3 days,5-6 hours,5,2-3 cups,Always,Never,4,4,4,3,2,2,2,2,1,4,2,2,2,4,4,4,4,3,3,3,48,Medium
22,18-24 years,Female,Student,Undergraduate,5-6 hours,2,Never,6-7 hours,3,1-2 cups,Sometimes,Rarely,2,3,3,2,2,3,2,4,4,2,2,3,3,2,2,3,2,2,3,1,49,Medium
34,32-38 years,Male,Working,Graduate,7-8 hours,4,1-3 days,8 hours or more,4,more than 3 cups,Always,Sometimes,3,3,4,1,3,2,4,1,1,3,2,2,3,4,2,3,1,1,3,2,47,Medium
23,18-24 years,Male,Both,Graduate,7-8 hours,4,3-5 days,8 hours or more,4,0 cup,Often,Rarely,3,2,1,4,3,2,2,2,4,3,4,2,4,2,3,1,2,1,3,2,57,Medium
25,25-31 years,Male,Student,Undergraduate,Less than 5 hours,3,Never,8 hours or more,3,1-2 cups,Always,Rarely,3,3,2,1,2,2,3,2,3,2,2,3,3,3,2,3,3,3,3,2,51,Medium
24,18-24 years,Female,Student,Undergraduate,Less than 5 hours,1,3-5 days,5-6 hours,5,0 cup,Always,Often,4,4,3,1,4,4,3,3,4,3,4,4,4,1,3,2,3,4,4,4,45,Medium
23,18-24 years,Male,Student,Higher Secondary,7-8 hours,3,more than 5 days,Less than 5 hours,3,2-3 cups,Often,Often,4,2,3,2,3,4,3,3,2,3,2,4,4,3,3,2,3,3,3,2,49,Medium
25,25-31 years,Female,Student,Graduate,5-6 hours,3,Never,Less than 5 hours,5,1-2 cups,Sometimes,Rarely,3,1,3,3,2,2,3,3,4,3,3,2,2,1,4,1,3,4,4,3,53,Medium
25,25-31 years,Female,Both,Undergraduate,5-6 hours,4,more than 5 days,8 hours or more,4,2-3 cups,Always,Sometimes,3,2,4,1,2,2,3,3,3,4,3,3,3,2,1,1,1,1,1,1,47,Medium
24,18-24 years,Female,Student,Undergraduate,5-6 hours,4,3-5 days,6-7 hours,3,1-2 cups,Often,Sometimes,3,2,2,2,3,3,3,3,2,2,3,3,3,1,3,1,3,2,3,1,49,Medium
23,18-24 years,Male,Student,Undergraduate,5-6 hours,4,3-5 days,8 hours or more,4,1-2 cups,Always,Rarely,3,2,3,3,3,2,4,2,4,4,3,2,3,3,2,2,4,2,4,3,57,Medium
22,18-24 years,Male,Student,Undergraduate,7-8 hours,3,1-3 days,6-7 hours,5,0 cup,Often,Sometimes,3,3,3,3,3,3,4,4,2,2,3,3,3,2,3,3,2,1,3,4,40,Medium
42,Above 38 years,Male,Working,Postgraduate,7-8 hours,4,more than 5 days,Less than 5 hours,2,1-2 cups,Sometimes,Often,2,1,1,4,4,2,1,1,4,4,1,1,3,3,1,2,1,3,4,1,71,High
32,32-38 years,Female,Other,Graduate,5-6 hours,3,3-5 days,Less than 5 hours,3,1-2 cups,Rarely,Sometimes,4,2,2,2,3,2,2,3,2,2,3,2,4,2,2,2,2,2,2,2,50,Medium
23,18-24 years,Female,Student,Undergraduate,7-8 hours,5,1-3 days,Less than 5 hours,2,1-2 cups,Sometimes,Sometimes,2,2,2,4,2,2,2,2,2,2,2,2,3,2,2,2,2,2,2,2,54,Medium
22,18-24 years,Male,Both,Undergraduate,Less than 5 hours,2,Never,6-7 hours,4,more than 3 cups,Often,Never,4,3,3,1,1,3,2,4,1,2,4,4,2,1,3,3,1,1,1,3,30,Low
23,18-24 years,Male,Both,Higher Secondary,5-6 hours,4,1-3 days,8 hours or more,1,2-3 cups,Sometimes,Sometimes,4,2,2,1,2,3,2,3,2,2,3,4,4,1,4,3,3,3,2,3,42,Medium
25,25-31 years,Male,Student,Undergraduate,7-8 hours,4,more than 5 days,Less than 5 hours,2,1-2 cups,Always,Sometimes,3,3,4,4,4,4,4,4,2,2,3,3,3,2,2,3,3,3,1,2,44,Medium
25,25-31 years,Male,Student,Undergraduate,7-8 hours,3,Never,5-6 hours,4,2-3 cups,Often,Often,4,3,3,1,1,1,4,4,4,4,1,4,4,1,4,4,3,3,3,3,44,Medium
23,18-24 years,Male,Working,Graduate,Less than 5 hours,3,Never,Less than 5 hours,3,more than 3 cups,Always,Often,3,3,3,3,3,3,3,3,3,3,3,3,3,3,3,3,3,3,3,3,49,Medium
21,18-24 years,Male,Student,Undergraduate,Less than 5 hours,2,Never,8 hours or more,4,1-2 cups,Always,Sometimes,4,4,4,1,1,4,4,4,3,2,3,4,3,1,1,3,3,3,2,3,36,Low
24,18-24 years,Male,Student,Higher Secondary,5-6 hours,4,1-3 days,6-7 hours,5,1-2 cups,Sometimes,Often,4,3,3,1,3,4,2,2,3,3,3,3,3,1,3,2,3,4,2,4,45,Medium
21,18-24 years,Male,Student,Undergraduate,5-6 hours,4,3-5 days,Less than 5 hours,3,1-2 cups,Always,Sometimes,2,1,2,4,4,4,2,2,1,4,1,1,4,4,1,2,2,2,4,2,64,High
25,25-31 years,Male,Student,Undergraduate,5-6 hours,3,1-3 days,5-6 hours,3,0 cup,Often,Sometimes,2,2,3,2,2,4,2,3,3,2,3,2,3,3,2,2,3,2,1,2,49,Medium
22,18-24 years,Male,Student,Higher Secondary,Less than 5 hours,1,Never,8 hours or more,4,more than 3 cups,Always,Rarely,3,4,4,2,2,3,3,3,1,1,3,4,1,1,2,3,1,2,1,3,32,Low
34,32-38 years,Male,Working,Graduate,7-8 hours,2,1-3 days,6-7 hours,3,0 cup,Often,Sometimes,2,3,2,2,4,3,2,2,3,2,3,2,3,2,3,3,4,2,1,2,51,Medium
22,18-24 years,Male,Student,Higher Secondary,7-8 hours,3,more than 5 days,8 hours or more,1,0 cup,Often,Often,3,3,3,2,3,2,4,3,3,3,2,2,2,2,2,2,2,2,2,3,47,Medium
21,18-24 years,Male,Student,Higher Secondary,5-6 hours,4,more than 5 days,6-7 hours,4,0 cup,Sometimes,Rarely,4,2,2,2,3,2,2,4,2,2,2,1,3,1,3,2,3,2,2,3,48,Medium
35,32-38 years,Female,Working,Graduate,7-8 hours,5,3-5 days,Less than 5 hours,2,1-2 cups,Rarely,Often,1,1,2,3,3,2,1,2,4,3,2,2,3,3,1,2,4,3,1,2,64,High
43,Above 38 years,Male,Working,Graduate,5-6 hours,3,3-5 days,5-6 hours,4,1-2 cups,Sometimes,Sometimes,2,2,1,3,3,2,4,3,3,2,1,2,3,4,3,2,2,3,2,2,56,Medium
29,25-31 years,Male,Working,Graduate,7-8 hours,3,1-3 days,5-6 hours,3,0 cup,Often,Sometimes,2,1,2,3,2,3,2,3,3,3,4,3,2,4,2,2,3,3,2,2,54,Medium
19,18-24 years,Female,Student,Higher Secondary,5-6 hours,3,Never,6-7 hours,4,0 cup,Rarely,Never,4,3,2,1,2,4,3,3,1,1,4,4,2,1,2,4,3,4,2,3,36,Low
30,25-31 years,Male,Working,Graduate,7-8 hours,4,3-5 days,5-6 hours,3,2-3 cups,Often,Sometimes,2,1,1,3,4,2,1,1,3,4,1,1,3,3,1,1,4,3,3,3,70,High
22,18-24 years,Female,Student,Undergraduate,7-8 hours,3,Never,8 hours or more,4,1-2 cups,Always,Often,3,3,3,3,3,3,3,3,3,3,3,3,3,3,3,3,3,3,3,3,49,Medium
23,18-24 years,Female,Student,Undergraduate,7-8 hours,4,3-5 days,5-6 hours,2,0 cup,Often,Sometimes,2,2,2,4,4,4,3,2,4,2,3,3,2,2,1,1,2,1,1,3,51,Medium
24,18-24 years,Male,Both,Undergraduate,5-6 hours,3,1-3 days,Less than 5 hours,3,0 cup,Sometimes,Sometimes,3,1,2,2,3,3,1,2,2,3,2,2,3,1,2,2,2,2,2,3,52,Medium
24,18-24 years,Female,Student,Undergraduate,7-8 hours,3,Never,8 hours or more,5,0 cup,Sometimes,Sometimes,3,3,2,2,2,3,3,3,2,1,2,2,2,2,2,2,2,2,2,2,45,Medium
25,25-31 years,Male,Working,Undergraduate,5-6 hours,2,1-3 days,8 hours or more,3,1-2 cups,Often,Sometimes,3,2,3,2,1,2,3,3,3,3,3,3,2,1,2,2,2,2,3,3,45,Medium
45,Above 38 years,Female,Working,Graduate,5-6 hours,5,more than 5 days,Less than 5 hours,3,1-2 cups,Sometimes,Rarely,2,1,2,4,4,4,2,1,3,4,4,1,4,4,2,1,4,2,4,2,66,High
22,18-24 years,Female,Both,Undergraduate,5-6 hours,3,Never,Less than 5 hours,3,1-2 cups,Sometimes,Sometimes,4,3,3,4,3,2,2,4,2,2,3,3,4,4,1,2,3,3,1,3,51,Medium
24,18-24 years,Female,Working,Graduate,5-6 hours,2,3-5 days,6-7 hours,4,1-2 cups,Often,Rarely,3,3,3,2,1,4,4,3,1,3,4,2,2,1,3,3,1,1,1,3,33,Low
24,18-24 years,Female,Student,Undergraduate,7-8 hours,4,3-5 days,6-7 hours,3,2-3 cups,Sometimes,Rarely,3,2,4,1,2,3,3,4,2,3,3,3,4,2,2,2,3,2,2,2,45,Medium
25,25-31 years,Male,Student,Undergraduate,9 hours or more,3,1-3 days,6-7 hours,3,2-3 cups,Often,Sometimes,2,4,2,3,2,3,2,3,1,1,2,3,3,2,3,3,2,2,3,2,45,Medium
25,25-31 years,Female,Student,Graduate,7-8 hours,4,3-5 days,5-6 hours,4,0 cup,Sometimes,Sometimes,3,2,2,1,3,2,1,1,3,4,2,1,3,3,2,2,4,3,3,2,62,High
44,Above 38 years,Female,Working,Graduate,7-8 hours,4,3-5 days,5-6 hours,2,1-2 cups,Sometimes,Often,1,2,2,3,3,2,1,1,3,4,1,1,3,3,1,2,4,4,2,2,68,High
19,18-24 years,Male,Student,Higher Secondary,9 hours or more,2,1-3 days,5-6 hours,3,0 cup,Often,Often,2,2,2,3,4,3,2,2,1,2,3,2,3,3,4,2,3,3,2,1,54,Medium
17,Below 18 years,Female,Student,Higher Secondary,Less than 5 hours,2,Never,8 hours or more,4,more than 3 cups,Always,Rarely,4,3,3,1,2,3,3,3,1,2,4,4,2,2,3,4,1,2,2,2,34,Low
70,Above 38 years,Female,Working,Postgraduate,7-8 hours,4,Never,Less than 5 hours,4,0 cup,Sometimes,Never,2,2,2,2,2,2,2,2,2,3,2,1,1,2,2,2,2,1,1,1,51,Medium
26,25-31 years,Male,Student,Graduate,5-6 hours,4,1-3 days,5-6 hours,2,2-3 cups,Often,Often,2,3,2,2,3,2,1,3,4,3,2,2,2,3,2,2,3,2,3,3,56,Medium
26,25-31 years,Male,Working,Graduate,7-8 hours,5,1-3 days,5-6 hours,2,2-3 cups,Sometimes,Sometimes,2,1,2,3,3,1,2,1,4,4,1,1,4,3,1,2,4,3,3,1,71,High
31,25-31 years,Male,Working,Undergraduate,5-6 hours,3,1-3 days,5-6 hours,3,0 cup,Often,Often,2,3,2,3,2,2,3,2,3,2,3,2,3,2,3,2,3,2,3,2,52,Medium
22,18-24 years,Female,Student,Undergraduate,5-6 hours,4,3-5 days,5-6 hours,3,1-2 cups,Sometimes,Sometimes,3,2,2,3,2,3,2,2,1,2,2,2,3,1,3,3,2,2,3,3,47,Medium
24,18-24 years,Female,Student,Undergraduate,7-8 hours,3,3-5 days,5-6 hours,4,1-2 cups,Often,Often,2,4,3,2,1,2,1,2,2,2,2,1,2,2,2,2,1,2,2,1,49,Medium
35,32-38 years,Male,Working,Graduate,5-6 hours,3,3-5 days,5-6 hours,3,0 cup,Often,Sometimes,2,2,3,3,2,3,3,3,3,2,2,3,3,2,1,3,2,2,3,2,50,Medium
23,18-24 years,Female,Student,Undergraduate,7-8 hours,4,Never,8 hours or more,3,0 cup,Rarely,Rarely,2,2,3,2,1,3,4,3,1,2,4,3,2,2,3,4,3,1,1,3,36,Low
22,18-24 years,Female,Both,Higher Secondary,Less than 5 hours,3,1-3 days,5-6 hours,3,1-2 cups,Often,Sometimes,2,2,3,3,2,2,3,2,3,2,2,1,2,2,2,3,2,2,3,2,52,Medium
19,18-24 years,Female,Student,Higher Secondary,5-6 hours,3,Never,6-7 hours,3,1-2 cups,Sometimes,Never,3,4,4,2,1,4,3,3,1,1,4,3,2,3,2,2,2,3,2,2,38,Low
25,25-31 years,Male,Student,Graduate,7-8 hours,3,1-3 days,5-6 hours,3,0 cup,Sometimes,Sometimes,3,2,2,2,2,3,2,2,1,3,3,2,3,3,2,2,3,2,2,3,50,Medium
31,25-31 years,Male,Working,Undergraduate,Less than 5 hours,2,Never,Less than 5 hours,2,more than 3 cups,Often,Rarely,3,3,3,1,3,3,4,3,2,3,3,4,1,2,3,3,1,2,2,3,37,Low
52,Above 38 years,Male,Working,Undergraduate,5-6 hours,3,1-3 days,5-6 hours,3,1-2 cups,Often,Sometimes,2,3,2,3,2,3,2,3,3,2,3,2,2,4,3,2,3,2,2,2,51,Medium
26,25-31 years,Female,Student,Graduate,7-8 hours,2,1-3 days,5-6 hours,3,1-2 cups,Often,Sometimes,2,3,2,1,2,3,3,2,1,2,3,2,1,2,2,3,2,2,3,3,43,Medium
24,18-24 years,Female,Student,Undergraduate,5-6 hours,3,1-3 days,5-6 hours,3,0 cup,Sometimes,Often,3,2,3,2,3,2,2,1,2,3,2,1,3,1,2,2,1,1,2,1,52,Medium
29,25-31 years,Female,Both,Graduate,5-6 hours,4,1-3 days,6-7 hours,2,1-2 cups,Often,Sometimes,2,4,1,2,3,2,3,2,3,2,3,2,2,3,1,3,3,2,3,2,53,Medium
37,32-38 years,Male,Working,Graduate,5-6 hours,4,1-3 days,5-6 hours,2,1-2 cups,Often,Sometimes,2,2,3,2,2,4,1,2,3,3,3,2,2,3,3,2,2,2,3,3,50,Medium
24,18-24 years,Female,Student,Undergraduate,5-6 hours,2,1-3 days,5-6 hours,3,0 cup,Sometimes,Sometimes,2,1,1,3,4,3,2,2,3,2,3,2,3,3,2,2,2,2,2,3,56,Medium
23,18-24 years,Male,Student,Undergraduate,5-6 hours,3,1-3 days,6-7 hours,2,0 cup,Often,Often,3,2,2,3,3,4,3,1,2,3,3,3,2,3,3,3,3,3,1,2,49,Medium
23,18-24 years,Female,Student,Undergraduate,7-8 hours,4,1-3 days,6-7 hours,3,0 cup,Rarely,Never,4,3,3,1,2,4,3,2,1,1,4,3,2,2,3,4,3,3,3,4,36,Low
42,Above 38 years,Female,Working,Graduate,5-6 hours,2,1-3 days,6-7 hours,2,0 cup,Sometimes,Sometimes,2,1,3,2,3,2,2,3,2,3,2,2,3,2,2,2,3,2,3,2,55,Medium
20,18-24 years,Male,Student,Higher Secondary,5-6 hours,3,1-3 days,5-6 hours,4,0 cup,Often,Rarely,2,4,3,3,2,2,2,2,3,3,4,2,3,3,3,2,2,3,2,1,52,Medium
18,18-24 years,Male,Student,Higher Secondary,5-6 hours,3,1-3 days,5-6 hours,3,0 cup,Sometimes,Sometimes,3,2,2,2,3,2,2,1,1,2,2,2,3,1,2,2,3,2,2,2,52,Medium
18,18-24 years,Female,Student,Higher Secondary,7-8 hours,5,1-3 days,Less than 5 hours,1,1-2 cups,Rarely,Often,3,4,2,4,2,4,2,2,3,2,3,3,2,3,2,3,4,3,2,3,49,Medium
25,25-31 years,Male,Student,Undergraduate,5-6 hours,3,1-3 days,6-7 hours,4,1-2 cups,Often,Rarely,2,3,4,2,4,2,3,1,1,4,2,2,4,4,4,1,4,4,4,2,60,High
24,18-24 years,Male,Student,Undergraduate,5-6 hours,3,1-3 days,Less than 5 hours,2,1-2 cups,Always,Rarely,2,2,2,3,3,2,1,3,4,2,1,2,2,1,2,1,1,2,2,2,55,Medium
24,18-24 years,Female,Student,Undergraduate,5-6 hours,3,3-5 days,Less than 5 hours,4,2-3 cups,Often,Often,3,2,3,3,2,2,3,3,2,3,2,2,3,2,3,2,3,3,3,2,52,Medium
25,25-31 years,Male,Student,Graduate,7-8 hours,2,Never,6-7 hours,4,0 cup,Often,Rarely,4,3,3,2,3,4,3,2,4,3,4,2,4,3,1,3,3,2,3,4,49,Medium
25,25-31 years,Male,Student,Graduate,5-6 hours,3,1-3 days,5-6 hours,2,1-2 cups,Sometimes,Sometimes,2,3,3,4,3,2,3,2,3,3,1,4,4,4,4,3,1,3,3,3,53,Medium
18,18-24 years,Male,Student,Higher Secondary,5-6 hours,4,more than 5 days,8 hours or more,5,1-2 cups,Rarely,Rarely,2,4,2,1,3,2,3,3,2,2,4,1,3,1,1,1,1,4,3,3,49,Medium
25,25-31 years,Female,Student,Graduate,5-6 hours,3,more than 5 days,8 hours or more,3,1-2 cups,Sometimes,Rarely,3,3,3,2,3,2,2,2,2,2,2,2,2,2,2,2,2,2,2,3,48,Medium
25,25-31 years,Male,Student,Graduate,7-8 hours,4,1-3 days,8 hours or more,2,0 cup,Rarely,Never,3,1,2,1,3,2,2,1,2,3,2,3,3,1,3,1,2,2,2,1,53,Medium
24,18-24 years,Female,Student,Graduate,5-6 hours,3,1-3 days,5-6 hours,4,1-2 cups,Sometimes,Rarely,4,2,3,1,2,4,3,3,2,2,3,2,2,2,2,2,2,2,2,2,42,Medium
24,18-24 years,Male,Student,Undergraduate,5-6 hours,3,1-3 days,Less than 5 hours,3,1-2 cups,Rarely,Often,2,2,2,2,2,2,3,2,2,2,2,2,2,3,3,2,3,2,2,2,51,Medium
35,32-38 years,Male,Working,Undergraduate,5-6 hours,3,1-3 days,5-6 hours,3,0 cup,Often,Sometimes,1,2,2,3,2,2,3,1,2,2,3,3,4,3,4,3,2,2,2,3,50,Medium
24,18-24 years,Male,Student,Undergraduate,5-6 hours,2,1-3 days,5-6 hours,3,0 cup,Often,Sometimes,4,3,2,2,3,2,1,2,2,3,3,3,2,3,2,3,2,3,3,2,51,Medium
24,18-24 years,Female,Student,Undergraduate,Less than 5 hours,2,Never,6-7 hours,5,0 cup,Often,Never,4,2,3,1,2,3,3,3,2,2,3,3,3,1,3,3,2,1,1,2,38,Low
33,32-38 years,Male,Working,Graduate,9 hours or more,4,1-3 days,5-6 hours,3,0 cup,Sometimes,Sometimes,1,2,2,3,3,3,3,3,3,2,2,2,3,2,2,3,2,1,2,2,51,Medium
17,Below 18 years,Male,Student,Higher Secondary,5-6 hours,2,Never,6-7 hours,3,0 cup,Sometimes,Sometimes,3,3,3,2,1,3,3,2,2,2,3,1,2,3,2,3,2,3,2,2,46,Medium
55,Above 38 years,Male,Other,Undergraduate,5-6 hours,4,1-3 days,6-7 hours,4,1-2 cups,Often,Often,3,3,4,2,3,3,1,2,3,2,2,3,3,3,2,3,3,3,3,3,51,Medium
23,18-24 years,Female,Student,Undergraduate,7-8 hours,3,1-3 days,5-6 hours,3,0 cup,Sometimes,Rarely,3,1,2,2,2,3,3,2,2,2,3,2,3,1,3,3,2,3,2,3,46,Medium
32,32-38 years,Male,Working,Graduate,5-6 hours,3,1-3 days,5-6 hours,2,2-3 cups,Often,Often,1,2,3,3,3,2,2,3,2,3,3,2,2,2,3,3,3,3,2,2,52,Medium
21,18-24 years,Male,Student,Higher Secondary,9 hours or more,4,Never,6-7 hours,3,2-3 cups,Sometimes,Rarely,3,1,2,3,3,2,2,3,3,2,3,2,3,2,3,2,3,3,3,2,55,Medium
24,18-24 years,Female,Student,Undergraduate,7-8 hours,5,3-5 days,Less than 5 hours,2,1-2 cups,Rarely,Often,1,2,2,3,3,1,1,2,3,4,1,2,4,4,1,1,3,3,2,1,69,High
24,18-24 years,Male,Student,Undergraduate,7-8 hours,3,Never,5-6 hours,3,1-2 cups,Sometimes,Rarely,3,3,3,3,3,3,3,3,3,3,3,3,3,3,3,3,3,3,3,3,49,Medium
23,18-24 years,Female,Student,Undergraduate,5-6 hours,4,1-3 days,5-6 hours,3,0 cup,Sometimes,Sometimes,2,1,2,1,2,2,1,1,3,2,2,2,2,1,2,3,3,1,2,2,52,Medium
22,18-24 years,Male,Student,Undergraduate,5-6 hours,3,1-3 days,5-6 hours,3,1-2 cups,Sometimes,Sometimes,2,3,2,3,2,2,2,3,2,1,3,4,3,2,2,2,1,1,1,2,44,Medium
37,32-38 years,Female,Working,Undergraduate,5-6 hours,3,3-5 days,6-7 hours,2,1-2 cups,Often,Often,3,2,3,2,2,1,2,3,2,1,2,3,2,1,3,3,2,3,3,2,46,Medium
23,18-24 years,Female,Student,Undergraduate,7-8 hours,4,Never,6-7 hours,3,0 cup,Rarely,Never,4,3,4,1,2,3,3,3,1,2,2,3,2,1,2,4,2,1,2,3,35,Low
28,25-31 years,Male,Working,Graduate,7-8 hours,5,3-5 days,5-6 hours,3,2-3 cups,Rarely,Sometimes,2,1,1,2,3,2,1,1,4,4,1,1,4,3,1,2,4,2,4,1,71,High
25,25-31 years,Male,Student,Undergraduate,Less than 5 hours,1,Never,8 hours or more,5,more than 3 cups,Always,Rarely,3,4,3,2,1,3,4,3,2,1,3,3,1,1,3,3,1,2,2,3,33,Low
21,18-24 years,Male,Student,Higher Secondary,5-6 hours,3,1-3 days,5-6 hours,3,1-2 cups,Sometimes,Sometimes,2,2,3,3,3,2,2,3,3,2,2,3,2,3,3,2,2,3,3,3,52,Medium
23,18-24 years,Female,Student,Undergraduate,7-8 hours,5,3-5 days,6-7 hours,3,1-2 cups,Sometimes,Sometimes,2,2,2,4,4,2,2,2,2,2,2,2,2,2,2,2,2,2,2,2,55,Medium
24,18-24 years,Female,Student,Undergraduate,7-8 hours,4,Never,Less than 5 hours,3,0 cup,Sometimes,Sometimes,4,3,4,1,4,4,2,2,4,4,2,2,4,3,4,2,2,3,2,4,49,Medium
26,25-31 years,Male,Both,Undergraduate,Less than 5 hours,2,1-3 days,6-7 hours,5,more than 3 cups,Always,Rarely,3,2,3,2,2,3,3,4,2,3,4,3,2,2,3,3,3,1,3,3,41,Medium
21,18-24 years,Female,Student,Higher Secondary,7-8 hours,4,3-5 days,5-6 hours,2,0 cup,Sometimes,Often,2,1,2,3,4,2,1,1,4,4,2,1,4,3,1,2,4,3,3,1,71,High
24,18-24 years,Female,Student,Undergraduate,9 hours or more,4,1-3 days,6-7 hours,3,1-2 cups,Often,Rarely,2,1,3,3,2,1,2,3,2,3,2,3,2,2,3,2,2,3,3,2,53,Medium
31,25-31 years,Male,Working,Undergraduate,5-6 hours,2,Never,5-6 hours,2,2-3 cups,Sometimes,Rarely,1,2,2,3,2,3,2,4,2,1,1,2,3,3,2,2,2,2,2,2,52,Medium
42,Above 38 years,Male,Working,Postgraduate,7-8 hours,4,3-5 days,Less than 5 hours,2,1-2 cups,Sometimes,Often,1,2,2,3,3,2,2,1,4,4,2,1,3,2,1,1,3,3,2,1,66,High
24,18-24 years,Female,Student,Undergraduate,7-8 hours,4,3-5 days,5-6 hours,3,0 cup,Rarely,Sometimes,2,1,1,3,3,2,1,1,3,4,1,2,3,3,1,1,4,3,4,1,71,High
37,32-38 years,Male,Working,Undergraduate,5-6 hours,2,1-3 days,5-6 hours,4,1-2 cups,Often,Rarely,2,1,2,2,3,3,4,3,4,1,2,3,2,2,2,2,2,2,2,2,49,Medium
21,18-24 years,Female,Student,Higher Secondary,5-6 hours,2,1-3 days,5-6 hours,3,1-2 cups,Often,Sometimes,2,1,3,2,2,3,4,3,2,2,3,3,2,2,2,2,3,2,2,2,46,Medium
25,25-31 years,Male,Both,Undergraduate,9 hours or more,2,Never,6-7 hours,4,2-3 cups,Often,Sometimes,1,1,3,3,4,2,2,1,2,2,3,3,2,2,2,3,2,2,3,2,54,Medium
34,32-38 years,Female,Working,Undergraduate,7-8 hours,4,1-3 days,6-7 hours,2,2-3 cups,Often,Sometimes,1,2,3,3,2,1,4,3,1,2,2,2,3,2,1,2,2,2,2,2,51,Medium
41,Above 38 years,Male,Working,Graduate,7-8 hours,3,3-5 days,5-6 hours,3,1-2 cups,Always,Sometimes,1,2,2,3,3,2,1,2,2,3,2,2,2,1,1,2,3,2,1,2,56,Medium
17,Below 18 years,Male,Student,Higher Secondary,Less than 5 hours,3,Never,6-7 hours,3,more than 3 cups,Always,Rarely,1,3,2,2,2,3,4,3,1,2,4,3,2,2,3,3,2,2,2,2,41,Medium
18,18-24 years,Male,Student,Higher Secondary,7-8 hours,4,Never,8 hours or more,3,0 cup,Rarely,Rarely,4,3,4,1,2,3,3,3,1,2,4,3,2,1,3,3,2,1,2,3,33,Low
25,25-31 years,Female,Both,Undergraduate,9 hours or more,2,3-5 days,5-6 hours,3,2-3 cups,Often,Sometimes,2,3,3,3,2,2,2,3,2,2,3,2,3,3,3,2,2,3,3,2,51,Medium
22,18-24 years,Female,Student,Undergraduate,9 hours or more,2,1-3 days,6-7 hours,2,1-2 cups,Often,Rarely,3,3,2,1,3,2,1,2,2,2,3,2,3,2,2,3,2,2,3,2,50,Medium
20,18-24 years,Male,Student,Higher Secondary,5-6 hours,4,1-3 days,5-6 hours,2,1-2 cups,Often,Sometimes,2,4,2,3,3,2,2,2,3,2,3,2,3,2,2,2,2,2,2,2,52,Medium
26,25-31 years,Female,Working,Undergraduate,9 hours or more,2,Never,6-7 hours,2,1-2 cups,Often,Rarely,3,4,2,2,1,2,3,3,2,2,3,2,3,2,3,2,3,2,3,3,45,Medium
32,32-38 years,Male,Working,Graduate,7-8 hours,5,more than 5 days,5-6 hours,2,1-2 cups,Sometimes,Often,1,2,2,3,3,1,2,2,4,3,1,2,3,3,1,3,1,2,2,3,59,Medium
31,25-31 years,Male,Working,Graduate,7-8 hours,5,3-5 days,Less than 5 hours,3,2-3 cups,Sometimes,Sometimes,2,1,1,4,4,1,1,1,3,3,1,1,4,2,2,1,1,3,3,1,69,High
21,18-24 years,Female,Student,Higher Secondary,5-6 hours,3,3-5 days,Less than 5 hours,2,2-3 cups,Sometimes,Rarely,2,3,2,2,2,3,3,2,3,1,3,1,1,2,2,1,1,2,3,3,47,Medium
31,25-31 years,Male,Working,Undergraduate,5-6 hours,2,1-3 days,6-7 hours,3,1-2 cups,Often,Sometimes,3,2,2,3,3,2,2,3,3,2,1,2,3,3,3,2,2,3,2,2,55,Medium
18,18-24 years,Female,Student,Higher Secondary,5-6 hours,2,Never,6-7 hours,2,0 cup,Often,Rarely,1,4,3,2,3,3,2,2,3,2,1,2,3,3,2,2,2,3,3,2,55,Medium
35,32-38 years,Male,Working,Graduate,5-6 hours,3,1-3 days,5-6 hours,3,1-2 cups,Often,Sometimes,2,3,1,2,2,2,3,3,3,2,2,2,3,3,2,2,2,2,3,2,53,Medium
22,18-24 years,Female,Student,Undergraduate,5-6 hours,4,3-5 days,5-6 hours,3,2-3 cups,Sometimes,Sometimes,3,2,2,1,2,3,2,3,1,2,2,2,3,1,2,2,3,1,2,2,46,Medium
18,18-24 years,Male,Student,Higher Secondary,5-6 hours,2,Never,6-7 hours,2,0 cup,Often,Sometimes,2,2,3,2,1,2,3,3,2,2,3,2,2,3,2,2,2,2,2,2,47,Medium
22,18-24 years,Female,Student,Undergraduate,Less than 5 hours,2,Never,8 hours or more,4,more than 3 cups,Always,Never,3,4,4,2,2,3,3,3,1,2,3,3,2,2,3,4,1,2,2,3,35,Low
24,18-24 years,Male,Student,Undergraduate,5-6 hours,4,1-3 days,6-7 hours,3,2-3 cups,Often,Rarely,3,2,2,3,3,2,2,2,3,2,3,1,3,4,3,3,2,3,2,2,55,Medium
17,Below 18 years,Male,Student,Higher Secondary,7-8 hours,4,more than 5 days,Less than 5 hours,2,0 cup,Rarely,Often,2,1,1,3,3,2,1,2,3,3,2,1,4,3,2,2,4,4,3,1,68,High
40,Above 38 years,Female,Working,Graduate,7-8 hours,4,3-5 days,Less than 5 hours,3,2-3 cups,Sometimes,Often,2,1,1,3,3,2,1,1,3,3,1,1,3,2,2,1,4,2,3,1,67,High
25,25-31 years,Male,Both,Undergraduate,Less than 5 hours,3,1-3 days,6-7 hours,5,more than 3 cups,Always,Rarely,3,2,3,3,2,4,3,3,3,2,3,3,2,1,3,3,2,1,2,2,41,Medium
20,18-24 years,Male,Student,Higher Secondary,5-6 hours,4,more than 5 days,5-6 hours,3,1-2 cups,Sometimes,Sometimes,3,1,2,2,2,3,2,2,1,2,3,2,4,2,2,3,4,2,2,1,52,Medium
21,18-24 years,Male,Student,Higher Secondary,Less than 5 hours,2,Never,8 hours or more,5,1-2 cups,Often,Rarely,4,3,4,1,2,4,3,2,1,1,3,3,2,1,3,3,1,1,1,3,31,Low
34,32-38 years,Male,Working,Graduate,5-6 hours,3,1-3 days,5-6 hours,2,1-2 cups,Often,Sometimes,2,2,3,3,2,3,2,3,2,3,2,3,2,4,3,1,2,3,3,2,53,Medium
21,18-24 years,Male,Both,Higher Secondary,5-6 hours,4,1-3 days,6-7 hours,3,1-2 cups,Sometimes,Sometimes,4,2,2,1,2,3,3,2,1,2,3,2,2,1,3,3,2,1,2,2,40,Medium
24,18-24 years,Female,Student,Undergraduate,5-6 hours,3,3-5 days,5-6 hours,3,1-2 cups,Sometimes,Sometimes,3,2,2,2,2,2,2,1,2,2,3,2,2,1,2,2,3,2,2,3,49,Medium
47,Above 38 years,Male,Working,Graduate,7-8 hours,5,3-5 days,Less than 5 hours,3,1-2 cups,Always,Sometimes,2,1,1,3,4,1,1,1,4,3,1,1,4,2,1,1,3,3,3,1,72,High
22,18-24 years,Female,Student,Undergraduate,5-6 hours,1,Never,8 hours or more,5,more than 3 cups,Often,Sometimes,4,2,2,1,2,3,3,3,2,1,4,3,1,2,3,3,1,1,1,3,34,Low
51,Above 38 years,Male,Working,Graduate,5-6 hours,1,1-3 days,5-6 hours,4,1-2 cups,Always,Rarely,3,2,3,2,1,3,2,3,2,2,2,2,1,1,3,2,1,1,2,2,41,Medium
55,Above 38 years,Male,Working,Graduate,5-6 hours,4,more than 5 days,5-6 hours,3,1-2 cups,Always,Rarely,3,2,2,2,3,2,2,1,3,3,2,2,2,1,1,2,4,2,3,1,58,Medium
58,Above 38 years,Male,Working,Graduate,5-6 hours,3,more than 5 days,6-7 hours,4,1-2 cups,Always,Sometimes,2,2,3,2,3,2,2,3,3,3,2,2,3,2,1,2,2,2,3,2,55,Medium
21,18-24 years,Male,Student,Higher Secondary,5-6 hours,2,1-3 days,5-6 hours,2,1-2 cups,Often,Rarely,1,2,2,3,3,2,2,3,2,2,3,2,2,3,4,3,2,2,3,3,50,Medium
39,Above 38 years,Male,Working,Graduate,Less than 5 hours,2,Never,8 hours or more,4,more than 3 cups,Sometimes,Rarely,3,4,4,2,3,3,4,1,2,2,3,3,2,1,2,3,3,2,1,4,39,Low
22,18-24 years,Female,Student,Undergraduate,5-6 hours,3,1-3 days,5-6 hours,3,0 cup,Rarely,Rarely,3,2,2,2,2,3,3,3,1,2,3,2,2,1,3,3,2,1,2,2,41,Medium
42,Above 38 years,Male,Working,Graduate,5-6 hours,4,more than 5 days,Less than 5 hours,3,1-2 cups,Sometimes,Sometimes,2,1,1,4,4,1,1,1,4,4,1,1,4,3,1,2,4,2,4,1,75,High
35,32-38 years,Male,Working,Undergraduate,5-6 hours,2,1-3 days,5-6 hours,4,1-2 cups,Sometimes,Sometimes,2,3,2,2,2,3,3,3,2,3,2,2,3,2,3,2,3,2,2,2,49,Medium
17,Below 18 years,Female,Student,Higher Secondary,5-6 hours,3,Never,6-7 hours,4,1-2 cups,Often,Sometimes,2,2,1,1,2,3,3,2,3,3,2,2,3,2,3,2,3,2,3,2,53,Medium
46,Above 38 years,Male,Working,Graduate,5-6 hours,3,1-3 days,5-6 hours,2,2-3 cups,Often,Sometimes,3,4,2,3,1,2,2,3,3,2,2,3,2,3,2,3,2,3,1,2,47,Medium
19,18-24 years,Male,Student,Higher Secondary,Less than 5 hours,2,1-3 days,8 hours or more,4,more than 3 cups,Always,Never,3,4,3,2,2,4,4,2,1,2,3,3,1,2,3,4,2,2,1,3,34,Low
29,25-31 years,Male,Working,Undergraduate,9 hours or more,4,1-3 days,5-6 hours,2,1-2 cups,Often,Rarely,2,3,4,3,3,3,2,2,3,2,3,2,3,1,2,3,2,2,3,2,49,Medium
27,25-31 years,Male,Working,Undergraduate,7-8 hours,3,1-3 days,6-7 hours,3,1-2 cups,Often,Sometimes,4,2,3,3,2,1,2,2,3,2,3,2,3,2,2,3,3,4,3,2,54,Medium
35,32-38 years,Male,Working,Undergraduate,9 hours or more,3,1-3 days,6-7 hours,3,1-2 cups,Sometimes,Never,1,3,3,4,4,3,3,2,2,2,3,2,3,2,2,3,2,2,2,2,51,Medium
29,25-31 years,Female,Working,Graduate,7-8 hours,3,1-3 days,6-7 hours,3,2-3 cups,Often,Often,3,3,4,3,3,2,4,3,2,3,2,3,4,3,4,3,3,3,3,4,47,Medium
37,32-38 years,Male,Working,Undergraduate,5-6 hours,3,1-3 days,6-7 hours,3,2-3 cups,Often,Sometimes,2,2,3,3,2,3,3,1,3,3,4,3,2,2,2,3,2,2,2,2,48,Medium
25,25-31 years,Male,Student,Undergraduate,Less than 5 hours,2,Never,8 hours or more,4,2-3 cups,Always,Rarely,4,3,3,1,1,3,3,3,2,1,3,4,1,2,4,3,2,1,2,4,31,Low
42,Above 38 years,Male,Working,Postgraduate,7-8 hours,4,3-5 days,5-6 hours,2,0 cup,Sometimes,Often,1,2,2,4,3,1,2,1,3,4,2,2,4,4,1,2,3,3,3,1,69,High
35,32-38 years,Male,Working,Undergraduate,5-6 hours,3,1-3 days,5-6 hours,3,0 cup,Often,Sometimes,1,2,3,3,2,2,3,4,2,3,2,1,3,3,2,2,3,2,3,2,55,Medium
22,18-24 years,Female,Student,Undergraduate,9 hours or more,2,1-3 days,6-7 hours,3,0 cup,Often,Rarely,2,3,2,3,4,2,2,3,3,2,1,2,3,3,2,2,3,2,3,2,58,Medium
24,18-24 years,Male,Student,Undergraduate,7-8 hours,4,more than 5 days,5-6 hours,3,0 cup,Sometimes,Often,1,2,2,3,4,2,1,1,3,4,2,1,3,4,2,1,3,3,3,1,69,High
32,32-38 years,Male,Working,Graduate,5-6 hours,3,1-3 days,5-6 hours,3,0 cup,Often,Sometimes,2,1,3,2,3,4,2,3,2,3,2,3,2,2,2,3,3,2,2,2,49,Medium
24,18-24 years,Male,Student,Undergraduate,5-6 hours,3,1-3 days,6-7 hours,4,1-2 cups,Often,Rarely,1,4,4,3,2,2,3,2,2,3,1,2,3,3,2,3,2,3,3,2,53,Medium
21,18-24 years,Male,Student,Higher Secondary,9 hours or more,3,1-3 days,5-6 hours,3,2-3 cups,Sometimes,Rarely,2,4,1,2,3,2,3,3,2,2,3,3,2,2,2,3,2,3,2,2,47,Medium
35,32-38 years,Male,Working,Graduate,7-8 hours,2,1-3 days,6-7 hours,4,1-2 cups,Sometimes,Rarely,1,2,2,4,3,3,1,2,3,2,3,2,3,2,2,3,2,3,2,3,55,Medium
29,25-31 years,Male,Student,Graduate,5-6 hours,2,1-3 days,5-6 hours,4,1-2 cups,Sometimes,Rarely,1,3,2,1,3,3,2,2,3,2,3,2,2,3,2,2,2,3,2,1,53,Medium
19,18-24 years,Female,Student,Higher Secondary,9 hours or more,2,1-3 days,6-7 hours,3,0 cup,Often,Rarely,1,2,2,3,2,3,2,2,3,2,3,2,3,4,2,3,2,3,2,2,55,Medium
28,25-31 years,Male,Both,Graduate,7-8 hours,2,1-3 days,6-7 hours,2,0 cup,Often,Rarely,3,1,2,3,4,3,2,2,3,2,1,2,3,3,2,3,3,2,3,2,58,Medium
26,25-31 years,Female,Working,Undergraduate,5-6 hours,2,3-5 days,5-6 hours,3,1-2 cups,Often,Sometimes,1,3,3,2,2,4,1,2,3,2,1,4,3,2,3,4,3,2,2,3,47,Medium
46,Above 38 years,Male,Working,Graduate,7-8 hours,2,3-5 days,6-7 hours,2,2-3 cups,Sometimes,Sometimes,1,3,2,2,3,2,3,2,4,4,2,2,1,3,2,1,2,3,2,2,57,Medium
21,18-24 years,Male,Student,Higher Secondary,9 hours or more,2,1-3 days,5-6 hours,3,2-3 cups,Sometimes,Rarely,1,3,2,3,1,2,3,3,2,3,2,4,3,1,1,2,2,2,3,2,50,Medium
24,18-24 years,Female,Student,Undergraduate,7-8 hours,5,3-5 days,5-6 hours,3,0 cup,Sometimes,Sometimes,2,1,2,2,3,2,1,1,3,3,1,1,4,2,2,2,4,2,3,1,65,High
25,25-31 years,Male,Student,Undergraduate,5-6 hours,5,Never,6-7 hours,3,0 cup,Always,Never,4,3,3,1,1,4,3,3,1,3,2,3,3,1,2,2,3,3,3,3,42,Medium
23,18-24 years,Male,Student,Undergraduate,5-6 hours,3,Never,Less than 5 hours,1,more than 3 cups,Sometimes,Never,2,3,1,4,2,3,3,3,4,2,2,1,2,2,3,2,3,2,3,2,54,Medium
25,25-31 years,Female,Both,Undergraduate,5-6 hours,2,Never,6-7 hours,5,1-2 cups,Sometimes,Sometimes,3,2,3,2,2,3,3,2,3,3,2,2,3,2,2,3,4,1,3,1,52,Medium
19,18-24 years,Male,Student,Higher Secondary,7-8 hours,3,Never,8 hours or more,4,0 cup,Often,Never,4,3,4,2,2,4,3,3,1,1,4,3,2,1,3,3,1,1,1,3,30,Low
24,18-24 years,Female,Student,Undergraduate,7-8 hours,4,3-5 days,5-6 hours,3,0 cup,Sometimes,Sometimes,2,1,1,2,3,2,1,2,3,3,2,1,2,2,1,2,4,2,3,1,63,High
36,32-38 years,Male,Working,Graduate,7-8 hours,4,more than 5 days,Less than 5 hours,4,2-3 cups,Often,Sometimes,2,1,1,2,3,2,1,1,3,4,2,1,3,2,2,2,4,2,4,1,66,High
44,Above 38 years,Female,Working,Higher Secondary,7-8 hours,2,more than 5 days,Less than 5 hours,3,1-2 cups,Rarely,Sometimes,2,1,1,2,2,4,4,1,4,4,1,1,4,1,1,2,4,1,4,4,59,Medium
23,18-24 years,Male,Student,Graduate,5-6 hours,5,3-5 days,5-6 hours,3,1-2 cups,Always,Often,3,3,1,2,3,1,2,3,4,4,2,1,4,4,3,3,3,2,3,3,59,Medium
22,18-24 years,Male,Student,Undergraduate,5-6 hours,4,Never,6-7 hours,3,1-2 cups,Often,Often,3,2,3,2,2,3,3,2,2,3,2,3,3,2,3,2,3,3,2,3,48,Medium
25,25-31 years,Male,Student,Graduate,5-6 hours,5,1-3 days,5-6 hours,3,1-2 cups,Always,Sometimes,4,2,2,1,2,2,1,2,1,2,3,2,2,1,2,4,3,2,2,1,46,Medium
29,25-31 years,Male,Both,Undergraduate,7-8 hours,4,Never,Less than 5 hours,3,1-2 cups,Always,Never,2,3,3,1,3,4,3,3,1,2,3,4,3,1,3,3,3,3,1,1,41,Medium
25,25-31 years,Female,Both,Undergraduate,7-8 hours,4,1-3 days,8 hours or more,5,0 cup,Sometimes,Often,3,2,2,2,1,1,1,2,1,3,1,3,3,3,4,3,3,1,3,2,51,Medium
35,32-38 years,Male,Working,Undergraduate,5-6 hours,2,Never,6-7 hours,4,0 cup,Sometimes,Rarely,2,3,2,3,4,1,2,3,3,2,3,3,4,2,1,2,3,1,2,3,54,Medium
19,18-24 years,Male,Student,Higher Secondary,Less than 5 hours,2,Never,8 hours or more,4,more than 3 cups,Always,Rarely,3,3,3,1,2,3,2,4,1,2,3,3,2,2,4,2,2,1,2,3,37,Low
28,25-31 years,Female,Working,Graduate,7-8 hours,4,1-3 days,Less than 5 hours,3,2-3 cups,Sometimes,Sometimes,2,1,2,2,2,2,1,1,2,3,1,1,3,1,2,2,4,2,3,2,60,High
21,18-24 years,Male,Student,Undergraduate,9 hours or more,3,1-3 days,6-7 hours,4,1-2 cups,Sometimes,Sometimes,2,1,3,2,2,3,2,3,2,3,2,2,2,3,3,2,1,2,2,2,49,Medium
25,25-31 years,Male,Student,Higher Secondary,5-6 hours,1,more than 5 days,Less than 5 hours,1,1-2 cups,Always,Often,4,4,4,4,4,4,4,4,4,4,4,4,4,4,4,4,4,4,4,4,47,Medium
39,Above 38 years,Male,Working,Graduate,5-6 hours,2,Never,6-7 hours,2,1-2 cups,Often,Sometimes,2,3,1,2,3,2,2,3,1,2,3,2,2,3,3,3,2,2,2,3,47,Medium
41,Above 38 years,Male,Working,Postgraduate,7-8 hours,1,1-3 days,5-6 hours,4,1-2 cups,Sometimes,Sometimes,4,1,2,2,3,2,2,1,2,3,2,3,2,2,2,3,2,3,3,2,53,Medium
24,18-24 years,Male,Student,Undergraduate,5-6 hours,2,Never,6-7 hours,4,0 cup,Sometimes,Sometimes,1,2,2,3,3,3,4,3,2,3,1,1,1,2,3,3,3,2,3,2,52,Medium
25,25-31 years,Female,Student,Undergraduate,7-8 hours,4,3-5 days,Less than 5 hours,2,0 cup,Sometimes,Often,2,1,2,3,3,1,2,1,4,4,1,2,4,3,2,1,3,3,4,1,70,High
27,25-31 years,Male,Student,Undergraduate,5-6 hours,2,1-3 days,6-7 hours,4,0 cup,Sometimes,Rarely,1,4,3,2,3,2,1,2,3,3,2,2,1,3,2,2,3,2,2,2,54,Medium
23,18-24 years,Female,Student,Undergraduate,7-8 hours,4,3-5 days,5-6 hours,3,0 cup,Rarely,Sometimes,4,1,2,2,3,2,1,1,4,4,1,2,3,3,2,2,4,1,3,1,63,High
36,32-38 years,Male,Working,Graduate,7-8 hours,2,more than 5 days,Less than 5 hours,2,0 cup,Rarely,Often,2,1,2,3,3,1,1,1,3,3,2,2,3,4,2,1,4,4,2,1,68,High
22,18-24 years,Male,Student,Undergraduate,5-6 hours,3,1-3 days,6-7 hours,3,1-2 cups,Sometimes,Sometimes,2,1,2,3,3,2,3,2,3,2,3,2,3,2,3,2,3,2,3,2,55,Medium
39,Above 38 years,Female,Working,Graduate,7-8 hours,3,1-3 days,6-7 hours,2,0 cup,Sometimes,Rarely,1,3,2,3,2,3,3,1,2,2,2,3,2,3,2,3,3,3,3,2,53,Medium
20,18-24 years,Male,Student,Higher Secondary,5-6 hours,3,1-3 days,5-6 hours,3,1-2 cups,Sometimes,Sometimes,4,2,3,1,1,4,3,2,1,2,2,2,2,1,2,3,2,1,2,2,39,Low
27,25-31 years,Male,Student,Graduate,5-6 hours,3,Never,5-6 hours,3,1-2 cups,Often,Sometimes,1,3,2,2,2,2,3,4,3,3,2,2,2,2,3,1,2,3,2,3,50,Medium
51,Above 38 years,Male,Working,Graduate,7-8 hours,4,1-3 days,6-7 hours,3,0 cup,Sometimes,Rarely,2,3,4,2,1,2,3,2,1,2,3,3,3,4,3,2,2,3,2,3,45,Medium
23,18-24 years,Female,Both,Undergraduate,Less than 5 hours,2,3-5 days,6-7 hours,4,2-3 cups,Always,Rarely,4,3,3,2,2,3,3,3,1,2,3,3,2,1,3,4,2,1,2,3,35,Low
26,25-31 years,Male,Both,Undergraduate,5-6 hours,3,1-3 days,6-7 hours,3,1-2 cups,Sometimes,Sometimes,1,2,3,2,3,2,2,3,2,1,2,3,2,3,4,3,3,2,2,2,48,Medium
19,18-24 years,Female,Student,Higher Secondary,9 hours or more,2,Never,6-7 hours,3,1-2 cups,Sometimes,Rarely,1,2,3,3,3,2,2,3,3,2,3,2,2,3,2,2,3,2,3,2,55,Medium
51,Above 38 years,Female,Other,Postgraduate,5-6 hours,4,3-5 days,Less than 5 hours,2,1-2 cups,Sometimes,Rarely,3,4,2,3,2,2,3,2,3,3,2,3,2,3,3,3,2,3,3,3,49,Medium
24,18-24 years,Female,Student,Undergraduate,5-6 hours,4,1-3 days,6-7 hours,4,0 cup,Rarely,Never,4,2,2,4,1,4,2,4,3,2,2,2,3,3,1,4,2,1,2,2,47,Medium
23,18-24 years,Male,Student,Undergraduate,9 hours or more,5,Never,8 hours or more,5,1-2 cups,Sometimes,Never,1,3,3,3,2,4,4,4,3,2,2,3,3,4,4,4,4,2,2,3,45,Medium
23,18-24 years,Male,Student,Undergraduate,5-6 hours,3,Never,8 hours or more,4,more than 3 cups,Always,Rarely,4,2,3,1,2,3,3,3,1,1,3,3,2,1,3,3,1,1,1,3,33,Low
23,18-24 years,Female,Student,Undergraduate,7-8 hours,4,3-5 days,5-6 hours,2,0 cup,Sometimes,Rarely,3,2,2,1,2,1,3,2,3,3,3,3,3,2,2,3,3,3,2,2,51,Medium
24,18-24 years,Female,Both,Undergraduate,5-6 hours,2,Never,8 hours or more,5,more than 3 cups,Often,Rarely,4,3,3,1,2,4,3,2,2,2,2,3,2,1,2,3,3,1,2,2,40,Medium
33,32-38 years,Male,Working,Graduate,5-6 hours,3,3-5 days,6-7 hours,4,more than 3 cups,Always,Never,4,1,2,1,3,3,2,1,3,3,2,2,3,1,2,2,3,1,3,1,54,Medium
18,18-24 years,Male,Student,Higher Secondary,Less than 5 hours,3,Never,8 hours or more,4,more than 3 cups,Sometimes,Sometimes,3,4,4,2,2,3,4,2,2,1,3,3,2,1,3,2,2,1,2,3,36,Low
29,25-31 years,Female,Working,Undergraduate,5-6 hours,2,1-3 days,5-6 hours,3,0 cup,Always,Rarely,2,3,3,3,2,1,2,2,3,3,3,2,2,2,3,3,2,3,2,2,51,Medium
36,32-38 years,Male,Working,Graduate,7-8 hours,2,Never,5-6 hours,4,1-2 cups,Sometimes,Sometimes,1,2,3,3,3,4,3,4,2,1,1,1,2,3,3,2,2,1,3,2,49,Medium
28,25-31 years,Male,Both,Undergraduate,5-6 hours,3,1-3 days,6-7 hours,3,0 cup,Often,Sometimes,3,4,1,2,2,3,2,2,3,3,3,2,3,3,4,1,2,3,3,2,52,Medium
34,32-38 years,Male,Working,Graduate,7-8 hours,3,1-3 days,6-7 hours,3,2-3 cups,Sometimes,Rarely,1,2,3,3,2,4,3,2,2,3,3,2,3,2,2,3,1,2,2,3,47,Medium
44,Above 38 years,Male,Working,Graduate,7-8 hours,4,more than 5 days,Less than 5 hours,3,0 cup,Rarely,Often,1,2,2,3,3,2,1,2,4,4,2,2,3,3,2,1,3,3,3,1,66,High
38,32-38 years,Male,Working,Graduate,5-6 hours,3,1-3 days,6-7 hours,3,2-3 cups,Sometimes,Sometimes,2,1,3,3,4,2,1,2,3,3,2,3,4,3,2,2,1,2,3,3,58,Medium
22,18-24 years,Male,Student,Undergraduate,9 hours or more,3,Never,5-6 hours,2,1-2 cups,Often,Sometimes,1,4,3,2,3,2,1,2,2,3,2,2,2,3,2,2,3,3,2,2,55,Medium
21,18-24 years,Male,Student,Higher Secondary,5-6 hours,3,1-3 days,5-6 hours,3,1-2 cups,Sometimes,Rarely,2,3,2,2,3,3,2,2,3,1,2,2,3,4,3,2,2,1,2,2,51,Medium
31,25-31 years,Male,Working,Undergraduate,5-6 hours,4,1-3 days,6-7 hours,3,0 cup,Often,Sometimes,3,2,2,3,4,3,2,2,1,2,3,4,3,2,3,2,2,2,3,2,49,Medium
25,25-31 years,Male,Student,Undergraduate,5-6 hours,3,1-3 days,6-7 hours,2,1-2 cups,Often,Rarely,2,1,3,3,2,4,3,2,2,1,2,3,2,3,3,3,2,1,2,2,45,Medium
23,18-24 years,Female,Student,Undergraduate,5-6 hours,4,1-3 days,5-6 hours,3,0 cup,Often,Rarely,2,1,2,3,3,4,2,2,3,2,3,2,3,1,2,2,2,1,2,1,52,Medium
18,18-24 years,Female,Student,Higher Secondary,Less than 5 hours,2,Never,8 hours or more,3,0 cup,Always,Rarely,3,3,4,2,2,3,4,3,2,1,3,3,2,2,3,1,2,2,1,3,38,Low
43,Above 38 years,Female,Other,Undergraduate,Less than 5 hours,1,more than 5 days,Less than 5 hours,4,1-2 cups,Sometimes,Sometimes,3,2,3,2,2,2,2,3,4,3,1,1,3,2,2,2,4,1,3,1,57,Medium
27,25-31 years,Female,Other,Undergraduate,5-6 hours,4,Never,Less than 5 hours,3,0 cup,Sometimes,Sometimes,3,1,2,2,2,3,2,1,3,3,1,2,2,1,2,2,2,2,3,2,54,Medium
31,25-31 years,Male,Working,Graduate,5-6 hours,3,1-3 days,5-6 hours,2,0 cup,Sometimes,Rarely,3,2,2,2,3,4,3,2,3,3,2,2,3,2,1,2,3,3,2,1,55,Medium
52,Above 38 years,Female,Working,Graduate,5-6 hours,2,1-3 days,5-6 hours,4,1-2 cups,Often,Sometimes,2,3,4,3,2,3,1,2,2,4,3,2,1,2,3,3,3,2,2,3,47,Medium
22,18-24 years,Male,Student,Higher Secondary,5-6 hours,2,1-3 days,5-6 hours,2,0 cup,Often,Sometimes,3,2,3,4,3,2,3,2,2,1,2,3,3,4,3,2,2,3,2,2,52,Medium
25,25-31 years,Female,Student,Undergraduate,5-6 hours,3,Never,6-7 hours,4,0 cup,Always,Rarely,1,3,4,3,2,2,1,2,2,3,4,3,3,2,2,2,2,3,3,2,52,Medium
41,Above 38 years,Male,Working,Graduate,5-6 hours,5,more than 5 days,Less than 5 hours,2,more than 3 cups,Often,Sometimes,2,1,1,2,4,1,1,1,3,4,1,1,4,3,2,2,4,3,3,1,71,High
29,25-31 years,Female,Other,Undergraduate,5-6 hours,4,3-5 days,Less than 5 hours,2,more than 3 cups,Sometimes,Sometimes,3,1,2,2,2,2,1,1,3,4,1,1,3,1,2,3,4,2,3,1,61,High
22,18-24 years,Male,Student,Higher Secondary,5-6 hours,3,3-5 days,5-6 hours,2,more than 3 cups,Often,Sometimes,4,2,3,1,1,3,2,2,1,2,3,2,2,1,2,3,3,1,2,2,41,Medium
23,18-24 years,Male,Student,Undergraduate,5-6 hours,4,Never,8 hours or more,3,1-2 cups,Sometimes,Rarely,3,2,3,2,2,3,3,2,2,2,3,2,3,2,2,3,2,2,2,3,45,Medium
24,18-24 years,Female,Student,Undergraduate,7-8 hours,4,3-5 days,5-6 hours,3,0 cup,Rarely,Sometimes,4,1,2,1,3,4,1,1,3,3,1,2,2,2,1,2,4,1,3,1,57,Medium
55,Above 38 years,Male,Working,Graduate,5-6 hours,4,3-5 days,Less than 5 hours,3,more than 3 cups,Sometimes,Sometimes,3,1,1,4,2,2,1,1,3,3,1,1,4,2,1,2,4,2,4,1,68,High
47,Above 38 years,Male,Working,Graduate,7-8 hours,5,3-5 days,Less than 5 hours,3,1-2 cups,Often,Sometimes,2,1,2,1,3,2,1,1,3,3,2,2,3,1,1,2,3,2,3,2,59,Medium
24,18-24 years,Male,Both,Undergraduate,5-6 hours,3,1-3 days,8 hours or more,3,1-2 cups,Often,Sometimes,3,2,2,2,2,2,2,2,2,2,2,2,2,2,2,2,2,2,2,2,50,Medium
24,18-24 years,Male,Student,Undergraduate,7-8 hours,4,1-3 days,5-6 hours,3,0 cup,Sometimes,Sometimes,3,1,3,1,1,2,2,2,2,3,2,2,3,1,2,2,2,3,2,2,50,Medium
24,18-24 years,Male,Both,Undergraduate,7-8 hours,3,1-3 days,8 hours or more,3,0 cup,Rarely,Often,2,1,2,2,2,2,3,1,3,3,1,1,3,2,2,2,4,3,3,1,62,High
18,18-24 years,Male,Student,Higher Secondary,7-8 hours,3,Never,8 hours or more,3,0 cup,Rarely,Never,4,2,3,2,1,4,3,2,1,1,3,3,3,1,3,4,2,1,2,3,35,Low
26,25-31 years,Female,Student,Undergraduate,5-6 hours,5,1-3 days,8 hours or more,1,1-2 cups,Sometimes,Sometimes,1,4,4,1,1,1,3,2,3,2,4,1,2,2,3,3,3,1,2,1,45,Medium
24,18-24 years,Female,Student,Undergraduate,5-6 hours,3,1-3 days,8 hours or more,2,1-2 cups,Often,Rarely,2,2,2,3,3,2,3,3,4,2,2,2,4,4,4,2,3,3,3,1,59,Medium
35,32-38 years,Female,Other,Undergraduate,5-6 hours,4,Never,Less than 5 hours,3,1-2 cups,Sometimes,Often,3,1,2,1,2,3,2,1,4,3,2,2,2,2,2,2,3,1,2,2,53,Medium
29,25-31 years,Female,Student,Graduate,5-6 hours,3,1-3 days,8 hours or more,5,1-2 cups,Always,Often,4,2,3,1,2,4,2,2,3,2,3,3,2,1,4,3,2,1,2,4,37,Low
24,18-24 years,Male,Student,Undergraduate,7-8 hours,5,3-5 days,6-7 hours,2,0 cup,Rarely,Never,3,3,3,1,1,4,3,3,1,2,2,2,3,1,2,2,2,3,2,2,42,Medium
29,25-31 years,Male,Working,Graduate,7-8 hours,2,1-3 days,5-6 hours,2,0 cup,Sometimes,Rarely,1,2,3,3,3,3,2,3,2,3,3,2,2,3,3,2,2,3,2,2,52,Medium
24,18-24 years,Female,Both,Undergraduate,5-6 hours,3,1-3 days,5-6 hours,2,0 cup,Sometimes,Rarely,1,2,2,2,3,3,2,3,3,2,2,3,2,2,1,2,2,3,3,3,53,Medium
22,18-24 years,Male,Student,Higher Secondary,7-8 hours,2,Never,6-7 hours,2,0 cup,Sometimes,Rarely,1,2,2,3,3,1,2,2,2,3,3,3,2,1,4,2,2,2,3,2,52,Medium
31,25-31 years,Male,Both,Graduate,7-8 hours,3,1-3 days,5-6 hours,2,1-2 cups,Sometimes,Rarely,1,2,2,3,3,4,2,3,2,2,3,2,2,3,3,2,2,3,2,2,51,Medium
24,18-24 years,Male,Student,Undergraduate,9 hours or more,2,Never,5-6 hours,3,1-2 cups,Often,Sometimes,3,3,2,2,1,2,1,2,2,3,3,4,3,2,3,3,2,2,2,3,45,Medium
28,25-31 years,Male,Student,Higher Secondary,5-6 hours,2,Never,5-6 hours,3,0 cup,Often,Rarely,3,4,3,3,2,2,1,3,2,3,2,1,4,3,2,1,3,3,4,3,57,Medium
29,25-31 years,Female,Both,Undergraduate,7-8 hours,3,Never,Less than 5 hours,3,1-2 cups,Always,Sometimes,4,2,3,1,2,4,3,3,3,2,2,3,2,1,3,3,2,1,2,3,38,Low
21,18-24 years,Female,Student,Undergraduate,5-6 hours,2,1-3 days,6-7 hours,2,2-3 cups,Always,Rarely,2,1,2,4,3,2,1,2,3,2,2,3,2,2,3,2,1,2,1,2,53,Medium
31,25-31 years,Male,Working,Undergraduate,5-6 hours,2,1-3 days,6-7 hours,2,1-2 cups,Sometimes,Rarely,2,2,1,2,3,3,4,3,2,2,1,2,3,4,3,2,2,3,2,3,52,Medium
44,Above 38 years,Female,Working,Graduate,7-8 hours,2,1-3 days,6-7 hours,2,1-2 cups,Sometimes,Rarely,2,4,3,2,2,3,2,4,2,2,4,3,2,2,3,3,4,2,3,4,41,Medium
29,25-31 years,Female,Working,Undergraduate,5-6 hours,2,Never,6-7 hours,2,0 cup,Sometimes,Rarely,1,4,3,2,2,1,3,3,2,1,2,3,2,2,1,2,3,2,3,2,49,Medium
22,18-24 years,Male,Student,Undergraduate,5-6 hours,2,Never,6-7 hours,2,1-2 cups,Often,Rarely,1,2,3,4,3,2,2,3,2,3,4,3,2,2,1,3,4,3,2,2,54,Medium
21,18-24 years,Male,Student,Undergraduate,7-8 hours,2,3-5 days,5-6 hours,2,2-3 cups,Often,Rarely,1,2,3,3,2,2,1,2,3,3,2,2,2,3,4,3,2,2,3,2,54,Medium
24,18-24 years,Male,Student,Undergraduate,Less than 5 hours,2,Never,8 hours or more,3,more than 3 cups,Always,Rarely,2,3,3,2,1,2,1,2,3,4,3,2,1,2,2,3,3,2,1,2,49,Medium
33,32-38 years,Male,Working,Undergraduate,7-8 hours,2,1-3 days,6-7 hours,2,0 cup,Sometimes,Rarely,1,3,4,3,2,2,3,4,2,1,2,2,2,3,3,2,2,1,2,3,44,Medium
39,Above 38 years,Female,Working,Graduate,5-6 hours,5,3-5 days,Less than 5 hours,2,1-2 cups,Often,Often,3,1,3,2,3,2,1,1,3,3,1,1,4,2,2,1,4,3,3,1,65,High
22,18-24 years,Female,Student,Undergraduate,Less than 5 hours,3,1-3 days,5-6 hours,3,1-2 cups,Sometimes,Sometimes,2,2,2,2,2,2,2,2,2,2,2,2,2,2,2,2,2,2,2,2,51,Medium
58,Above 38 years,Male,Working,Postgraduate,7-8 hours,5,3-5 days,5-6 hours,1,1-2 cups,Always,Often,2,2,1,1,1,1,1,3,1,4,4,2,3,3,1,1,1,2,4,3,54,Medium
36,32-38 years,Male,Working,Undergraduate,5-6 hours,2,Never,6-7 hours,4,1-2 cups,Often,Sometimes,2,4,4,3,3,4,2,1,3,4,2,1,2,3,2,3,4,2,1,2,53,Medium
42,Above 38 years,Female,Working,Undergraduate,5-6 hours,2,1-3 days,6-7 hours,4,1-2 cups,Often,Rarely,3,1,2,2,1,1,3,4,3,1,2,3,3,2,2,3,2,2,2,2,47,Medium
28,25-31 years,Male,Both,Graduate,Less than 5 hours,3,1-3 days,5-6 hours,4,1-2 cups,Always,Rarely,4,2,3,1,1,4,3,3,2,2,3,3,2,1,3,3,2,1,3,3,36,Low
26,25-31 years,Male,Student,Undergraduate,5-6 hours,2,1-3 days,6-7 hours,2,1-2 cups,Sometimes,Often,1,2,3,3,3,2,2,1,3,4,3,2,3,2,3,2,3,2,2,2,57,Medium
26,25-31 years,Male,Working,Graduate,5-6 hours,3,Never,Less than 5 hours,4,2-3 cups,Sometimes,Sometimes,2,2,2,2,2,2,2,3,2,3,2,3,2,2,2,2,2,2,2,2,50,Medium
30,25-31 years,Female,Other,Graduate,Less than 5 hours,1,1-3 days,Less than 5 hours,3,0 cup,Always,Rarely,4,3,3,4,1,3,3,2,2,2,2,2,2,1,2,3,2,1,2,4,41,Medium
27,25-31 years,Male,Working,Undergraduate,5-6 hours,2,1-3 days,6-7 hours,4,0 cup,Often,Sometimes,2,3,3,2,2,3,4,2,2,3,3,2,1,2,3,4,3,2,2,2,43,Medium
24,18-24 years,Female,Student,Undergraduate,5-6 hours,3,Never,5-6 hours,2,0 cup,Sometimes,Sometimes,2,2,2,2,3,2,2,4,1,2,1,1,4,3,2,2,4,3,2,2,57,Medium
22,18-24 years,Female,Student,Undergraduate,5-6 hours,3,3-5 days,5-6 hours,3,1-2 cups,Often,Sometimes,4,3,3,1,1,4,3,3,1,2,3,3,2,1,3,3,1,1,3,3,33,Low
25,25-31 years,Female,Student,Undergraduate,5-6 hours,1,1-3 days,5-6 hours,2,1-2 cups,Sometimes,Sometimes,2,4,2,2,4,1,1,1,1,2,2,2,2,2,2,2,2,2,2,4,51,Medium
22,18-24 years,Female,Student,Undergraduate,5-6 hours,3,3-5 days,8 hours or more,3,1-2 cups,Often,Never,4,3,4,1,1,4,3,3,1,1,4,3,2,1,3,4,2,1,1,3,28,Low
22,18-24 years,Female,Student,Undergraduate,5-6 hours,3,1-3 days,5-6 hours,5,0 cup,Often,Sometimes,4,2,3,2,1,4,2,2,4,3,3,2,3,3,2,4,3,2,2,4,46,Medium
22,18-24 years,Male,Student,Undergraduate,5-6 hours,5,more than 5 days,6-7 hours,4,0 cup,Always,Never,3,3,3,1,2,3,3,2,2,2,3,3,2,1,3,3,3,1,2,3,39,Low
41,Above 38 years,Male,Working,Graduate,5-6 hours,4,1-3 days,5-6 hours,2,1-2 cups,Sometimes,Rarely,1,3,3,3,2,2,2,3,3,4,3,3,2,2,3,2,3,4,3,2,54,Medium
25,25-31 years,Female,Student,Graduate,7-8 hours,2,1-3 days,5-6 hours,2,1-2 cups,Sometimes,Sometimes,3,3,3,3,3,3,3,3,3,3,3,3,3,3,3,3,3,3,3,3,49,Medium
53,Above 38 years,Male,Working,Graduate,7-8 hours,2,1-3 days,6-7 hours,2,1-2 cups,Sometimes,Sometimes,2,3,2,1,3,3,2,2,3,3,4,3,2,3,2,1,2,3,2,2,51,Medium
22,18-24 years,Female,Student,Undergraduate,7-8 hours,2,3-5 days,6-7 hours,2,0 cup,Often,Rarely,2,3,4,2,1,2,3,3,3,2,2,3,3,2,2,3,3,2,2,3,45,Medium
24,18-24 years,Female,Both,Undergraduate,5-6 hours,3,Never,Less than 5 hours,3,1-2 cups,Often,Sometimes,3,2,3,2,2,2,3,1,2,2,2,2,2,1,2,2,3,1,2,2,48,Medium
26,25-31 years,Male,Working,Undergraduate,5-6 hours,2,1-3 days,6-7 hours,2,1-2 cups,Sometimes,Rarely,2,3,3,2,1,2,2,2,3,2,3,2,1,2,3,3,2,2,3,2,46,Medium
30,25-31 years,Female,Both,Graduate,5-6 hours,4,3-5 days,Less than 5 hours,4,1-2 cups,Often,Rarely,4,1,2,1,2,3,1,1,3,4,1,1,3,3,1,2,4,2,3,1,62,High
45,Above 38 years,Male,Working,Graduate,5-6 hours,3,3-5 days,Less than 5 hours,3,2-3 cups,Sometimes,Sometimes,4,2,1,1,3,2,1,1,3,3,1,2,3,1,2,2,4,2,3,2,58,Medium
27,25-31 years,Male,Working,Graduate,7-8 hours,5,Never,Less than 5 hours,4,more than 3 cups,Always,Sometimes,1,1,1,4,4,3,1,1,1,4,1,1,4,4,4,4,1,4,4,4,63,High
23,18-24 years,Male,Both,Undergraduate,5-6 hours,2,1-3 days,8 hours or more,4,more than 3 cups,Always,Rarely,4,3,4,1,2,3,3,3,1,2,3,3,2,1,4,3,2,1,2,4,32,Low
25,25-31 years,Female,Student,Undergraduate,7-8 hours,5,3-5 days,Less than 5 hours,2,1-2 cups,Often,Often,3,2,3,2,2,3,2,2,2,2,3,2,2,1,3,3,4,1,2,4,43,Medium
23,18-24 years,Female,Student,Undergraduate,7-8 hours,3,Never,8 hours or more,5,0 cup,Always,Rarely,3,2,3,1,2,3,2,4,1,2,4,3,2,1,4,3,2,1,2,4,34,Low
17,Below 18 years,Male,Student,Higher Secondary,5-6 hours,1,Never,8 hours or more,5,more than 3 cups,Always,Rarely,3,4,3,2,2,3,3,4,2,1,3,4,2,1,3,2,1,2,1,4,33,Low
27,25-31 years,Male,Both,Graduate,Less than 5 hours,3,1-3 days,8 hours or more,5,more than 3 cups,Always,Rarely,3,1,2,1,2,3,1,1,4,3,2,2,3,2,2,2,4,2,3,2,58,Medium
38,32-38 years,Female,Working,Graduate,5-6 hours,2,1-3 days,6-7 hours,2,1-2 cups,Often,Sometimes,1,3,3,2,3,2,2,3,2,3,3,2,2,3,2,2,2,3,3,4,51,Medium
51,Above 38 years,Male,Working,Undergraduate,7-8 hours,2,1-3 days,6-7 hours,2,1-2 cups,Sometimes,Rarely,2,2,3,3,3,2,3,2,3,3,3,3,3,1,2,3,3,3,2,2,52,Medium
25,25-31 years,Male,Student,Undergraduate,5-6 hours,4,more than 5 days,Less than 5 hours,3,more than 3 cups,Rarely,Sometimes,4,3,3,2,3,2,3,2,3,2,3,2,3,2,3,2,3,2,3,2,49,Medium
38,32-38 years,Female,Working,Undergraduate,5-6 hours,2,1-3 days,6-7 hours,4,1-2 cups,Sometimes,Sometimes,2,4,3,3,3,2,2,4,3,2,1,3,2,1,2,2,3,2,3,4,48,Medium
24,18-24 years,Male,Student,Undergraduate,5-6 hours,4,3-5 days,Less than 5 hours,4,2-3 cups,Sometimes,Sometimes,2,1,2,3,2,3,2,2,3,2,2,3,4,2,3,2,3,2,2,2,54,Medium
20,18-24 years,Male,Student,Higher Secondary,7-8 hours,3,1-3 days,6-7 hours,3,0 cup,Rarely,Sometimes,3,3,3,1,1,3,3,2,3,2,2,2,2,1,2,3,2,1,2,2,42,Medium
23,18-24 years,Male,Student,Undergraduate,5-6 hours,2,3-5 days,5-6 hours,3,0 cup,Sometimes,Sometimes,2,1,2,1,2,2,2,2,3,3,2,2,3,1,4,2,4,1,3,2,53,Medium
24,18-24 years,Female,Student,Undergraduate,5-6 hours,2,1-3 days,5-6 hours,2,1-2 cups,Often,Sometimes,2,3,3,2,3,2,3,2,3,4,2,3,2,3,2,3,2,3,3,2,53,Medium
51,Above 38 years,Female,Working,Undergraduate,7-8 hours,2,1-3 days,5-6 hours,2,1-2 cups,Sometimes,Rarely,2,1,3,4,2,2,3,2,1,2,3,2,2,3,4,3,2,2,3,2,49,Medium
42,Above 38 years,Male,Working,Undergraduate,5-6 hours,2,Never,6-7 hours,2,0 cup,Often,Rarely,1,2,3,3,2,2,2,3,3,2,3,2,1,2,3,4,3,3,2,2,49,Medium
24,18-24 years,Male,Student,Undergraduate,7-8 hours,4,more than 5 days,5-6 hours,3,0 cup,Always,Often,3,2,2,2,2,2,1,1,4,2,2,2,4,2,2,2,2,2,2,2,56,Medium
28,25-31 years,Male,Working,Undergraduate,9 hours or more,3,Never,5-6 hours,2,0 cup,Sometimes,Rarely,2,4,3,2,1,2,3,2,3,3,4,2,2,4,3,2,3,3,2,2,49,Medium
25,25-31 years,Male,Both,Undergraduate,Less than 5 hours,2,Never,8 hours or more,2,0 cup,Sometimes,Rarely,4,3,3,2,1,3,4,3,2,3,2,1,3,3,2,3,4,2,1,4,44,Medium
24,18-24 years,Female,Student,Graduate,5-6 hours,3,1-3 days,5-6 hours,3,0 cup,Sometimes,Sometimes,3,2,3,1,3,2,2,2,3,2,3,3,3,1,3,2,2,1,2,2,46,Medium
21,18-24 years,Female,Both,Undergraduate,5-6 hours,3,1-3 days,5-6 hours,3,1-2 cups,Often,Never,4,2,2,4,2,2,2,2,3,1,3,2,2,2,3,3,3,2,2,2,49,Medium
28,25-31 years,Male,Student,Graduate,7-8 hours,3,1-3 days,6-7 hours,3,1-2 cups,Sometimes,Sometimes,2,3,3,3,3,2,1,2,3,2,3,2,2,3,3,3,3,4,3,2,55,Medium
27,25-31 years,Male,Working,Undergraduate,5-6 hours,3,1-3 days,5-6 hours,3,0 cup,Sometimes,Rarely,3,2,2,3,3,2,3,2,3,3,2,2,1,2,3,3,3,3,2,1,53,Medium
29,25-31 years,Male,Both,Undergraduate,7-8 hours,4,Never,6-7 hours,3,1-2 cups,Sometimes,Rarely,2,2,3,4,3,3,2,2,3,3,3,4,3,2,1,2,3,3,2,3,54,Medium
22,18-24 years,Male,Student,Undergraduate,9 hours or more,2,3-5 days,8 hours or more,1,0 cup,Sometimes,Rarely,1,3,3,2,1,3,4,2,1,3,3,2,2,3,3,2,2,3,3,2,47,Medium
32,32-38 years,Male,Working,Postgraduate,5-6 hours,3,1-3 days,8 hours or more,4,1-2 cups,Always,Sometimes,4,1,1,4,4,4,2,4,4,3,3,4,4,1,4,4,4,4,4,4,52,Medium
25,25-31 years,Female,Student,Undergraduate,5-6 hours,3,Never,Less than 5 hours,4,1-2 cups,Rarely,Sometimes,2,4,4,1,3,3,4,4,1,2,3,4,3,1,4,2,1,1,2,4,32,Low
24,18-24 years,Female,Student,Graduate,5-6 hours,3,Never,Less than 5 hours,3,1-2 cups,Sometimes,Often,3,3,3,3,3,3,3,3,3,3,3,3,3,3,3,3,3,3,3,3,49,Medium
24,18-24 years,Female,Student,Undergraduate,7-8 hours,4,Never,5-6 hours,2,1-2 cups,Often,Sometimes,4,3,2,2,2,4,3,2,1,2,2,1,4,2,2,1,1,1,2,2,46,Medium
23,18-24 years,Female,Student,Undergraduate,5-6 hours,3,1-3 days,6-7 hours,3,1-2 cups,Sometimes,Sometimes,2,2,3,3,3,3,3,3,3,3,3,3,3,3,3,3,3,3,3,3,51,Medium
23,18-24 years,Female,Student,Undergraduate,5-6 hours,3,1-3 days,5-6 hours,3,1-2 cups,Often,Sometimes,3,3,3,3,3,3,3,3,3,3,3,3,3,3,3,3,3,3,3,3,49,Medium
26,25-31 years,Male,Student,Undergraduate,7-8 hours,3,1-3 days,5-6 hours,3,2-3 cups,Sometimes,Sometimes,2,2,3,3,3,1,1,3,2,4,4,2,3,2,1,2,2,1,2,1,55,Medium
24,18-24 years,Female,Student,Undergraduate,7-8 hours,4,3-5 days,5-6 hours,3,0 cup,Rarely,Sometimes,4,2,2,1,3,4,1,1,3,3,1,2,3,2,1,2,4,2,3,1,58,Medium
23,18-24 years,Female,Student,Graduate,7-8 hours,3,1-3 days,6-7 hours,4,0 cup,Often,Never,4,4,4,3,1,4,4,4,1,1,4,2,2,1,4,4,2,2,2,4,28,Low
30,25-31 years,Female,Working,Higher Secondary,5-6 hours,5,more than 5 days,Less than 5 hours,3,0 cup,Sometimes,Often,1,1,1,1,3,3,2,3,4,4,1,1,2,4,2,4,1,1,4,1,59,Medium
18,18-24 years,Female,Student,Higher Secondary,7-8 hours,4,1-3 days,6-7 hours,2,0 cup,Rarely,Often,3,1,3,1,2,2,1,2,2,3,2,2,4,2,2,3,4,1,3,2,54,Medium
23,18-24 years,Female,Student,Undergraduate,5-6 hours,3,Never,5-6 hours,3,0 cup,Rarely,Sometimes,3,2,2,1,1,4,2,2,1,2,3,2,3,2,2,3,3,1,3,2,45,Medium
41,Above 38 years,Male,Working,Undergraduate,5-6 hours,3,Never,Less than 5 hours,2,0 cup,Sometimes,Rarely,2,4,2,2,3,4,2,3,4,3,2,3,4,3,2,1,2,3,3,3,54,Medium
18,18-24 years,Female,Student,Higher Secondary,Less than 5 hours,3,Never,8 hours or more,4,more than 3 cups,Often,Sometimes,3,4,3,2,1,3,3,4,2,2,3,3,2,1,3,4,2,2,3,1,38,Low
25,25-31 years,Male,Student,Undergraduate,5-6 hours,3,Never,6-7 hours,4,1-2 cups,Sometimes,Sometimes,2,1,3,3,2,2,1,1,2,3,3,4,3,3,2,2,3,2,1,2,54,Medium
22,18-24 years,Female,Both,Undergraduate,Less than 5 hours,2,1-3 days,8 hours or more,4,more than 3 cups,Always,Rarely,2,3,2,1,3,4,3,2,2,1,3,3,2,1,3,4,2,1,2,4,37,Low
25,25-31 years,Male,Student,Undergraduate,7-8 hours,3,Never,8 hours or more,3,0 cup,Always,Sometimes,3,3,3,3,3,3,3,3,4,3,2,3,3,2,3,2,3,2,3,2,51,Medium
37,32-38 years,Male,Working,Postgraduate,5-6 hours,2,Never,8 hours or more,4,1-2 cups,Sometimes,Sometimes,4,2,1,2,3,3,4,2,2,2,1,2,3,4,3,2,2,2,3,3,51,Medium
21,18-24 years,Female,Student,Undergraduate,7-8 hours,3,Never,6-7 hours,3,0 cup,Sometimes,Sometimes,3,2,3,2,2,3,2,4,2,3,2,2,2,1,4,4,2,1,2,3,40,Medium
25,25-31 years,Female,Both,Undergraduate,Less than 5 hours,2,Never,8 hours or more,5,2-3 cups,Always,Rarely,4,2,3,1,2,4,3,3,2,2,3,3,2,2,3,3,2,1,2,4,36,Low
27,25-31 years,Male,Working,Graduate,7-8 hours,4,1-3 days,6-7 hours,3,1-2 cups,Often,Sometimes,4,2,2,1,2,2,1,2,3,2,2,2,2,1,4,3,3,2,2,2,47,Medium
25,25-31 years,Male,Working,Undergraduate,5-6 hours,2,Never,6-7 hours,4,2-3 cups,Always,Never,3,2,3,2,1,2,3,2,2,2,3,2,2,1,2,3,3,1,2,3,43,Medium
50,Above 38 years,Male,Other,Graduate,7-8 hours,5,more than 5 days,Less than 5 hours,3,1-2 cups,Rarely,Often,3,1,2,1,2,2,1,1,3,4,2,1,3,2,2,2,4,2,3,1,61,High
30,25-31 years,Male,Working,Graduate,5-6 hours,4,1-3 days,5-6 hours,4,1-2 cups,Sometimes,Sometimes,2,1,2,2,3,2,1,1,3,3,1,1,3,2,2,2,3,2,3,2,62,High
26,25-31 years,Female,Both,Undergraduate,5-6 hours,3,Never,5-6 hours,4,0 cup,Rarely,Sometimes,4,2,2,2,2,4,3,2,2,2,2,3,2,2,3,3,2,1,2,2,42,Medium
25,25-31 years,Female,Student,Undergraduate,7-8 hours,4,1-3 days,6-7 hours,3,0 cup,Sometimes,Sometimes,4,2,2,2,3,2,1,2,3,3,2,2,3,1,2,2,4,1,3,1,56,Medium
20,18-24 years,Male,Student,Higher Secondary,7-8 hours,4,Never,5-6 hours,1,0 cup,Rarely,Never,4,3,3,2,1,3,3,3,1,1,4,3,2,1,3,2,2,1,1,2,34,Low
18,18-24 years,Male,Student,Higher Secondary,7-8 hours,3,Never,5-6 hours,4,0 cup,Often,Often,4,2,3,1,2,3,2,2,2,2,2,2,2,2,2,2,2,3,2,2,47,Medium
24,18-24 years,Male,Student,Undergraduate,5-6 hours,3,1-3 days,8 hours or more,4,more than 3 cups,Often,Often,4,2,2,2,2,3,2,3,2,2,3,2,2,3,3,3,3,1,2,2,45,Medium
23,18-24 years,Male,Working,Undergraduate,Less than 5 hours,3,Never,6-7 hours,4,1-2 cups,Always,Rarely,4,2,3,1,2,3,3,3,2,2,3,2,2,1,4,3,2,1,2,4,36,Low
22,18-24 years,Female,Working,Undergraduate,Less than 5 hours,2,Never,6-7 hours,4,2-3 cups,Often,Sometimes,3,3,3,1,2,2,1,4,3,3,2,2,2,1,2,3,4,1,3,3,47,Medium
25,25-31 years,Male,Both,Undergraduate,5-6 hours,4,1-3 days,6-7 hours,3,1-2 cups,Sometimes,Sometimes,3,1,2,2,3,2,1,2,4,3,2,2,4,2,3,2,4,3,2,3,59,Medium
21,18-24 years,Female,Student,Undergraduate,5-6 hours,2,1-3 days,Less than 5 hours,2,1-2 cups,Often,Sometimes,4,2,4,1,3,4,2,2,2,3,2,2,3,1,3,2,3,2,3,1,48,Medium
29,25-31 years,Male,Working,Graduate,7-8 hours,3,Never,8 hours or more,5,more than 3 cups,Often,Sometimes,4,1,2,2,2,2,2,2,4,3,2,3,3,1,3,3,3,1,3,3,50,Medium
22,18-24 years,Male,Student,Undergraduate,5-6 hours,2,1-3 days,5-6 hours,3,0 cup,Often,Often,3,3,3,2,2,3,2,3,2,3,2,2,2,1,3,2,3,3,2,2,47,Medium
21,18-24 years,Female,Student,Undergraduate,7-8 hours,4,1-3 days,8 hours or more,4,1-2 cups,Often,Sometimes,4,3,2,1,2,2,1,1,3,2,2,1,3,2,3,2,3,2,2,2,52,Medium
28,25-31 years,Male,Student,Undergraduate,5-6 hours,1,1-3 days,Less than 5 hours,2,1-2 cups,Always,Often,1,4,3,3,2,2,2,2,4,1,1,1,4,4,2,1,4,2,3,2,61,High
25,25-31 years,Male,Student,Undergraduate,7-8 hours,4,3-5 days,Less than 5 hours,2,0 cup,Sometimes,Often,1,2,2,4,3,2,2,1,3,3,2,2,3,3,2,1,3,3,3,1,65,High
34,32-38 years,Male,Working,Graduate,5-6 hours,3,1-3 days,5-6 hours,4,1-2 cups,Sometimes,Rarely,2,1,2,3,2,3,2,2,2,3,2,1,2,3,2,1,2,3,2,2,57,Medium
21,18-24 years,Male,Student,Undergraduate,5-6 hours,4,1-3 days,8 hours or more,3,1-2 cups,Always,Sometimes,2,2,2,1,2,3,1,1,3,3,3,2,4,1,2,3,3,2,2,3,52,Medium
27,25-31 years,Female,Both,Undergraduate,7-8 hours,4,1-3 days,6-7 hours,2,0 cup,Often,Sometimes,2,3,4,2,1,2,3,4,3,2,2,1,2,3,3,2,2,2,3,3,46,Medium
24,18-24 years,Male,Working,Undergraduate,5-6 hours,2,1-3 days,5-6 hours,2,2-3 cups,Sometimes,Sometimes,2,1,3,4,2,2,3,3,2,1,2,3,2,2,3,4,3,2,2,3,46,Medium
52,Above 38 years,Male,Working,Graduate,7-8 hours,4,3-5 days,6-7 hours,2,2-3 cups,Often,Sometimes,3,3,3,2,3,3,2,3,2,2,2,3,2,2,3,2,2,2,3,2,46,Medium
32,32-38 years,Female,Student,Undergraduate,5-6 hours,3,1-3 days,5-6 hours,4,1-2 cups,Often,Sometimes,1,2,3,3,3,2,2,3,2,2,3,4,3,2,1,2,3,2,3,2,53,Medium
24,18-24 years,Male,Student,Undergraduate,5-6 hours,3,Never,5-6 hours,2,1-2 cups,Often,Sometimes,2,3,3,3,2,1,2,3,3,2,2,3,3,3,3,3,2,2,2,3,49,Medium
35,32-38 years,Male,Working,Graduate,5-6 hours,3,1-3 days,6-7 hours,5,more than 3 cups,Often,Rarely,2,1,1,2,3,1,2,1,3,3,2,2,2,1,4,2,3,1,3,1,57,Medium
25,25-31 years,Male,Student,Undergraduate,7-8 hours,3,1-3 days,5-6 hours,2,1-2 cups,Often,Rarely,1,2,3,3,2,2,3,2,2,3,3,3,2,3,3,1,3,4,3,2,55,Medium
17,Below 18 years,Female,Student,Higher Secondary,5-6 hours,2,Never,5-6 hours,2,0 cup,Often,Sometimes,3,2,1,3,4,2,2,3,2,2,2,3,2,2,3,2,2,3,2,3,51,Medium
26,25-31 years,Female,Both,Undergraduate,5-6 hours,4,Never,5-6 hours,2,0 cup,Sometimes,Rarely,1,3,2,2,4,3,2,2,1,2,3,4,3,3,4,2,3,2,3,3,49,Medium
28,25-31 years,Male,Working,Undergraduate,7-8 hours,4,3-5 days,5-6 hours,2,0 cup,Sometimes,Often,1,2,2,3,3,2,2,2,4,3,2,1,2,3,3,2,2,1,2,3,56,Medium
39,Above 38 years,Male,Working,Undergraduate,5-6 hours,2,1-3 days,5-6 hours,3,0 cup,Sometimes,Sometimes,2,4,3,2,1,2,3,4,3,2,2,3,4,3,2,2,3,3,2,2,49,Medium
37,32-38 years,Male,Working,Undergraduate,5-6 hours,2,1-3 days,5-6 hours,4,0 cup,Often,Often,1,3,3,4,2,3,2,3,3,2,2,3,3,2,2,3,3,2,1,2,50,Medium
47,Above 38 years,Male,Working,Graduate,5-6 hours,3,1-3 days,6-7 hours,2,1-2 cups,Sometimes,Sometimes,1,3,2,3,4,3,2,2,2,3,2,2,3,2,3,2,2,3,3,2,56,Medium
32,32-38 years,Male,Student,Undergraduate,7-8 hours,3,1-3 days,6-7 hours,3,1-2 cups,Sometimes,Rarely,1,2,3,4,3,2,3,2,3,2,3,2,1,2,3,2,2,3,2,3,51,Medium
19,18-24 years,Female,Student,Higher Secondary,5-6 hours,4,1-3 days,6-7 hours,3,1-2 cups,Often,Sometimes,4,2,2,2,2,2,3,2,2,2,2,3,3,2,2,2,3,2,2,2,49,Medium
35,32-38 years,Female,Both,Graduate,7-8 hours,3,3-5 days,6-7 hours,3,1-2 cups,Sometimes,Rarely,1,2,3,2,3,2,2,3,2,3,3,4,3,2,1,3,2,2,2,3,49,Medium
23,18-24 years,Male,Student,Undergraduate,7-8 hours,2,1-3 days,8 hours or more,5,1-2 cups,Always,Sometimes,4,3,4,2,3,4,4,4,2,2,3,3,3,1,2,3,2,1,2,2,37,Low
19,18-24 years,Male,Student,Higher Secondary,Less than 5 hours,2,Never,8 hours or more,4,0 cup,Always,Rarely,3,3,4,2,2,3,3,3,2,1,3,4,1,2,3,4,1,2,2,3,34,Low
36,32-38 years,Male,Working,Undergraduate,7-8 hours,3,1-3 days,6-7 hours,3,1-2 cups,Often,Rarely,2,3,3,2,2,3,3,2,2,3,3,2,2,2,3,3,2,3,2,3,45,Medium
36,32-38 years,Male,Working,Graduate,7-8 hours,4,Never,5-6 hours,2,1-2 cups,Often,Sometimes,1,2,3,3,3,3,2,2,3,3,2,2,3,2,2,3,3,2,2,3,54,Medium
22,18-24 years,Male,Student,Higher Secondary,5-6 hours,2,1-3 days,Less than 5 hours,1,1-2 cups,Often,Sometimes,2,2,3,2,1,2,2,3,2,3,2,3,3,2,4,3,2,3,3,2,48,Medium
23,18-24 years,Female,Student,Undergraduate,7-8 hours,4,3-5 days,5-6 hours,3,0 cup,Sometimes,Sometimes,2,1,1,2,3,2,1,1,3,4,2,1,3,2,1,2,4,3,4,1,68,High
26,25-31 years,Male,Student,Undergraduate,7-8 hours,5,Never,Less than 5 hours,1,0 cup,Sometimes,Never,1,1,1,2,2,2,2,2,2,3,2,2,2,2,2,2,3,2,2,2,56,Medium
25,25-31 years,Male,Student,Graduate,5-6 hours,2,1-3 days,6-7 hours,4,1-2 cups,Sometimes,Never,4,3,3,1,2,4,3,3,1,2,4,3,2,2,3,3,2,1,1,3,33,Low
23,18-24 years,Male,Student,Undergraduate,5-6 hours,4,1-3 days,6-7 hours,3,2-3 cups,Often,Sometimes,3,2,2,3,3,2,2,3,2,3,1,1,4,4,2,2,4,3,4,2,63,High
25,25-31 years,Female,Student,Undergraduate,9 hours or more,4,Never,8 hours or more,3,1-2 cups,Sometimes,Often,4,4,3,1,3,3,2,3,3,4,4,3,3,3,3,4,3,3,3,3,45,Medium
28,25-31 years,Male,Working,Undergraduate,7-8 hours,4,1-3 days,5-6 hours,2,0 cup,Often,Rarely,2,2,3,3,1,2,2,3,4,3,3,2,2,2,3,3,4,3,4,3,53,Medium
36,32-38 years,Female,Working,Graduate,5-6 hours,3,Never,5-6 hours,3,1-2 cups,Sometimes,Sometimes,1,1,2,2,4,2,2,2,3,3,2,3,2,3,2,2,2,3,3,2,59,Medium
20,18-24 years,Male,Student,Higher Secondary,5-6 hours,4,3-5 days,5-6 hours,2,0 cup,Rarely,Sometimes,4,2,2,3,2,2,2,2,2,2,2,2,2,2,4,3,2,2,2,4,45,Medium
20,18-24 years,Male,Student,Higher Secondary,9 hours or more,4,1-3 days,5-6 hours,4,0 cup,Sometimes,Sometimes,1,2,3,4,2,2,3,1,2,4,2,3,4,2,3,2,2,3,2,2,56,Medium
23,18-24 years,Male,Student,Undergraduate,9 hours or more,3,Never,6-7 hours,4,0 cup,Sometimes,Rarely,2,4,1,3,2,3,2,3,4,2,1,2,2,3,2,2,2,3,2,2,54,Medium
44,Above 38 years,Female,Working,Undergraduate,5-6 hours,2,Never,5-6 hours,2,0 cup,Sometimes,Rarely,2,3,3,2,2,3,2,3,3,2,1,3,4,1,1,2,3,4,4,2,55,Medium
27,25-31 years,Male,Both,Undergraduate,7-8 hours,3,3-5 days,6-7 hours,2,1-2 cups,Often,Rarely,1,1,2,3,3,4,3,2,2,3,3,3,4,4,2,2,3,2,2,3,55,Medium
25,25-31 years,Male,Student,Graduate,7-8 hours,4,more than 5 days,Less than 5 hours,2,0 cup,Sometimes,Often,2,2,2,3,3,2,2,1,3,4,1,1,3,3,2,2,3,3,3,2,64,High
28,25-31 years,Female,Working,Undergraduate,5-6 hours,2,Never,6-7 hours,5,2-3 cups,Sometimes,Rarely,4,3,3,2,2,2,2,1,3,2,2,2,3,2,3,2,3,2,3,2,51,Medium
27,25-31 years,Female,Both,Undergraduate,7-8 hours,4,1-3 days,5-6 hours,2,1-2 cups,Sometimes,Rarely,3,3,2,1,1,2,2,3,2,3,2,2,3,2,3,2,3,2,3,2,49,Medium
47,Above 38 years,Male,Working,Undergraduate,5-6 hours,2,Never,8 hours or more,3,0 cup,Always,Rarely,3,3,4,2,1,2,3,4,1,2,3,3,2,2,3,3,2,1,1,4,34,Low
28,25-31 years,Male,Student,Graduate,5-6 hours,2,Never,8 hours or more,2,2-3 cups,Often,Sometimes,1,1,1,2,3,4,2,2,3,2,3,3,2,2,3,2,3,2,2,2,52,Medium
33,32-38 years,Male,Working,Undergraduate,5-6 hours,3,1-3 days,6-7 hours,3,1-2 cups,Sometimes,Often,2,3,3,2,3,2,2,2,3,4,2,2,1,2,3,3,2,2,2,3,49,Medium
25,25-31 years,Female,Student,Undergraduate,5-6 hours,2,1-3 days,8 hours or more,3,0 cup,Often,Sometimes,1,2,2,3,2,2,3,3,2,2,3,2,4,2,2,2,3,3,2,2,54,Medium
48,Above 38 years,Female,Working,Graduate,5-6 hours,3,1-3 days,5-6 hours,3,more than 3 cups,Always,Sometimes,4,2,3,1,2,2,3,2,2,3,2,2,2,3,2,2,2,2,2,3,47,Medium
25,25-31 years,Male,Both,Undergraduate,5-6 hours,2,1-3 days,6-7 hours,3,2-3 cups,Sometimes,Rarely,2,1,2,2,2,2,2,1,3,3,2,3,3,2,3,2,2,1,2,2,53,Medium
24,18-24 years,Male,Student,Graduate,7-8 hours,3,Never,Less than 5 hours,2,1-2 cups,Sometimes,Sometimes,2,2,3,2,3,2,3,2,3,3,1,2,3,3,3,2,3,2,1,2,54,Medium
39,Above 38 years,Male,Working,Graduate,5-6 hours,2,Never,6-7 hours,3,1-2 cups,Often,Sometimes,2,2,2,2,3,3,2,3,2,2,3,3,2,2,3,2,3,2,3,2,49,Medium
24,18-24 years,Female,Student,Undergraduate,5-6 hours,3,1-3 days,5-6 hours,3,1-2 cups,Sometimes,Sometimes,3,1,2,3,4,3,2,2,1,3,2,4,4,3,3,2,2,2,2,3,52,Medium
19,18-24 years,Female,Student,Undergraduate,Less than 5 hours,1,1-3 days,8 hours or more,3,1-2 cups,Often,Rarely,4,3,2,1,1,4,4,4,4,4,3,1,4,4,2,2,3,2,3,2,50,Medium
54,Above 38 years,Male,Working,Postgraduate,5-6 hours,3,3-5 days,5-6 hours,3,1-2 cups,Often,Rarely,2,3,2,3,2,3,2,3,2,2,3,3,2,3,2,2,3,3,2,2,50,Medium
37,32-38 years,Male,Working,Undergraduate,5-6 hours,3,1-3 days,5-6 hours,3,2-3 cups,Often,Sometimes,3,1,2,2,2,3,2,2,3,2,4,3,3,2,1,2,2,3,2,2,51,Medium
31,25-31 years,Male,Working,Undergraduate,7-8 hours,2,1-3 days,5-6 hours,3,1-2 cups,Always,Sometimes,2,2,2,2,2,2,2,2,2,1,2,1,3,1,3,2,1,1,1,2,47,Medium
24,18-24 years,Female,Student,Undergraduate,7-8 hours,4,3-5 days,5-6 hours,3,0 cup,Rarely,Often,4,1,2,1,3,2,2,2,3,3,1,2,3,3,3,2,4,2,2,1,57,Medium
19,18-24 years,Female,Student,Undergraduate,9 hours or more,5,Never,6-7 hours,3,0 cup,Rarely,Rarely,4,2,2,1,2,4,3,3,3,4,2,2,3,1,2,3,3,2,3,1,49,Medium
24,18-24 years,Male,Student,Undergraduate,Less than 5 hours,2,more than 5 days,5-6 hours,5,more than 3 cups,Sometimes,Rarely,3,3,3,3,3,4,3,3,3,3,3,3,3,3,3,3,3,3,3,3,48,Medium
24,18-24 years,Male,Student,Higher Secondary,7-8 hours,5,1-3 days,5-6 hours,1,1-2 cups,Sometimes,Sometimes,4,4,1,4,4,4,2,3,1,1,4,3,4,4,4,2,1,4,4,2,49,Medium
20,18-24 years,Female,Student,Higher Secondary,7-8 hours,3,3-5 days,6-7 hours,3,1-2 cups,Often,Often,4,3,4,2,2,2,3,4,4,3,3,1,4,1,1,2,4,3,3,1,53,Medium
24,18-24 years,Male,Both,Undergraduate,Less than 5 hours,3,Never,8 hours or more,4,more than 3 cups,Always,Sometimes,4,2,2,1,3,3,2,4,2,2,2,3,4,1,1,2,2,3,1,3,46,Medium
18,18-24 years,Male,Student,Higher Secondary,5-6 hours,1,1-3 days,Less than 5 hours,2,1-2 cups,Often,Sometimes,3,4,4,3,3,1,1,2,1,2,1,2,2,2,1,4,1,1,1,2,46,Medium
25,25-31 years,Female,Student,Undergraduate,5-6 hours,3,Never,6-7 hours,2,0 cup,Sometimes,Rarely,4,3,3,1,2,3,3,4,2,2,4,2,2,1,3,4,2,1,2,3,34,Low
35,32-38 years,Male,Working,Graduate,7-8 hours,4,3-5 days,5-6 hours,3,1-2 cups,Sometimes,Often,2,1,2,2,3,2,1,1,3,4,1,1,3,1,1,2,4,3,4,1,67,High
18,18-24 years,Female,Student,Higher Secondary,7-8 hours,4,1-3 days,Less than 5 hours,2,0 cup,Rarely,Often,4,1,2,2,3,2,1,3,2,3,2,2,3,2,2,2,4,2,3,2,56,Medium
25,25-31 years,Female,Student,Graduate,7-8 hours,4,3-5 days,5-6 hours,3,0 cup,Sometimes,Sometimes,3,1,2,2,3,2,1,1,3,3,1,2,3,2,2,2,4,3,3,1,63,High
27,25-31 years,Male,Both,Graduate,5-6 hours,3,1-3 days,5-6 hours,3,1-2 cups,Sometimes,Rarely,3,2,2,1,2,3,2,3,3,2,2,1,3,2,2,3,4,2,3,2,52,Medium
45,Above 38 years,Male,Working,Graduate,7-8 hours,4,1-3 days,6-7 hours,3,0 cup,Often,Sometimes,1,2,2,3,3,2,4,3,2,1,2,2,3,3,2,2,4,3,2,2,55,Medium
28,25-31 years,Male,Both,Graduate,5-6 hours,2,Never,8 hours or more,4,more than 3 cups,Always,Rarely,3,3,4,2,1,3,4,4,2,2,3,3,2,2,3,3,2,2,1,3,35,Low
18,18-24 years,Female,Student,Higher Secondary,7-8 hours,3,1-3 days,5-6 hours,2,0 cup,Sometimes,Rarely,2,1,2,3,4,1,4,4,2,2,1,3,2,2,3,3,2,3,2,2,51,Medium
24,18-24 years,Female,Student,Undergraduate,5-6 hours,1,Never,8 hours or more,4,2-3 cups,Often,Never,4,3,3,1,1,4,3,4,2,2,4,4,2,1,3,3,1,1,2,3,30,Low
26,25-31 years,Male,Student,Undergraduate,7-8 hours,3,1-3 days,6-7 hours,2,1-2 cups,Often,Sometimes,1,2,2,3,3,2,2,3,2,3,2,2,1,1,4,3,3,2,2,3,49,Medium
37,32-38 years,Female,Working,Graduate,7-8 hours,2,3-5 days,6-7 hours,4,1-2 cups,Often,Rarely,1,3,4,3,2,3,2,3,3,3,1,2,4,3,2,2,3,2,3,1,57,Medium
27,25-31 years,Female,Student,Undergraduate,7-8 hours,4,3-5 days,6-7 hours,2,1-2 cups,Sometimes,Often,1,1,2,3,4,1,2,2,3,2,1,1,1,3,2,1,1,2,3,3,60,High
24,18-24 years,Male,Student,Undergraduate,5-6 hours,4,Never,6-7 hours,3,1-2 cups,Sometimes,Rarely,2,3,4,1,2,2,2,2,3,1,2,3,3,2,3,1,2,3,2,3,47,Medium
17,Below 18 years,Male,Student,Higher Secondary,9 hours or more,3,1-3 days,6-7 hours,3,2-3 cups,Always,Sometimes,2,3,3,2,4,2,3,2,3,2,2,1,3,1,4,2,3,2,1,3,49,Medium
25,25-31 years,Female,Student,Undergraduate,5-6 hours,3,1-3 days,5-6 hours,2,1-2 cups,Often,Rarely,2,3,4,1,2,3,2,1,2,3,2,2,1,2,4,3,2,1,3,2,44,Medium
19,18-24 years,Female,Student,Higher Secondary,5-6 hours,3,Never,5-6 hours,2,0 cup,Rarely,Sometimes,3,3,2,1,2,4,2,4,1,1,4,2,3,3,2,2,2,1,2,3,40,Medium
41,Above 38 years,Male,Working,Graduate,5-6 hours,2,1-3 days,6-7 hours,2,0 cup,Often,Rarely,1,3,3,2,4,2,2,1,2,3,2,3,3,2,1,2,3,2,3,2,57,Medium
33,32-38 years,Female,Working,Graduate,5-6 hours,2,Never,6-7 hours,4,1-2 cups,Always,Rarely,3,2,3,2,2,3,2,2,3,3,2,2,2,1,4,3,3,1,2,3,45,Medium
25,25-31 years,Male,Student,Undergraduate,5-6 hours,3,1-3 days,5-6 hours,3,2-3 cups,Often,Rarely,2,3,2,1,2,3,3,2,3,2,2,3,3,2,2,3,2,2,3,2,48,Medium
52,Above 38 years,Female,Working,Undergraduate,7-8 hours,2,1-3 days,6-7 hours,2,2-3 cups,Often,Rarely,2,1,2,3,2,1,4,4,3,1,2,2,1,2,1,2,1,2,3,3,49,Medium
27,25-31 years,Male,Working,Undergraduate,7-8 hours,2,Never,6-7 hours,3,2-3 cups,Often,Never,1,2,4,4,2,4,3,2,3,2,2,2,3,3,3,2,2,3,3,2,53,Medium
24,18-24 years,Female,Student,Undergraduate,7-8 hours,5,3-5 days,5-6 hours,3,0 cup,Rarely,Often,3,1,1,2,3,2,1,1,3,3,1,2,2,2,2,2,4,1,3,1,61,High
45,Above 38 years,Female,Student,Undergraduate,5-6 hours,3,1-3 days,6-7 hours,3,2-3 cups,Often,Rarely,1,3,2,3,2,4,2,2,3,2,3,2,4,2,2,4,3,3,2,1,53,Medium
46,Above 38 years,Male,Working,Graduate,7-8 hours,3,Never,6-7 hours,3,1-2 cups,Sometimes,Often,1,3,2,1,2,4,1,2,2,3,2,3,2,3,2,1,2,2,3,3,51,Medium
27,25-31 years,Male,Student,Graduate,Less than 5 hours,1,Never,5-6 hours,3,1-2 cups,Sometimes,Often,1,2,3,3,1,2,2,1,2,3,3,1,3,4,2,1,1,1,3,3,55,Medium
31,25-31 years,Male,Working,Undergraduate,7-8 hours,2,Never,6-7 hours,2,2-3 cups,Sometimes,Rarely,1,2,3,4,3,3,2,2,1,1,2,3,4,3,2,2,2,3,2,2,54,Medium
25,25-31 years,Male,Student,Undergraduate,5-6 hours,2,3-5 days,5-6 hours,3,2-3 cups,Often,Rarely,3,2,2,3,3,1,2,4,2,3,2,4,3,3,2,1,2,3,2,3,53,Medium
29,25-31 years,Male,Working,Undergraduate,7-8 hours,3,3-5 days,5-6 hours,2,2-3 cups,Sometimes,Sometimes,1,1,2,2,3,3,2,3,2,4,2,2,3,3,3,3,2,2,3,2,55,Medium
30,25-31 years,Male,Working,Undergraduate,9 hours or more,3,3-5 days,5-6 hours,4,more than 3 cups,Often,Rarely,1,3,3,2,2,2,3,3,4,1,2,1,2,2,3,3,4,1,2,2,49,Medium
46,Above 38 years,Male,Working,Postgraduate,7-8 hours,5,3-5 days,5-6 hours,4,1-2 cups,Sometimes,Often,1,1,2,4,3,1,2,2,4,3,1,1,2,4,3,1,1,1,2,4,60,High
18,18-24 years,Male,Student,Higher Secondary,5-6 hours,3,1-3 days,5-6 hours,3,1-2 cups,Sometimes,Sometimes,3,2,2,2,3,2,2,3,3,2,2,2,4,3,2,3,3,1,3,3,53,Medium
29,25-31 years,Female,Student,Undergraduate,5-6 hours,2,1-3 days,5-6 hours,2,1-2 cups,Sometimes,Sometimes,3,3,3,1,1,2,3,2,2,3,2,4,4,2,2,2,3,2,2,3,46,Medium
47,Above 38 years,Male,Working,Graduate,7-8 hours,2,3-5 days,5-6 hours,2,1-2 cups,Often,Sometimes,3,3,2,2,2,1,3,3,2,3,3,3,3,2,1,2,1,3,3,4,48,Medium
29,25-31 years,Male,Working,Undergraduate,5-6 hours,2,1-3 days,6-7 hours,2,2-3 cups,Often,Rarely,1,2,3,2,1,2,2,3,1,1,3,2,1,2,1,3,1,3,2,3,44,Medium
28,25-31 years,Male,Working,Undergraduate,7-8 hours,4,1-3 days,6-7 hours,2,1-2 cups,Sometimes,Rarely,1,1,2,2,3,2,4,3,2,4,3,2,2,4,3,3,2,2,2,2,52,Medium
25,25-31 years,Male,Student,Undergraduate,5-6 hours,4,3-5 days,5-6 hours,3,0 cup,Sometimes,Rarely,3,3,1,1,2,3,1,4,3,3,3,1,2,3,4,2,3,3,1,2,49,Medium
25,25-31 years,Female,Student,Undergraduate,7-8 hours,4,3-5 days,5-6 hours,3,0 cup,Rarely,Sometimes,4,1,1,2,3,2,1,1,3,3,1,2,2,1,2,2,4,2,3,1,60,High
52,Above 38 years,Male,Both,Graduate,7-8 hours,2,1-3 days,5-6 hours,2,2-3 cups,Often,Rarely,1,3,2,4,2,2,2,3,2,4,3,1,2,2,4,3,1,2,3,3,50,Medium
41,Above 38 years,Male,Working,Undergraduate,5-6 hours,3,1-3 days,5-6 hours,3,1-2 cups,Always,Rarely,2,1,2,1,3,1,1,3,4,3,2,3,1,1,3,4,1,2,4,2,51,Medium
29,25-31 years,Male,Student,Graduate,7-8 hours,2,1-3 days,6-7 hours,2,2-3 cups,Sometimes,Rarely,1,2,3,2,2,2,2,3,2,3,4,3,2,2,3,4,1,1,2,3,42,Medium
23,18-24 years,Male,Student,Undergraduate,5-6 hours,3,1-3 days,6-7 hours,3,1-2 cups,Often,Rarely,1,1,3,3,2,2,4,2,2,3,3,2,4,2,1,2,2,1,2,1,54,Medium
51,Above 38 years,Male,Working,Graduate,Less than 5 hours,1,Never,6-7 hours,3,1-2 cups,Sometimes,Sometimes,3,4,3,1,1,2,4,4,1,1,3,3,4,2,2,3,3,3,1,3,38,Low
18,18-24 years,Male,Student,Undergraduate,9 hours or more,2,3-5 days,6-7 hours,3,1-2 cups,Always,Rarely,1,3,1,3,3,2,1,3,2,2,3,2,3,3,3,1,2,4,2,3,56,Medium
20,18-24 years,Male,Student,Higher Secondary,9 hours or more,4,1-3 days,5-6 hours,2,0 cup,Rarely,Sometimes,4,2,2,3,3,2,3,3,1,2,3,2,3,2,2,4,4,3,2,3,48,Medium
48,Above 38 years,Male,Working,Graduate,7-8 hours,3,3-5 days,6-7 hours,2,more than 3 cups,Often,Rarely,1,3,4,2,1,3,2,2,2,2,1,3,2,4,4,3,2,1,1,1,45,Medium
25,25-31 years,Female,Both,Undergraduate,7-8 hours,4,1-3 days,5-6 hours,3,0 cup,Rarely,Sometimes,4,1,2,1,2,4,2,3,1,2,2,2,1,1,3,3,3,1,3,1,43,Medium
26,25-31 years,Female,Student,Undergraduate,7-8 hours,4,3-5 days,6-7 hours,3,0 cup,Rarely,Sometimes,3,3,3,1,2,3,2,1,3,1,2,2,2,1,4,4,2,2,2,3,41,Medium
35,32-38 years,Female,Working,Graduate,5-6 hours,4,1-3 days,6-7 hours,3,1-2 cups,Often,Sometimes,4,1,3,2,2,3,1,1,2,2,3,1,3,3,2,2,4,2,3,1,56,Medium
27,25-31 years,Male,Student,Undergraduate,5-6 hours,4,1-3 days,5-6 hours,3,1-2 cups,Often,Rarely,1,3,2,3,2,1,1,2,1,1,2,3,2,3,4,2,3,2,1,2,50,Medium
28,25-31 years,Male,Student,Graduate,5-6 hours,2,1-3 days,6-7 hours,3,2-3 cups,Often,Sometimes,3,4,2,3,2,2,1,3,2,1,4,2,1,3,1,3,2,2,3,2,47,Medium
38,32-38 years,Male,Student,Undergraduate,5-6 hours,2,1-3 days,6-7 hours,3,2-3 cups,Often,Sometimes,3,2,4,2,4,1,1,4,4,3,2,1,2,3,3,1,1,3,2,1,56,Medium
25,25-31 years,Female,Student,Undergraduate,7-8 hours,3,Never,8 hours or more,5,0 cup,Rarely,Sometimes,4,1,3,2,4,2,1,1,3,3,2,2,2,1,3,3,4,2,3,1,56,Medium
22,18-24 years,Male,Student,Undergraduate,5-6 hours,3,Never,5-6 hours,1,0 cup,Always,Rarely,1,1,1,1,1,3,2,4,3,2,1,3,2,4,1,3,2,3,3,2,54,Medium
28,25-31 years,Male,Student,Graduate,5-6 hours,3,Never,6-7 hours,3,0 cup,Sometimes,Rarely,1,4,4,2,1,3,1,2,3,2,4,2,2,3,3,2,3,2,2,2,47,Medium
19,18-24 years,Female,Student,Higher Secondary,7-8 hours,2,3-5 days,6-7 hours,2,1-2 cups,Sometimes,Sometimes,3,2,2,3,4,2,3,3,3,2,1,4,3,2,1,4,3,2,2,3,51,Medium
23,18-24 years,Male,Student,Undergraduate,7-8 hours,5,1-3 days,6-7 hours,3,1-2 cups,Sometimes,Sometimes,1,3,3,1,2,4,3,2,2,1,3,2,2,1,2,3,3,1,2,2,42,Medium
25,25-31 years,Female,Student,Undergraduate,5-6 hours,2,1-3 days,6-7 hours,2,0 cup,Often,Rarely,2,3,2,3,1,2,2,3,3,2,3,2,2,2,3,1,2,2,3,3,49,Medium
42,Above 38 years,Male,Working,Graduate,5-6 hours,2,1-3 days,6-7 hours,1,2-3 cups,Sometimes,Sometimes,2,4,2,2,1,4,2,2,4,3,2,1,2,3,2,1,4,3,2,2,55,Medium
27,25-31 years,Female,Working,Undergraduate,7-8 hours,4,1-3 days,5-6 hours,2,2-3 cups,Often,Often,3,2,1,1,2,2,1,2,1,3,2,1,1,3,2,3,2,3,2,2,52,Medium
25,25-31 years,Male,Working,Undergraduate,7-8 hours,2,1-3 days,5-6 hours,3,2-3 cups,Often,Often,2,2,3,3,1,1,1,2,2,4,3,2,2,2,3,2,3,3,1,3,52,Medium
30,25-31 years,Male,Both,Graduate,Less than 5 hours,2,Never,6-7 hours,4,more than 3 cups,Always,Rarely,4,2,3,1,2,4,2,2,3,3,2,2,3,1,2,4,3,2,3,2,47,Medium
23,18-24 years,Male,Student,Undergraduate,7-8 hours,3,more than 5 days,6-7 hours,3,1-2 cups,Often,Rarely,3,2,2,1,1,3,2,3,3,2,3,1,4,4,1,1,3,2,3,4,53,Medium
26,25-31 years,Male,Student,Undergraduate,7-8 hours,4,1-3 days,6-7 hours,3,0 cup,Always,Rarely,1,2,1,4,2,2,1,3,3,3,2,2,3,3,2,3,2,3,4,2,61,High
25,25-31 years,Male,Working,Undergraduate,5-6 hours,4,1-3 days,5-6 hours,3,1-2 cups,Sometimes,Rarely,2,3,2,2,4,1,1,3,1,2,2,1,4,2,3,1,2,2,2,2,55,Medium
26,25-31 years,Female,Student,Undergraduate,7-8 hours,4,3-5 days,5-6 hours,3,0 cup,Rarely,Sometimes,3,1,4,1,2,2,1,1,3,3,3,2,2,2,2,3,4,1,2,1,52,Medium
23,18-24 years,Male,Both,Undergraduate,7-8 hours,4,1-3 days,6-7 hours,3,more than 3 cups,Often,Rarely,3,3,2,3,2,3,3,2,2,3,3,3,1,2,3,3,2,3,3,3,45,Medium
25,25-31 years,Female,Student,Undergraduate,7-8 hours,4,3-5 days,5-6 hours,3,0 cup,Rarely,Sometimes,4,2,2,2,3,2,1,1,3,3,1,2,3,2,1,2,4,2,3,1,61,High
31,25-31 years,Male,Working,Graduate,7-8 hours,4,1-3 days,5-6 hours,3,2-3 cups,Often,Rarely,3,2,2,1,3,2,3,2,3,3,2,2,3,1,2,3,3,2,3,2,52,Medium
21,18-24 years,Female,Student,Undergraduate,5-6 hours,2,Never,6-7 hours,4,0 cup,Sometimes,Rarely,4,3,3,1,2,3,3,4,1,1,4,3,2,1,3,3,1,1,2,3,31,Low
27,25-31 years,Male,Both,Undergraduate,Less than 5 hours,2,Never,8 hours or more,5,more than 3 cups,Always,Rarely,4,3,3,2,1,4,2,3,2,3,2,3,1,1,4,4,2,1,2,3,35,Low
23,18-24 years,Female,Student,Undergraduate,5-6 hours,3,1-3 days,5-6 hours,3,1-2 cups,Sometimes,Sometimes,3,3,3,1,2,3,3,2,2,2,4,2,3,1,3,4,4,1,2,2,41,Medium
22,18-24 years,Male,Both,Undergraduate,5-6 hours,3,1-3 days,8 hours or more,5,1-2 cups,Always,Rarely,4,3,4,2,2,3,2,2,3,3,1,2,2,3,2,2,4,2,3,1,53,Medium
23,18-24 years,Female,Student,Graduate,5-6 hours,4,Never,8 hours or more,4,1-2 cups,Often,Rarely,2,3,3,3,2,4,3,4,2,3,3,3,2,2,3,3,2,2,2,1,43,Medium
42,Above 38 years,Male,Working,Graduate,7-8 hours,4,more than 5 days,Less than 5 hours,3,1-2 cups,Sometimes,Sometimes,2,1,2,1,3,2,1,1,3,3,1,2,3,3,1,2,4,3,3,1,65,High
28,25-31 years,Male,Working,Graduate,7-8 hours,4,1-3 days,5-6 hours,3,0 cup,Sometimes,Often,4,1,2,3,3,2,2,2,3,4,2,2,3,1,3,2,4,1,4,1,58,Medium
26,25-31 years,Female,Both,Graduate,5-6 hours,3,1-3 days,6-7 hours,3,0 cup,Sometimes,Sometimes,4,2,3,1,3,3,3,4,2,1,3,3,3,1,4,3,3,2,2,3,38,Low
24,18-24 years,Female,Student,Graduate,7-8 hours,4,3-5 days,5-6 hours,3,0 cup,Rarely,Sometimes,3,2,2,1,3,3,2,2,3,3,2,2,3,3,2,3,2,1,3,2,52,Medium
20,18-24 years,Female,Student,Higher Secondary,7-8 hours,5,3-5 days,Less than 5 hours,2,0 cup,Rarely,Often,3,1,2,2,3,2,1,1,3,1,2,2,2,1,2,3,4,1,3,1,55,Medium
26,25-31 years,Male,Both,Undergraduate,5-6 hours,3,Never,6-7 hours,4,2-3 cups,Always,Rarely,4,2,3,3,3,2,2,2,2,2,2,2,2,1,2,3,2,2,3,2,49,Medium
25,25-31 years,Female,Student,Graduate,7-8 hours,4,Never,5-6 hours,3,0 cup,Often,Sometimes,3,3,2,2,2,3,3,2,3,2,3,2,2,2,2,3,2,2,3,2,47,Medium
24,18-24 years,Female,Student,Undergraduate,5-6 hours,3,1-3 days,6-7 hours,3,0 cup,Sometimes,Sometimes,3,2,2,2,3,3,2,2,3,1,4,3,3,1,4,4,1,1,1,3,39,Low
21,18-24 years,Male,Student,Higher Secondary,5-6 hours,3,1-3 days,5-6 hours,3,0 cup,Sometimes,Sometimes,3,3,2,3,2,3,2,2,2,2,3,2,3,1,2,2,3,2,2,2,49,Medium
23,18-24 years,Female,Student,Undergraduate,7-8 hours,4,3-5 days,6-7 hours,3,1-2 cups,Sometimes,Often,4,1,2,2,3,3,1,1,3,3,2,2,3,1,3,3,4,2,3,2,55,Medium
18,18-24 years,Male,Student,Higher Secondary,7-8 hours,4,1-3 days,5-6 hours,1,0 cup,Rarely,Often,3,1,2,1,3,3,1,2,3,4,1,2,2,1,3,2,4,2,3,2,56,Medium
36,32-38 years,Male,Working,Graduate,7-8 hours,4,3-5 days,5-6 hours,3,1-2 cups,Sometimes,Sometimes,2,1,2,2,3,2,1,1,3,2,2,1,3,2,2,2,4,3,3,1,63,High
26,25-31 years,Female,Working,Graduate,7-8 hours,4,1-3 days,5-6 hours,3,0 cup,Sometimes,Often,3,1,3,1,2,3,3,1,3,4,1,2,4,1,2,2,4,4,3,2,58,Medium
21,18-24 years,Female,Student,Undergraduate,7-8 hours,4,3-5 days,5-6 hours,2,0 cup,Rarely,Often,2,1,2,2,3,2,1,2,3,3,2,2,3,2,2,2,4,3,3,1,62,High
25,25-31 years,Female,Student,Undergraduate,7-8 hours,4,1-3 days,6-7 hours,3,1-2 cups,Sometimes,Sometimes,3,3,3,1,4,4,2,2,1,2,3,3,3,4,1,2,1,3,4,4,48,Medium
22,18-24 years,Male,Student,Undergraduate,7-8 hours,2,Never,5-6 hours,3,0 cup,Sometimes,Rarely,4,3,3,3,2,2,3,2,2,2,3,2,2,1,3,3,3,1,2,2,43,Medium
23,18-24 years,Male,Student,Undergraduate,5-6 hours,5,1-3 days,5-6 hours,3,0 cup,Often,Often,3,2,2,2,3,3,4,2,3,3,2,2,3,2,3,3,2,2,3,2,50,Medium
24,18-24 years,Female,Student,Undergraduate,Less than 5 hours,2,1-3 days,8 hours or more,5,0 cup,Often,Often,4,3,4,2,1,4,4,2,1,2,3,2,2,3,4,3,2,1,1,3,34,Low
25,25-31 years,Male,Student,Graduate,5-6 hours,4,1-3 days,8 hours or more,4,more than 3 cups,Often,Rarely,4,2,4,1,1,4,3,4,3,2,2,3,3,1,3,3,3,2,2,3,38,Low
23,18-24 years,Female,Student,Undergraduate,Less than 5 hours,3,1-3 days,5-6 hours,4,1-2 cups,Sometimes,Often,3,2,2,3,3,2,2,4,1,2,3,3,3,3,3,3,3,2,3,3,48,Medium
22,18-24 years,Male,Student,Undergraduate,5-6 hours,3,Never,6-7 hours,3,1-2 cups,Often,Often,2,2,2,2,2,2,2,2,2,2,2,2,2,2,2,2,2,2,2,2,51,Medium
23,18-24 years,Female,Other,Undergraduate,5-6 hours,4,more than 5 days,6-7 hours,3,1-2 cups,Always,Often,4,4,3,1,3,4,3,3,3,2,3,3,4,3,2,3,3,1,2,2,43,Medium
23,18-24 years,Female,Student,Undergraduate,5-6 hours,3,3-5 days,8 hours or more,4,1-2 cups,Always,Sometimes,2,2,2,4,2,2,2,2,2,2,2,2,2,2,2,2,2,2,2,2,53,Medium
23,18-24 years,Male,Student,Undergraduate,7-8 hours,5,more than 5 days,5-6 hours,3,1-2 cups,Often,Often,2,1,3,4,4,1,1,4,1,3,1,4,4,1,1,1,4,1,4,4,58,Medium
21,18-24 years,Female,Student,Higher Secondary,5-6 hours,3,1-3 days,5-6 hours,3,0 cup,Sometimes,Sometimes,4,3,3,1,2,2,3,3,2,1,4,2,3,1,3,4,3,1,1,3,36,Low
17,Below 18 years,Male,Student,Higher Secondary,5-6 hours,3,Never,8 hours or more,3,0 cup,Rarely,Often,4,4,3,2,2,4,3,4,1,1,4,3,2,1,3,4,2,1,1,3,29,Low
25,25-31 years,Female,Student,Undergraduate,7-8 hours,5,3-5 days,5-6 hours,3,0 cup,Rarely,Often,2,1,2,2,3,1,1,1,3,3,2,2,3,1,2,2,4,3,3,1,63,High
22,18-24 years,Male,Student,Undergraduate,7-8 hours,4,1-3 days,5-6 hours,3,1-2 cups,Sometimes,Sometimes,4,2,2,2,3,4,2,2,3,2,3,2,1,1,4,3,3,3,3,2,46,Medium
21,18-24 years,Male,Student,Undergraduate,7-8 hours,4,3-5 days,5-6 hours,2,0 cup,Rarely,Often,2,1,2,3,3,2,1,3,3,3,1,2,3,1,2,2,4,3,3,1,62,High
32,32-38 years,Male,Working,Graduate,5-6 hours,4,1-3 days,5-6 hours,3,0 cup,Sometimes,Rarely,3,2,3,1,2,2,2,4,3,3,2,2,2,1,4,2,3,1,2,2,45,Medium
26,25-31 years,Male,Both,Graduate,Less than 5 hours,1,Never,6-7 hours,4,2-3 cups,Often,Rarely,4,3,3,1,1,3,3,2,3,3,2,4,1,1,4,2,2,1,2,3,37,Low
24,18-24 years,Male,Student,Undergraduate,5-6 hours,3,Never,6-7 hours,4,2-3 cups,Often,Rarely,4,2,2,2,3,3,3,4,1,3,2,2,3,2,3,2,3,3,2,3,47,Medium
22,18-24 years,Male,Student,Undergraduate,5-6 hours,2,Never,8 hours or more,3,2-3 cups,Often,Rarely,4,3,3,1,1,3,3,4,1,1,4,3,2,1,4,4,1,1,1,3,27,Low
43,Above 38 years,Male,Working,Graduate,7-8 hours,5,more than 5 days,Less than 5 hours,3,1-2 cups,Sometimes,Often,3,1,1,2,3,2,1,1,4,4,1,1,3,2,2,2,4,3,4,2,67,High
34,32-38 years,Male,Working,Undergraduate,5-6 hours,2,Never,5-6 hours,2,0 cup,Sometimes,Sometimes,1,2,3,4,3,2,3,4,2,2,3,2,3,2,3,2,1,2,3,2,50,Medium
26,25-31 years,Male,Student,Undergraduate,9 hours or more,2,1-3 days,6-7 hours,2,1-2 cups,Sometimes,Rarely,2,3,4,3,2,2,3,4,3,2,1,2,3,3,3,2,2,2,3,2,50,Medium
41,Above 38 years,Male,Working,Undergraduate,5-6 hours,2,3-5 days,6-7 hours,2,0 cup,Often,Rarely,3,2,1,4,3,2,2,3,4,3,2,2,3,4,2,1,2,2,3,2,61,High
20,18-24 years,Male,Student,Higher Secondary,5-6 hours,3,1-3 days,6-7 hours,3,0 cup,Often,Sometimes,4,2,2,1,1,4,3,4,1,2,3,3,2,1,4,2,2,1,1,3,33,Low
22,18-24 years,Female,Student,Undergraduate,7-8 hours,4,3-5 days,5-6 hours,2,0 cup,Rarely,Sometimes,2,1,2,3,3,2,1,2,3,3,2,2,3,2,2,1,4,3,3,1,64,High
22,18-24 years,Male,Student,Undergraduate,5-6 hours,4,1-3 days,5-6 hours,3,1-2 cups,Rarely,Sometimes,4,2,2,1,2,3,2,3,3,4,2,2,3,1,2,2,4,3,3,2,53,Medium
24,18-24 years,Male,Both,Undergraduate,5-6 hours,2,Never,6-7 hours,5,2-3 cups,Always,Rarely,3,3,3,2,2,3,3,2,4,2,4,3,2,2,3,3,2,1,2,3,41,Medium
25,25-31 years,Female,Student,Graduate,5-6 hours,3,1-3 days,5-6 hours,3,1-2 cups,Sometimes,Sometimes,3,2,3,2,2,3,2,2,3,1,4,2,3,1,4,4,3,1,2,2,42,Medium
26,25-31 years,Male,Working,Graduate,7-8 hours,4,1-3 days,5-6 hours,3,1-2 cups,Often,Sometimes,2,1,2,2,3,2,2,1,3,3,2,1,2,2,3,2,2,2,3,2,57,Medium
20,18-24 years,Male,Student,Higher Secondary,9 hours or more,4,3-5 days,5-6 hours,2,0 cup,Rarely,Often,2,2,2,3,3,2,1,1,3,3,1,2,3,3,2,2,4,3,3,1,65,High
35,32-38 years,Male,Working,Graduate,7-8 hours,3,Never,5-6 hours,3,1-2 cups,Sometimes,Rarely,3,1,2,1,2,2,1,2,3,3,2,1,3,1,3,3,3,1,2,2,52,Medium
23,18-24 years,Female,Student,Undergraduate,5-6 hours,3,1-3 days,5-6 hours,3,1-2 cups,Sometimes,Sometimes,3,2,2,1,2,3,1,2,3,2,2,2,3,2,2,3,3,1,1,3,48,Medium
24,18-24 years,Male,Student,Undergraduate,5-6 hours,3,Never,6-7 hours,4,2-3 cups,Often,Sometimes,2,3,3,2,1,1,2,3,4,2,2,3,2,2,3,2,2,3,4,2,51,Medium
26,25-31 years,Male,Student,Undergraduate,9 hours or more,4,1-3 days,6-7 hours,4,0 cup,Sometimes,Rarely,1,2,3,3,2,3,2,3,3,2,3,2,4,3,2,1,2,2,1,3,52,Medium
23,18-24 years,Female,Student,Undergraduate,Less than 5 hours,2,Never,6-7 hours,4,more than 3 cups,Always,Rarely,3,3,3,2,2,3,4,3,1,2,3,3,3,1,1,3,3,2,2,3,41,Medium
22,18-24 years,Male,Student,Undergraduate,9 hours or more,2,1-3 days,6-7 hours,4,more than 3 cups,Sometimes,Rarely,1,2,3,2,3,2,3,2,3,2,3,3,3,3,2,2,2,2,3,2,53,Medium
26,25-31 years,Male,Student,Undergraduate,9 hours or more,3,3-5 days,5-6 hours,2,1-2 cups,Sometimes,Rarely,1,2,2,3,3,2,2,3,2,3,3,2,2,3,3,2,1,2,3,2,53,Medium
29,25-31 years,Male,Working,Graduate,7-8 hours,4,1-3 days,5-6 hours,3,0 cup,Sometimes,Rarely,1,2,2,3,3,2,1,1,4,3,1,1,3,4,1,1,3,3,1,2,67,High
26,25-31 years,Male,Student,Graduate,5-6 hours,3,1-3 days,5-6 hours,3,1-2 cups,Often,Sometimes,3,3,2,2,4,4,3,3,2,2,2,2,3,3,2,2,1,2,2,3,47,Medium
25,25-31 years,Male,Student,Undergraduate,5-6 hours,4,1-3 days,6-7 hours,5,2-3 cups,Always,Sometimes,2,3,2,3,3,1,2,4,3,1,2,2,3,2,3,2,3,2,3,2,53,Medium
20,18-24 years,Male,Student,Higher Secondary,9 hours or more,3,1-3 days,5-6 hours,2,0 cup,Often,Rarely,1,2,3,2,3,2,3,3,3,1,2,4,2,2,2,3,3,3,2,3,48,Medium
25,25-31 years,Male,Student,Undergraduate,5-6 hours,3,Never,5-6 hours,4,0 cup,Sometimes,Rarely,2,3,2,1,2,3,3,2,1,3,2,3,2,4,3,2,1,3,2,2,47,Medium
29,25-31 years,Female,Working,Undergraduate,7-8 hours,3,1-3 days,5-6 hours,3,1-2 cups,Sometimes,Sometimes,3,2,1,1,2,2,3,3,1,2,1,2,3,3,2,3,1,2,3,1,50,Medium
27,25-31 years,Male,Student,Undergraduate,7-8 hours,3,1-3 days,5-6 hours,2,1-2 cups,Sometimes,Sometimes,2,1,3,2,2,2,3,2,3,2,1,2,3,2,3,3,1,1,2,3,48,Medium
22,18-24 years,Male,Working,Undergraduate,7-8 hours,2,3-5 days,6-7 hours,2,2-3 cups,Always,Rarely,3,3,4,2,2,3,4,4,2,1,3,3,1,2,3,3,2,1,2,3,34,Low
24,18-24 years,Male,Student,Undergraduate,5-6 hours,3,Never,5-6 hours,4,0 cup,Often,Sometimes,1,2,3,2,3,2,2,3,2,3,3,3,2,2,3,3,1,2,1,1,47,Medium
23,18-24 years,Male,Student,Undergraduate,5-6 hours,4,Never,5-6 hours,2,1-2 cups,Sometimes,Rarely,1,2,2,2,3,1,2,3,2,1,3,1,1,2,2,2,1,3,3,1,53,Medium
20,18-24 years,Male,Student,Higher Secondary,5-6 hours,2,1-3 days,6-7 hours,1,0 cup,Sometimes,Rarely,1,2,3,2,1,2,2,3,2,3,2,3,2,3,2,3,3,3,3,3,51,Medium
26,25-31 years,Male,Student,Undergraduate,5-6 hours,4,1-3 days,5-6 hours,3,1-2 cups,Often,Sometimes,2,3,3,2,3,1,2,2,3,2,1,2,2,3,2,2,1,3,3,3,54,Medium
23,18-24 years,Male,Student,Undergraduate,5-6 hours,3,Never,6-7 hours,2,0 cup,Sometimes,Sometimes,3,2,3,2,3,2,3,3,2,1,1,2,3,3,1,2,2,3,2,2,52,Medium
25,25-31 years,Male,Student,Undergraduate,5-6 hours,3,Never,6-7 hours,3,1-2 cups,Often,Rarely,3,3,2,2,2,3,1,2,3,2,3,3,2,3,3,2,1,2,2,2,47,Medium
23,18-24 years,Female,Student,Undergraduate,5-6 hours,2,1-3 days,6-7 hours,3,1-2 cups,Often,Sometimes,2,3,2,4,2,2,2,2,3,2,2,3,2,3,1,2,3,3,2,3,55,Medium
30,25-31 years,Female,Working,Graduate,7-8 hours,3,Never,6-7 hours,2,2-3 cups,Sometimes,Rarely,2,2,3,1,3,2,3,3,2,2,3,1,3,2,4,3,2,3,2,2,47,Medium
20,18-24 years,Male,Student,Higher Secondary,5-6 hours,2,1-3 days,5-6 hours,3,1-2 cups,Often,Sometimes,2,1,3,2,2,3,2,3,2,2,3,2,2,4,3,2,1,2,3,1,50,Medium
22,18-24 years,Male,Student,Undergraduate,5-6 hours,4,1-3 days,5-6 hours,2,0 cup,Often,Sometimes,1,2,2,2,3,2,2,3,2,3,2,3,2,3,3,2,2,4,3,1,56,Medium
25,25-31 years,Male,Student,Undergraduate,5-6 hours,2,Never,5-6 hours,2,2-3 cups,Sometimes,Rarely,3,2,2,3,3,1,1,2,3,2,3,1,2,3,2,1,2,2,3,2,58,Medium
23,18-24 years,Male,Student,Undergraduate,5-6 hours,2,Never,6-7 hours,1,0 cup,Often,Sometimes,2,3,1,3,1,2,3,3,4,2,2,3,2,1,2,2,2,2,2,3,48,Medium
28,25-31 years,Female,Working,Undergraduate,9 hours or more,2,1-3 days,6-7 hours,3,1-2 cups,Sometimes,Rarely,1,3,2,2,1,1,3,2,2,3,4,3,2,1,1,1,2,1,1,4,45,Medium
24,18-24 years,Male,Student,Undergraduate,5-6 hours,3,1-3 days,6-7 hours,2,1-2 cups,Sometimes,Sometimes,3,3,2,2,3,1,3,3,2,1,2,2,4,3,3,3,2,3,2,2,50,Medium
25,25-31 years,Male,Student,Undergraduate,7-8 hours,3,1-3 days,5-6 hours,3,1-2 cups,Often,Sometimes,2,1,4,3,1,2,3,2,3,3,2,1,3,3,3,2,2,3,4,3,55,Medium
26,25-31 years,Male,Student,Higher Secondary,7-8 hours,3,3-5 days,5-6 hours,3,1-2 cups,Sometimes,Rarely,2,3,3,1,3,2,1,3,1,1,2,1,2,2,3,2,1,1,2,3,44,Medium
28,25-31 years,Male,Student,Undergraduate,7-8 hours,1,1-3 days,5-6 hours,2,1-2 cups,Often,Rarely,2,3,3,2,1,1,3,2,3,3,3,2,2,1,3,2,2,1,1,2,45,Medium
29,25-31 years,Male,Both,Graduate,7-8 hours,4,3-5 days,5-6 hours,2,0 cup,Sometimes,Often,1,1,2,3,3,2,1,2,3,4,1,1,3,2,1,2,4,3,3,2,67,High
21,18-24 years,Female,Student,Undergraduate,7-8 hours,3,1-3 days,5-6 hours,2,1-2 cups,Sometimes,Sometimes,1,3,3,2,3,2,2,2,2,2,1,3,2,2,2,1,3,2,2,2,53,Medium
22,18-24 years,Male,Student,Undergraduate,5-6 hours,2,Never,5-6 hours,3,more than 3 cups,Sometimes,Often,1,2,3,2,2,3,4,3,2,3,2,3,2,4,3,2,3,2,3,2,50,Medium
26,25-31 years,Male,Student,Undergraduate,5-6 hours,2,3-5 days,5-6 hours,3,1-2 cups,Often,Rarely,3,2,1,4,1,2,2,2,2,3,4,4,3,3,2,3,2,1,2,2,49,Medium
19,18-24 years,Female,Student,Higher Secondary,9 hours or more,2,1-3 days,6-7 hours,3,2-3 cups,Sometimes,Rarely,1,4,3,1,3,1,2,1,2,3,4,2,3,2,2,2,3,3,4,2,55,Medium
17,Below 18 years,Male,Student,Higher Secondary,5-6 hours,3,Never,8 hours or more,3,2-3 cups,Often,Rarely,3,3,3,2,1,3,4,3,1,2,3,3,1,1,4,4,1,2,1,3,31,Low
26,25-31 years,Male,Student,Undergraduate,7-8 hours,2,1-3 days,6-7 hours,2,1-2 cups,Often,Rarely,2,1,3,4,3,2,1,2,3,1,3,4,2,1,1,2,2,2,3,2,53,Medium
29,25-31 years,Male,Both,Undergraduate,5-6 hours,1,1-3 days,8 hours or more,3,2-3 cups,Always,Sometimes,3,3,3,1,2,3,3,3,2,1,3,4,1,2,3,4,1,1,1,2,33,Low
20,18-24 years,Male,Student,Higher Secondary,5-6 hours,3,Never,6-7 hours,4,1-2 cups,Often,Sometimes,3,3,3,1,1,2,3,2,3,3,4,2,2,3,3,1,1,3,4,2,48,Medium
26,25-31 years,Male,Student,Undergraduate,9 hours or more,3,1-3 days,5-6 hours,3,2-3 cups,Often,Rarely,2,3,3,1,1,3,3,2,2,2,3,3,3,2,2,2,1,2,3,2,44,Medium
20,18-24 years,Female,Student,Higher Secondary,5-6 hours,3,Never,6-7 hours,2,1-2 cups,Rarely,Sometimes,2,3,2,2,3,2,4,3,3,2,1,3,1,2,2,3,2,2,2,2,47,Medium
27,25-31 years,Male,Working,Undergraduate,5-6 hours,2,3-5 days,6-7 hours,2,1-2 cups,Often,Sometimes,2,1,3,2,2,2,2,3,4,2,2,2,4,3,3,2,3,3,3,3,56,Medium
19,18-24 years,Male,Student,Undergraduate,7-8 hours,2,1-3 days,5-6 hours,2,1-2 cups,Sometimes,Sometimes,1,3,3,2,3,1,1,2,3,3,3,1,1,2,2,3,4,3,3,2,57,Medium
25,25-31 years,Male,Student,Undergraduate,5-6 hours,2,1-3 days,6-7 hours,3,1-2 cups,Often,Rarely,2,3,2,1,2,2,4,2,2,2,3,2,3,1,2,3,2,4,1,3,45,Medium
22,18-24 years,Female,Student,Undergraduate,7-8 hours,2,more than 5 days,5-6 hours,2,2-3 cups,Always,Rarely,1,2,2,1,1,1,3,4,2,2,2,1,3,3,3,3,3,1,2,2,49,Medium
21,18-24 years,Female,Student,Undergraduate,7-8 hours,2,Never,6-7 hours,1,1-2 cups,Sometimes,Rarely,4,3,1,2,2,3,4,3,2,2,3,1,3,2,3,2,1,1,4,2,45,Medium
28,25-31 years,Male,Both,Undergraduate,7-8 hours,4,3-5 days,Less than 5 hours,2,0 cup,Sometimes,Often,1,2,1,3,3,1,2,2,4,4,2,1,4,3,1,1,3,3,4,1,71,High
23,18-24 years,Female,Student,Undergraduate,5-6 hours,2,1-3 days,6-7 hours,4,1-2 cups,Sometimes,Sometimes,2,3,3,1,3,2,2,2,2,3,2,2,3,4,2,4,2,3,1,2,51,Medium
23,18-24 years,Male,Student,Undergraduate,5-6 hours,2,1-3 days,5-6 hours,3,1-2 cups,Often,Sometimes,1,2,2,2,3,3,2,3,2,2,2,2,1,3,2,2,3,2,1,2,51,Medium
26,25-31 years,Male,Student,Graduate,5-6 hours,3,1-3 days,8 hours or more,2,1-2 cups,Sometimes,Sometimes,1,3,2,1,1,4,2,3,2,4,3,2,3,2,3,3,1,2,2,3,44,Medium
23,18-24 years,Male,Student,Undergraduate,7-8 hours,4,1-3 days,5-6 hours,3,1-2 cups,Sometimes,Sometimes,3,3,2,1,2,1,3,2,3,3,1,1,2,1,3,2,2,2,3,3,50,Medium
16,Below 18 years,Male,Student,Higher Secondary,5-6 hours,2,Never,8 hours or more,3,2-3 cups,Always,Rarely,4,3,3,1,2,4,2,3,1,1,3,4,1,1,4,3,1,1,2,4,29,Low
24,18-24 years,Female,Student,Undergraduate,5-6 hours,2,1-3 days,6-7 hours,3,2-3 cups,Often,Often,1,3,4,3,2,2,2,3,3,2,3,2,2,3,3,3,2,3,1,1,49,Medium
28,25-31 years,Male,Both,Undergraduate,7-8 hours,2,3-5 days,5-6 hours,2,2-3 cups,Sometimes,Sometimes,3,4,2,3,1,1,2,1,2,3,2,1,2,4,4,2,1,2,2,1,52,Medium
27,25-31 years,Male,Student,Undergraduate,5-6 hours,1,1-3 days,6-7 hours,4,2-3 cups,Always,Rarely,2,1,2,1,3,2,4,3,3,3,3,2,1,1,3,2,1,1,2,3,44,Medium
22,18-24 years,Male,Student,Undergraduate,5-6 hours,4,1-3 days,5-6 hours,3,1-2 cups,Often,Sometimes,1,2,2,2,2,2,2,4,3,2,3,3,1,2,4,3,2,2,1,4,42,Medium
23,18-24 years,Male,Student,Undergraduate,5-6 hours,4,Never,5-6 hours,3,2-3 cups,Often,Rarely,3,2,3,2,2,4,1,2,3,3,2,4,2,4,3,2,3,2,3,3,50,Medium
25,25-31 years,Male,Student,Undergraduate,5-6 hours,3,Never,5-6 hours,2,2-3 cups,Sometimes,Sometimes,2,3,2,1,2,2,3,3,3,2,1,3,2,4,3,3,3,2,3,2,50,Medium
26,25-31 years,Female,Student,Undergraduate,7-8 hours,4,1-3 days,6-7 hours,1,2-3 cups,Sometimes,Rarely,4,3,1,2,3,1,3,1,1,1,2,2,1,3,2,3,3,2,3,3,49,Medium
21,18-24 years,Male,Student,Undergraduate,7-8 hours,2,Never,6-7 hours,2,0 cup,Sometimes,Rarely,1,1,3,2,3,3,3,2,1,4,3,3,3,2,1,3,1,1,1,2,48,Medium
26,25-31 years,Male,Student,Undergraduate,7-8 hours,2,1-3 days,6-7 hours,3,0 cup,Often,Rarely,1,3,3,2,2,2,3,2,3,2,3,1,1,1,3,4,2,2,1,2,44,Medium
29,25-31 years,Male,Both,Graduate,7-8 hours,2,3-5 days,5-6 hours,3,2-3 cups,Often,Rarely,2,2,3,3,2,1,1,4,3,3,3,1,2,3,2,3,2,2,1,1,53,Medium
27,25-31 years,Male,Student,Undergraduate,5-6 hours,3,1-3 days,5-6 hours,2,1-2 cups,Sometimes,Sometimes,2,2,1,4,1,1,1,4,2,2,1,3,3,4,3,2,2,1,2,2,54,Medium
19,18-24 years,Female,Student,Higher Secondary,7-8 hours,4,1-3 days,6-7 hours,3,0 cup,Sometimes,Often,1,1,2,3,3,1,2,2,3,4,2,1,4,4,1,2,3,3,3,1,69,High
19,18-24 years,Female,Student,Higher Secondary,Less than 5 hours,3,Never,6-7 hours,1,more than 3 cups,Always,Sometimes,2,3,4,1,1,2,4,4,4,1,1,3,1,2,1,2,2,2,3,1,45,Medium
21,18-24 years,Male,Student,Undergraduate,7-8 hours,2,1-3 days,6-7 hours,3,2-3 cups,Often,Often,2,4,4,1,1,2,1,2,3,2,3,3,2,3,4,3,1,3,4,2,45,Medium
29,25-31 years,Female,Both,Undergraduate,7-8 hours,1,1-3 days,6-7 hours,3,2-3 cups,Sometimes,Sometimes,2,3,3,2,1,4,3,3,1,2,2,4,1,3,3,1,2,3,2,1,43,Medium
34,32-38 years,Male,Working,Undergraduate,7-8 hours,4,Never,5-6 hours,3,0 cup,Often,Rarely,2,2,3,3,1,1,3,2,2,3,2,1,2,3,3,2,1,1,2,1,51,Medium
24,18-24 years,Male,Student,Undergraduate,5-6 hours,4,1-3 days,8 hours or more,3,2-3 cups,Often,Rarely,1,2,3,2,4,3,2,2,3,3,2,2,2,2,2,2,1,2,3,2,54,Medium
25,25-31 years,Male,Student,Undergraduate,5-6 hours,2,Never,6-7 hours,2,1-2 cups,Sometimes,Rarely,3,2,1,1,2,2,2,2,2,2,2,3,2,2,2,3,3,1,2,3,47,Medium
26,25-31 years,Male,Student,Undergraduate,5-6 hours,2,3-5 days,6-7 hours,2,0 cup,Sometimes,Rarely,3,1,3,3,1,2,2,2,3,2,2,2,3,4,2,1,4,3,2,2,58,Medium
18,18-24 years,Female,Student,Higher Secondary,5-6 hours,3,Never,6-7 hours,2,1-2 cups,Sometimes,Rarely,3,3,2,1,1,1,2,3,3,3,1,3,2,2,2,4,2,1,2,2,46,Medium
45,Above 38 years,Male,Working,Graduate,7-8 hours,4,3-5 days,Less than 5 hours,3,0 cup,Sometimes,Often,1,2,1,3,3,1,2,2,4,3,2,1,3,3,2,1,4,3,3,2,67,High
26,25-31 years,Male,Student,Undergraduate,5-6 hours,2,1-3 days,6-7 hours,2,0 cup,Sometimes,Rarely,2,3,3,1,3,3,2,2,2,3,3,3,2,2,2,2,2,3,2,2,48,Medium
28,25-31 years,Male,Student,Undergraduate,7-8 hours,3,Never,5-6 hours,2,1-2 cups,Sometimes,Sometimes,2,3,2,1,1,3,3,2,1,3,2,2,2,3,2,2,1,4,3,3,48,Medium
27,25-31 years,Female,Working,Undergraduate,7-8 hours,3,3-5 days,5-6 hours,3,1-2 cups,Sometimes,Often,2,2,2,3,3,2,2,2,3,4,2,2,1,3,2,2,4,3,2,1,60,High
21,18-24 years,Male,Student,Higher Secondary,5-6 hours,3,1-3 days,5-6 hours,3,1-2 cups,Sometimes,Sometimes,3,2,3,2,2,3,2,4,1,1,3,3,2,2,3,3,3,1,1,3,38,Low
23,18-24 years,Female,Student,Undergraduate,7-8 hours,4,3-5 days,5-6 hours,3,0 cup,Rarely,Often,2,1,2,1,3,2,2,2,3,3,1,1,3,2,2,2,4,3,3,1,62,High
32,32-38 years,Male,Working,Graduate,7-8 hours,3,1-3 days,5-6 hours,3,1-2 cups,Sometimes,Sometimes,4,2,2,2,3,2,1,1,3,4,2,1,3,2,2,3,4,3,3,2,60,High
25,25-31 years,Male,Both,Graduate,Less than 5 hours,2,Never,6-7 hours,5,2-3 cups,Always,Never,4,2,3,2,1,3,2,3,2,1,2,4,2,1,4,3,2,1,1,4,34,Low
20,18-24 years,Male,Student,Higher Secondary,5-6 hours,3,Never,8 hours or more,3,0 cup,Often,Rarely,4,4,2,1,1,3,3,3,1,2,1,3,2,1,3,2,3,1,2,2,39,Low
26,25-31 years,Female,Working,Graduate,5-6 hours,4,Never,6-7 hours,4,2-3 cups,Often,Sometimes,3,2,3,2,2,2,1,1,3,3,1,2,3,1,2,2,4,1,3,2,56,Medium
23,18-24 years,Male,Student,Undergraduate,7-8 hours,4,1-3 days,5-6 hours,2,0 cup,Rarely,Sometimes,2,2,3,3,3,2,1,2,1,3,1,2,3,2,4,2,3,2,3,1,56,Medium
22,18-24 years,Male,Both,Undergraduate,5-6 hours,3,1-3 days,6-7 hours,4,0 cup,Sometimes,Sometimes,4,2,2,1,2,3,2,3,2,3,2,3,2,1,4,3,3,2,2,1,44,Medium
24,18-24 years,Male,Both,Undergraduate,7-8 hours,4,Never,5-6 hours,3,0 cup,Sometimes,Sometimes,3,2,2,3,2,2,2,2,2,1,4,3,2,2,3,2,3,1,2,2,46,Medium
25,25-31 years,Female,Student,Graduate,5-6 hours,4,1-3 days,6-7 hours,4,0 cup,Often,Sometimes,3,2,3,1,2,2,3,2,2,2,3,2,3,1,4,2,3,1,2,3,43,Medium
19,18-24 years,Male,Student,Higher Secondary,9 hours or more,4,3-5 days,5-6 hours,3,1-2 cups,Often,Sometimes,3,2,3,1,2,2,3,3,1,3,2,2,3,2,2,2,3,2,2,2,48,Medium
23,18-24 years,Female,Student,Undergraduate,5-6 hours,4,3-5 days,5-6 hours,3,0 cup,Often,Sometimes,3,2,3,2,3,3,3,4,2,3,2,3,3,1,2,3,3,1,2,2,45,Medium
25,25-31 years,Female,Student,Undergraduate,7-8 hours,5,Never,Less than 5 hours,3,0 cup,Rarely,Sometimes,2,2,2,4,2,2,2,2,2,4,4,2,4,3,1,4,2,2,2,2,55,Medium
21,18-24 years,Male,Student,Undergraduate,7-8 hours,4,1-3 days,6-7 hours,3,1-2 cups,Rarely,Sometimes,4,2,2,3,2,2,2,3,1,3,3,2,3,1,3,2,3,1,3,2,48,Medium
24,18-24 years,Male,Student,Undergraduate,7-8 hours,5,3-5 days,5-6 hours,2,0 cup,Rarely,Sometimes,2,1,3,2,3,2,2,2,3,2,2,2,3,1,3,3,2,2,3,2,52,Medium
21,18-24 years,Female,Student,Undergraduate,7-8 hours,4,3-5 days,5-6 hours,3,0 cup,Sometimes,Often,3,2,3,2,2,3,2,2,1,1,3,2,3,2,3,3,2,3,1,1,45,Medium
22,18-24 years,Female,Student,Undergraduate,7-8 hours,4,Never,5-6 hours,3,0 cup,Sometimes,Sometimes,4,2,2,1,2,3,1,3,2,1,2,3,2,2,2,3,3,2,2,2,45,Medium
23,18-24 years,Female,Student,Undergraduate,7-8 hours,4,3-5 days,5-6 hours,3,0 cup,Often,Sometimes,3,1,1,2,3,2,2,1,4,4,1,2,3,2,2,2,4,3,4,1,66,High
24,18-24 years,Female,Student,Graduate,7-8 hours,5,1-3 days,6-7 hours,2,0 cup,Rarely,Often,4,2,3,4,2,1,2,1,3,3,2,2,4,1,3,2,3,2,3,2,56,Medium
32,32-38 years,Male,Working,Graduate,5-6 hours,2,Never,8 hours or more,4,more than 3 cups,Always,Rarely,3,3,3,1,2,3,2,3,4,2,2,3,2,1,3,3,2,1,2,3,41,Medium
28,25-31 years,Female,Working,Graduate,7-8 hours,4,1-3 days,Less than 5 hours,2,1-2 cups,Rarely,Sometimes,3,2,2,3,3,2,3,2,3,3,1,1,2,1,4,2,3,2,3,1,55,Medium
24,18-24 years,Male,Both,Undergraduate,Less than 5 hours,1,Never,6-7 hours,5,2-3 cups,Always,Never,4,3,4,2,2,4,3,3,2,2,4,4,1,1,4,3,2,1,1,4,29,Low
18,18-24 years,Female,Student,Higher Secondary,7-8 hours,3,Never,8 hours or more,2,0 cup,Rarely,Rarely,3,2,3,2,1,2,3,2,2,1,2,2,2,2,3,2,3,1,2,3,44,Medium
25,25-31 years,Female,Student,Graduate,7-8 hours,5,3-5 days,5-6 hours,2,0 cup,Rarely,Sometimes,3,1,2,3,3,1,1,2,3,4,1,1,3,2,1,2,4,3,3,1,67,High
21,18-24 years,Male,Student,Undergraduate,7-8 hours,4,1-3 days,6-7 hours,4,2-3 cups,Often,Never,4,2,3,3,2,3,3,3,1,2,3,2,3,1,4,3,3,1,2,2,41,Medium
35,32-38 years,Female,Working,Graduate,5-6 hours,2,Never,5-6 hours,4,1-2 cups,Always,Rarely,3,2,3,2,1,3,3,2,3,3,2,1,2,1,3,3,4,2,2,3,47,Medium
28,25-31 years,Male,Both,Graduate,7-8 hours,4,3-5 days,5-6 hours,3,0 cup,Sometimes,Sometimes,3,1,2,3,3,2,1,1,3,4,1,2,3,2,2,1,4,3,3,1,66,High
18,18-24 years,Male,Student,Higher Secondary,9 hours or more,4,1-3 days,6-7 hours,2,0 cup,Rarely,Often,3,2,2,2,2,3,1,3,3,2,2,2,2,3,2,3,4,2,3,1,54,Medium
27,25-31 years,Male,Both,Graduate,5-6 hours,4,Never,6-7 hours,4,2-3 cups,Sometimes,Sometimes,2,2,3,2,2,2,3,2,3,3,2,3,2,2,3,1,3,2,2,3,50,Medium
26,25-31 years,Female,Student,Undergraduate,5-6 hours,4,1-3 days,6-7 hours,4,0 cup,Sometimes,Rarely,4,2,2,2,2,3,3,2,1,4,2,3,3,1,2,2,2,3,2,2,48,Medium
23,18-24 years,Male,Student,Undergraduate,7-8 hours,3,1-3 days,5-6 hours,3,1-2 cups,Sometimes,Sometimes,3,2,3,2,2,2,3,2,1,3,2,2,2,1,3,2,3,1,2,2,46,Medium
25,25-31 years,Male,Student,Undergraduate,5-6 hours,3,1-3 days,6-7 hours,2,0 cup,Often,Rarely,2,3,4,3,2,3,1,2,3,3,4,3,2,3,2,1,2,2,1,2,49,Medium
22,18-24 years,Female,Student,Undergraduate,5-6 hours,2,1-3 days,5-6 hours,4,0 cup,Sometimes,Sometimes,1,2,3,4,3,3,3,2,2,2,2,3,2,2,2,1,2,2,2,2,52,Medium
28,25-31 years,Male,Working,Undergraduate,7-8 hours,4,3-5 days,Less than 5 hours,2,0 cup,Sometimes,Often,2,2,1,3,3,2,1,1,3,4,2,2,3,3,2,2,4,3,4,1,67,High
24,18-24 years,Female,Student,Undergraduate,7-8 hours,3,Never,5-6 hours,2,1-2 cups,Sometimes,Sometimes,2,4,3,2,1,2,3,4,3,2,3,1,2,3,2,1,2,3,4,3,49,Medium
25,25-31 years,Male,Student,Undergraduate,5-6 hours,2,1-3 days,5-6 hours,2,0 cup,Sometimes,Sometimes,1,2,3,2,2,3,2,3,3,2,2,3,2,3,2,2,2,3,4,3,52,Medium
24,18-24 years,Female,Student,Undergraduate,7-8 hours,2,1-3 days,Less than 5 hours,2,1-2 cups,Often,Rarely,2,3,3,2,1,2,3,3,3,2,2,1,2,2,3,3,2,2,3,2,47,Medium
22,18-24 years,Female,Student,Undergraduate,9 hours or more,5,1-3 days,5-6 hours,2,1-2 cups,Often,Sometimes,2,4,3,2,2,2,1,3,2,2,4,3,2,2,1,2,3,2,3,2,48,Medium
24,18-24 years,Male,Student,Undergraduate,7-8 hours,3,3-5 days,Less than 5 hours,2,1-2 cups,Sometimes,Often,1,2,1,3,3,1,2,2,3,4,1,2,3,3,2,2,3,4,3,2,66,High
27,25-31 years,Female,Student,Undergraduate,5-6 hours,2,1-3 days,5-6 hours,2,1-2 cups,Often,Sometimes,2,3,4,1,2,3,2,1,2,3,3,2,1,2,3,2,2,1,2,3,43,Medium
23,18-24 years,Male,Student,Undergraduate,5-6 hours,2,1-3 days,6-7 hours,2,1-2 cups,Often,Sometimes,2,3,2,1,2,3,4,3,2,3,2,3,2,3,2,2,3,2,3,2,48,Medium
25,25-31 years,Female,Student,Undergraduate,5-6 hours,2,1-3 days,5-6 hours,2,1-2 cups,Often,Rarely,2,4,3,2,3,2,3,2,2,2,3,1,2,3,2,1,3,2,3,3,51,Medium
25,25-31 years,Male,Student,Undergraduate,9 hours or more,3,Never,5-6 hours,2,1-2 cups,Sometimes,Sometimes,2,1,3,2,1,2,3,4,3,2,2,3,2,2,3,2,3,3,2,2,48,Medium
25,25-31 years,Male,Student,Undergraduate,5-6 hours,4,Never,5-6 hours,2,1-2 cups,Sometimes,Sometimes,1,2,3,2,4,3,2,2,2,3,4,3,3,2,2,3,2,3,2,2,51,Medium
32,32-38 years,Female,Working,Undergraduate,5-6 hours,2,1-3 days,5-6 hours,2,1-2 cups,Sometimes,Rarely,1,2,4,3,2,2,3,3,4,3,2,3,3,2,3,2,3,3,2,3,52,Medium
27,25-31 years,Male,Student,Undergraduate,5-6 hours,2,1-3 days,8 hours or more,2,1-2 cups,Sometimes,Sometimes,1,2,3,3,3,2,2,1,2,2,3,2,3,3,3,3,2,3,3,2,55,Medium
21,18-24 years,Male,Student,Undergraduate,5-6 hours,2,Never,6-7 hours,2,0 cup,Often,Sometimes,2,1,3,4,3,2,2,3,4,3,2,1,2,3,3,2,2,2,2,3,56,Medium
24,18-24 years,Female,Student,Undergraduate,5-6 hours,2,1-3 days,6-7 hours,3,1-2 cups,Often,Sometimes,2,3,4,3,2,3,2,2,1,2,3,3,2,1,2,3,3,3,2,3,44,Medium
23,18-24 years,Male,Student,Undergraduate,9 hours or more,1,Never,8 hours or more,2,0 cup,Always,Rarely,3,3,4,1,2,3,4,4,1,2,3,3,1,1,3,3,1,2,2,4,31,Low
28,25-31 years,Male,Working,Graduate,5-6 hours,3,1-3 days,5-6 hours,3,0 cup,Often,Sometimes,3,2,2,2,2,3,2,2,3,3,2,2,2,2,3,2,1,2,2,2,49,Medium
22,18-24 years,Male,Student,Undergraduate,5-6 hours,2,Never,5-6 hours,2,1-2 cups,Often,Rarely,2,2,3,4,3,2,2,2,1,3,2,3,3,2,3,2,3,1,1,2,51,Medium
35,32-38 years,Male,Working,Graduate,7-8 hours,4,3-5 days,5-6 hours,2,0 cup,Often,Sometimes,4,1,2,1,3,2,2,2,3,3,1,2,3,2,2,2,4,2,3,2,57,Medium
30,25-31 years,Female,Working,Graduate,5-6 hours,3,Never,5-6 hours,4,0 cup,Sometimes,Rarely,3,2,2,3,1,2,2,1,3,4,1,2,2,3,2,3,2,2,2,2,55,Medium
26,25-31 years,Male,Both,Graduate,7-8 hours,4,Never,6-7 hours,4,2-3 cups,Often,Rarely,4,3,3,1,2,3,3,3,1,2,3,3,2,1,4,3,2,1,2,4,33,Low
18,18-24 years,Male,Student,Higher Secondary,7-8 hours,5,1-3 days,6-7 hours,4,0 cup,Rarely,Often,3,3,2,3,2,2,3,1,3,4,1,2,3,2,3,2,3,2,3,2,56,Medium
20,18-24 years,Male,Student,Higher Secondary,9 hours or more,5,Never,6-7 hours,4,0 cup,Sometimes,Sometimes,3,2,2,3,2,3,2,3,1,1,3,2,3,2,3,2,2,2,2,2,46,Medium
20,18-24 years,Female,Student,Higher Secondary,7-8 hours,4,1-3 days,5-6 hours,1,0 cup,Sometimes,Sometimes,4,2,2,2,2,3,2,3,2,1,4,2,2,1,2,2,1,1,1,2,40,Medium
35,32-38 years,Female,Working,Graduate,5-6 hours,2,Never,5-6 hours,4,1-2 cups,Often,Rarely,3,2,2,1,2,3,2,1,3,3,1,3,2,2,3,2,3,3,2,3,51,Medium
21,18-24 years,Female,Student,Higher Secondary,7-8 hours,4,1-3 days,6-7 hours,2,0 cup,Rarely,Sometimes,2,1,2,3,1,2,2,2,1,1,3,2,1,1,3,2,2,1,2,2,45,Medium
21,18-24 years,Female,Both,Undergraduate,5-6 hours,3,1-3 days,6-7 hours,4,0 cup,Sometimes,Sometimes,3,2,3,3,2,4,2,2,3,2,2,3,2,1,2,3,2,2,2,2,46,Medium
17,Below 18 years,Female,Student,Higher Secondary,7-8 hours,4,1-3 days,6-7 hours,2,0 cup,Rarely,Sometimes,2,1,2,3,2,1,2,2,3,2,3,2,4,2,3,2,4,3,3,2,59,Medium
19,18-24 years,Female,Student,Higher Secondary,Less than 5 hours,2,Never,8 hours or more,2,1-2 cups,Often,Rarely,4,3,3,2,1,2,2,3,1,2,4,3,2,1,3,3,2,1,2,3,36,Low
22,18-24 years,Female,Student,Undergraduate,5-6 hours,3,1-3 days,5-6 hours,2,0 cup,Sometimes,Often,3,2,2,3,3,2,2,4,2,2,2,2,3,3,3,2,2,3,2,1,53,Medium
30,25-31 years,Male,Working,Graduate,7-8 hours,4,Never,6-7 hours,4,1-2 cups,Always,Sometimes,3,2,2,1,3,3,1,1,3,3,1,2,2,3,2,2,4,3,3,1,60,High
21,18-24 years,Female,Student,Higher Secondary,7-8 hours,5,1-3 days,5-6 hours,2,1-2 cups,Rarely,Sometimes,3,2,2,3,2,2,3,4,1,2,3,3,2,1,4,2,3,1,2,2,42,Medium
21,18-24 years,Male,Student,Undergraduate,7-8 hours,3,1-3 days,5-6 hours,3,0 cup,Often,Sometimes,1,2,3,3,2,1,3,4,3,1,2,2,3,2,3,2,3,2,1,2,50,Medium
31,25-31 years,Female,Working,Undergraduate,5-6 hours,2,1-3 days,5-6 hours,1,1-2 cups,Often,Sometimes,3,2,2,3,2,3,1,2,3,2,2,2,3,3,3,2,1,2,3,2,53,Medium
24,18-24 years,Male,Student,Undergraduate,9 hours or more,2,1-3 days,5-6 hours,2,0 cup,Often,Rarely,2,1,2,2,3,2,4,3,2,4,2,2,2,4,2,3,4,4,3,3,57,Medium
20,18-24 years,Male,Student,Higher Secondary,9 hours or more,4,Never,5-6 hours,3,0 cup,Rarely,Sometimes,2,3,2,1,3,3,2,2,3,2,2,2,3,3,3,4,3,1,2,2,49,Medium
24,18-24 years,Male,Student,Undergraduate,5-6 hours,2,1-3 days,5-6 hours,2,1-2 cups,Often,Rarely,3,2,2,2,4,3,1,2,1,4,3,2,1,1,2,2,3,3,3,2,53,Medium
18,18-24 years,Female,Student,Higher Secondary,7-8 hours,5,3-5 days,5-6 hours,1,0 cup,Sometimes,Rarely,3,2,2,1,2,3,3,1,1,3,1,2,3,2,3,3,3,1,2,2,48,Medium
22,18-24 years,Female,Student,Undergraduate,Less than 5 hours,2,Never,8 hours or more,5,2-3 cups,Sometimes,Sometimes,4,3,4,1,1,4,3,4,1,1,4,3,2,1,3,4,2,2,1,3,28,Low
24,18-24 years,Female,Student,Undergraduate,5-6 hours,3,1-3 days,6-7 hours,3,0 cup,Rarely,Sometimes,2,1,3,2,3,2,3,2,2,3,3,2,3,2,4,3,3,1,3,2,50,Medium
30,25-31 years,Female,Working,Graduate,5-6 hours,4,Never,5-6 hours,3,0 cup,Often,Sometimes,3,2,2,3,2,2,2,1,3,4,2,1,3,2,3,2,4,4,3,2,61,High
52,Above 38 years,Male,Working,Graduate,7-8 hours,5,more than 5 days,Less than 5 hours,3,1-2 cups,Sometimes,Sometimes,2,1,1,2,3,2,1,1,3,4,1,2,2,2,3,2,4,3,4,1,65,High
23,18-24 years,Male,Student,Undergraduate,7-8 hours,4,Never,6-7 hours,4,2-3 cups,Often,Sometimes,3,2,3,1,2,3,2,3,3,2,3,2,3,2,3,4,3,1,2,2,44,Medium
20,18-24 years,Male,Student,Higher Secondary,7-8 hours,5,3-5 days,6-7 hours,3,0 cup,Sometimes,Sometimes,4,2,2,1,2,3,3,4,1,1,4,2,3,1,4,3,1,1,3,3,35,Low
27,25-31 years,Male,Working,Graduate,5-6 hours,3,1-3 days,6-7 hours,4,2-3 cups,Often,Rarely,3,2,1,2,2,2,2,1,2,3,2,3,2,1,2,2,4,3,3,1,56,Medium
25,25-31 years,Female,Both,Graduate,5-6 hours,3,1-3 days,5-6 hours,3,0 cup,Sometimes,Sometimes,2,1,2,2,3,2,1,3,4,4,1,2,2,1,3,2,4,2,3,2,59,Medium
26,25-31 years,Male,Working,Graduate,7-8 hours,4,3-5 days,6-7 hours,2,2-3 cups,Rarely,Sometimes,1,1,2,4,3,1,2,1,3,4,1,2,3,1,2,2,4,4,4,2,68,High
30,25-31 years,Male,Working,Graduate,5-6 hours,3,Never,5-6 hours,4,more than 3 cups,Rarely,Sometimes,3,2,2,2,3,2,3,2,2,2,2,3,2,3,3,2,2,3,2,1,51,Medium
40,Above 38 years,Male,Working,Postgraduate,7-8 hours,4,3-5 days,5-6 hours,2,1-2 cups,Often,Sometimes,3,2,2,3,3,2,3,1,3,3,1,3,2,2,1,2,3,2,3,2,57,Medium
32,32-38 years,Female,Both,Undergraduate,7-8 hours,5,3-5 days,5-6 hours,4,1-2 cups,Sometimes,Sometimes,3,2,2,1,2,3,1,1,3,3,1,2,3,2,2,2,4,4,2,1,59,Medium
21,18-24 years,Female,Student,Higher Secondary,5-6 hours,3,3-5 days,5-6 hours,2,0 cup,Rarely,Sometimes,2,1,2,2,4,2,1,1,2,3,1,2,3,2,3,2,4,3,3,1,63,High
24,18-24 years,Female,Both,Graduate,7-8 hours,3,Never,5-6 hours,3,0 cup,Rarely,Sometimes,4,2,2,1,3,2,3,2,1,2,2,2,2,3,3,4,3,1,3,2,46,Medium
26,25-31 years,Female,Student,Graduate,5-6 hours,3,Never,6-7 hours,3,1-2 cups,Rarely,Sometimes,3,1,3,3,2,3,2,4,1,3,1,2,3,3,2,3,3,1,3,2,51,Medium
30,25-31 years,Female,Both,Graduate,Less than 5 hours,2,Never,8 hours or more,5,2-3 cups,Often,Rarely,4,3,3,1,2,2,3,3,3,3,2,3,2,1,4,4,2,1,2,4,37,Low
22,18-24 years,Female,Student,Undergraduate,5-6 hours,2,Never,Less than 5 hours,3,1-2 cups,Often,Sometimes,1,1,1,1,3,3,3,2,2,3,3,1,2,3,2,4,1,2,3,2,52,Medium
24,18-24 years,Male,Student,Undergraduate,9 hours or more,4,3-5 days,5-6 hours,3,1-2 cups,Often,Sometimes,3,3,1,2,2,2,1,3,4,2,1,2,3,3,1,2,2,2,2,2,56,Medium
24,18-24 years,Female,Both,Undergraduate,9 hours or more,1,1-3 days,5-6 hours,4,1-2 cups,Sometimes,Rarely,1,1,4,2,1,2,2,4,3,2,3,2,2,3,3,1,2,3,2,3,49,Medium
24,18-24 years,Female,Student,Graduate,5-6 hours,3,3-5 days,5-6 hours,4,2-3 cups,Sometimes,Rarely,4,3,2,1,3,2,2,3,1,2,3,3,2,3,3,2,3,1,2,2,44,Medium
22,18-24 years,Male,Student,Undergraduate,7-8 hours,4,1-3 days,5-6 hours,2,0 cup,Sometimes,Often,1,1,2,3,3,1,1,3,3,3,1,2,2,3,2,1,3,3,2,2,63,High
18,18-24 years,Male,Student,Higher Secondary,5-6 hours,2,Never,6-7 hours,4,0 cup,Often,Sometimes,2,3,1,2,2,3,2,1,4,3,3,2,1,3,2,1,3,2,1,3,53,Medium
26,25-31 years,Male,Both,Undergraduate,7-8 hours,2,1-3 days,6-7 hours,4,2-3 cups,Often,Sometimes,1,3,2,1,4,2,2,3,3,2,3,2,3,2,3,2,4,3,2,2,54,Medium
21,18-24 years,Male,Student,Higher Secondary,5-6 hours,2,Never,8 hours or more,5,2-3 cups,Sometimes,Rarely,4,3,4,2,1,3,3,4,1,1,4,3,2,1,3,4,1,1,2,1,31,Low
35,32-38 years,Male,Working,Graduate,5-6 hours,4,Never,5-6 hours,4,1-2 cups,Always,Rarely,3,2,3,1,2,2,2,1,3,3,1,1,2,1,3,3,4,3,2,2,53,Medium
21,18-24 years,Female,Student,Higher Secondary,5-6 hours,3,Never,6-7 hours,2,0 cup,Sometimes,Sometimes,3,2,2,2,3,2,3,3,1,2,3,3,2,1,4,4,3,2,2,1,43,Medium
28,25-31 years,Male,Both,Graduate,5-6 hours,3,Never,6-7 hours,4,0 cup,Always,Sometimes,3,2,2,2,3,2,1,1,3,3,1,2,3,2,4,3,3,2,2,2,55,Medium
20,18-24 years,Male,Student,Higher Secondary,9 hours or more,4,3-5 days,6-7 hours,2,2-3 cups,Rarely,Sometimes,4,1,1,3,2,2,1,1,2,3,2,2,3,2,2,2,4,3,3,1,61,High
25,25-31 years,Male,Student,Undergraduate,7-8 hours,2,1-3 days,6-7 hours,2,2-3 cups,Often,Rarely,2,1,3,1,2,3,2,3,2,2,1,3,2,3,2,1,2,3,2,2,51,Medium
24,18-24 years,Male,Student,Undergraduate,9 hours or more,2,Never,6-7 hours,2,2-3 cups,Often,Sometimes,2,3,2,1,2,2,3,2,2,1,3,3,2,2,3,3,2,2,3,2,44,Medium
22,18-24 years,Male,Student,Undergraduate,5-6 hours,2,1-3 days,5-6 hours,3,1-2 cups,Sometimes,Sometimes,2,2,3,3,2,3,2,2,2,3,3,2,2,2,1,3,1,2,4,3,50,Medium
23,18-24 years,Female,Student,Graduate,5-6 hours,3,1-3 days,8 hours or more,5,1-2 cups,Rarely,Never,4,3,3,1,3,3,3,3,1,3,2,2,3,3,3,3,4,4,3,3,48,Medium
25,25-31 years,Male,Student,Undergraduate,7-8 hours,4,Never,5-6 hours,2,1-2 cups,Rarely,Rarely,4,1,1,1,2,4,3,2,3,2,2,2,4,1,4,4,4,4,1,3,47,Medium
26,25-31 years,Male,Student,Undergraduate,Less than 5 hours,3,Never,5-6 hours,5,1-2 cups,Always,Sometimes,1,1,2,3,3,4,3,2,4,3,4,4,4,4,2,2,4,4,2,2,59,Medium
25,25-31 years,Male,Student,Undergraduate,7-8 hours,4,1-3 days,5-6 hours,3,1-2 cups,Often,Rarely,3,3,3,2,2,4,3,3,3,3,2,3,3,3,3,2,3,3,2,3,47,Medium
23,18-24 years,Male,Student,Undergraduate,5-6 hours,3,1-3 days,5-6 hours,3,0 cup,Sometimes,Sometimes,3,2,3,2,2,3,2,3,3,2,2,2,3,2,2,3,3,1,2,3,47,Medium
24,18-24 years,Female,Student,Undergraduate,5-6 hours,2,Never,8 hours or more,5,0 cup,Sometimes,Rarely,4,3,3,1,2,4,4,4,2,2,3,3,2,1,4,3,2,1,1,3,31,Low
20,18-24 years,Male,Student,Higher Secondary,7-8 hours,4,1-3 days,6-7 hours,4,2-3 cups,Often,Sometimes,3,2,3,2,2,2,3,2,3,2,3,3,2,2,4,3,2,3,2,3,44,Medium
18,18-24 years,Female,Student,Higher Secondary,9 hours or more,4,1-3 days,5-6 hours,2,0 cup,Rarely,Often,2,1,2,2,3,1,1,2,2,3,1,2,3,2,2,1,4,4,3,1,65,High
23,18-24 years,Male,Student,Undergraduate,5-6 hours,3,3-5 days,5-6 hours,4,2-3 cups,Often,Sometimes,4,2,3,2,3,2,3,3,2,1,4,2,1,1,3,3,1,1,2,3,37,Low
35,32-38 years,Male,Working,Graduate,7-8 hours,3,1-3 days,5-6 hours,3,2-3 cups,Sometimes,Sometimes,3,2,2,2,2,2,2,1,3,3,2,1,3,1,2,2,4,2,3,1,58,Medium
20,18-24 years,Male,Student,Higher Secondary,7-8 hours,5,3-5 days,5-6 hours,2,0 cup,Rarely,Often,2,1,2,3,3,2,1,2,3,3,1,2,4,2,2,2,4,4,3,1,66,High
28,25-31 years,Female,Both,Graduate,5-6 hours,3,1-3 days,6-7 hours,4,2-3 cups,Always,Sometimes,3,3,2,2,3,2,2,3,3,3,2,2,2,1,3,2,3,2,3,2,51,Medium
25,25-31 years,Female,Student,Graduate,5-6 hours,2,Never,8 hours or more,5,0 cup,Sometimes,Sometimes,4,3,2,1,2,4,2,1,3,2,3,4,1,1,4,2,3,2,2,3,40,Medium
23,18-24 years,Female,Student,Undergraduate,5-6 hours,3,1-3 days,5-6 hours,3,1-2 cups,Sometimes,Sometimes,4,2,3,2,2,4,3,2,3,1,4,2,3,2,4,3,3,2,2,2,42,Medium
30,25-31 years,Female,Working,Graduate,7-8 hours,4,Never,5-6 hours,3,2-3 cups,Often,Sometimes,2,2,3,2,2,2,3,2,2,3,2,2,3,2,2,4,4,3,3,3,52,Medium
24,18-24 years,Female,Student,Graduate,5-6 hours,2,Never,8 hours or more,5,0 cup,Often,Rarely,4,3,3,1,2,4,3,3,2,2,3,4,2,1,4,3,2,1,2,3,33,Low
23,18-24 years,Female,Student,Undergraduate,7-8 hours,4,1-3 days,5-6 hours,3,1-2 cups,Sometimes,Sometimes,4,2,2,3,3,3,2,1,3,3,2,3,2,2,3,2,2,2,2,3,50,Medium
27,25-31 years,Male,Working,Graduate,7-8 hours,4,1-3 days,5-6 hours,3,1-2 cups,Often,Sometimes,3,1,2,3,3,2,1,1,3,4,2,1,3,2,2,2,4,3,3,1,65,High
18,18-24 years,Female,Student,Higher Secondary,7-8 hours,5,3-5 days,5-6 hours,2,0 cup,Rarely,Often,3,2,2,3,2,2,1,1,3,3,1,2,4,2,2,1,4,3,3,1,64,High
30,25-31 years,Male,Working,Graduate,7-8 hours,3,1-3 days,5-6 hours,3,1-2 cups,Sometimes,Sometimes,3,2,2,3,2,3,1,1,2,4,1,1,2,3,2,2,4,3,4,1,63,High
23,18-24 years,Female,Both,Undergraduate,5-6 hours,3,Never,5-6 hours,3,0 cup,Rarely,Rarely,4,2,3,1,1,3,2,4,2,1,4,4,2,1,3,2,3,1,1,2,35,Low
25,25-31 years,Male,Both,Undergraduate,5-6 hours,4,Never,5-6 hours,4,2-3 cups,Often,Sometimes,3,2,3,2,3,3,2,2,3,3,1,3,3,2,3,2,3,2,3,1,54,Medium
24,18-24 years,Female,Student,Undergraduate,7-8 hours,4,Never,6-7 hours,4,0 cup,Sometimes,Sometimes,4,2,3,1,2,2,3,2,2,3,2,3,3,3,4,3,2,1,2,3,43,Medium
45,Above 38 years,Male,Working,Graduate,7-8 hours,5,more than 5 days,Less than 5 hours,3,1-2 cups,Sometimes,Sometimes,2,1,1,3,3,2,1,1,3,4,2,1,3,2,1,1,4,3,4,1,70,High
24,18-24 years,Female,Student,Undergraduate,5-6 hours,3,Never,6-7 hours,3,1-2 cups,Rarely,Often,3,2,3,3,2,2,3,4,2,2,3,3,2,1,4,4,3,1,2,2,40,Medium
23,18-24 years,Female,Student,Undergraduate,7-8 hours,4,Never,5-6 hours,3,0 cup,Rarely,Often,4,2,2,2,3,2,3,2,3,1,3,3,3,1,3,4,3,1,2,3,43,Medium
24,18-24 years,Female,Student,Undergraduate,5-6 hours,2,Never,6-7 hours,5,0 cup,Sometimes,Rarely,4,3,2,1,2,3,3,3,1,2,3,4,2,1,4,3,2,1,2,3,34,Low
20,18-24 years,Female,Student,Higher Secondary,9 hours or more,4,1-3 days,6-7 hours,2,0 cup,Rarely,Sometimes,3,2,3,2,1,2,2,4,2,2,3,2,3,2,3,3,3,2,2,2,45,Medium
25,25-31 years,Male,Both,Graduate,5-6 hours,4,Never,5-6 hours,4,2-3 cups,Often,Sometimes,3,2,2,2,2,3,3,2,3,3,2,3,3,2,4,3,3,3,2,3,48,Medium
23,18-24 years,Female,Student,Undergraduate,7-8 hours,4,3-5 days,5-6 hours,3,0 cup,Sometimes,Sometimes,4,2,2,2,3,4,3,1,2,3,2,3,3,1,4,4,3,2,3,2,46,Medium
30,25-31 years,Male,Working,Graduate,5-6 hours,3,Never,5-6 hours,3,2-3 cups,Often,Often,3,2,3,3,3,2,2,2,3,3,3,1,3,2,2,1,4,3,3,3,58,Medium
32,32-38 years,Male,Working,Graduate,7-8 hours,3,Never,5-6 hours,3,1-2 cups,Sometimes,Sometimes,3,2,3,1,2,3,1,1,3,3,1,2,3,1,3,2,4,2,2,3,52,Medium
24,18-24 years,Male,Both,Undergraduate,5-6 hours,2,Never,8 hours or more,4,more than 3 cups,Always,Rarely,4,3,3,2,2,3,3,3,2,2,3,4,2,1,4,3,2,1,3,3,36,Low
25,25-31 years,Female,Student,Graduate,7-8 hours,3,Never,6-7 hours,3,0 cup,Rarely,Sometimes,4,2,2,1,3,3,2,2,1,2,3,3,2,2,3,3,3,1,2,3,42,Medium
18,18-24 years,Male,Student,Higher Secondary,7-8 hours,4,3-5 days,6-7 hours,2,1-2 cups,Rarely,Often,3,1,2,3,3,2,1,1,2,3,1,2,4,3,2,1,4,4,3,1,67,High
24,18-24 years,Male,Student,Graduate,5-6 hours,3,1-3 days,6-7 hours,2,2-3 cups,Sometimes,Sometimes,3,2,2,1,1,2,3,3,1,1,4,3,3,2,3,2,3,2,2,2,42,Medium
35,32-38 years,Male,Working,Graduate,7-8 hours,4,3-5 days,6-7 hours,4,2-3 cups,Sometimes,Often,3,1,2,2,3,2,1,1,3,3,1,2,3,1,3,2,4,3,3,3,59,Medium
42,Above 38 years,Male,Working,Graduate,7-8 hours,4,more than 5 days,Less than 5 hours,4,2-3 cups,Sometimes,Sometimes,2,3,2,3,3,2,1,1,4,4,1,2,3,3,2,3,4,4,3,2,65,High
20,18-24 years,Female,Student,Higher Secondary,5-6 hours,3,1-3 days,5-6 hours,2,0 cup,Sometimes,Sometimes,3,2,3,2,3,3,3,4,1,2,3,4,2,1,3,3,3,1,3,2,40,Medium
23,18-24 years,Female,Student,Undergraduate,7-8 hours,3,Never,6-7 hours,3,1-2 cups,Rarely,Sometimes,4,3,3,2,3,3,2,3,2,2,3,3,2,2,4,4,4,3,2,2,43,Medium
26,25-31 years,Male,Both,Graduate,5-6 hours,4,1-3 days,6-7 hours,3,1-2 cups,Often,Sometimes,4,1,2,1,3,3,1,2,3,1,4,3,3,1,3,3,4,2,2,2,47,Medium
25,25-31 years,Female,Student,Graduate,Less than 5 hours,2,Never,8 hours or more,4,2-3 cups,Often,Rarely,4,3,2,1,2,4,2,1,3,3,1,4,2,1,4,3,3,1,2,3,42,Medium
48,Above 38 years,Male,Working,Graduate,5-6 hours,3,1-3 days,6-7 hours,4,1-2 cups,Sometimes,Rarely,3,2,2,2,2,3,2,4,1,3,1,4,2,3,3,2,2,1,2,3,44,Medium
24,18-24 years,Female,Student,Undergraduate,7-8 hours,4,Never,5-6 hours,2,1-2 cups,Often,Sometimes,3,2,3,1,2,3,2,1,1,2,3,4,2,2,3,3,4,3,2,2,45,Medium
27,25-31 years,Male,Working,Graduate,7-8 hours,4,1-3 days,5-6 hours,3,2-3 cups,Often,Sometimes,3,1,3,3,3,2,1,1,4,4,1,2,3,1,2,3,4,3,2,1,62,High
23,18-24 years,Male,Student,Undergraduate,5-6 hours,4,Never,5-6 hours,4,0 cup,Sometimes,Sometimes,4,2,2,1,3,4,2,1,2,2,3,3,3,2,2,3,4,2,3,2,49,Medium
21,18-24 years,Female,Student,Undergraduate,5-6 hours,4,1-3 days,5-6 hours,4,0 cup,Sometimes,Often,3,2,2,1,2,3,2,3,2,3,2,3,2,2,3,3,2,3,2,3,45,Medium
24,18-24 years,Male,Student,Graduate,7-8 hours,5,1-3 days,5-6 hours,3,1-2 cups,Often,Rarely,3,2,3,1,3,2,3,2,3,2,3,3,2,2,3,3,3,4,2,2,48,Medium
25,25-31 years,Female,Student,Graduate,5-6 hours,2,Never,6-7 hours,4,0 cup,Sometimes,Sometimes,4,3,3,1,1,4,3,3,1,2,3,4,2,1,4,4,3,1,2,1,33,Low
24,18-24 years,Female,Student,Graduate,5-6 hours,3,1-3 days,5-6 hours,4,0 cup,Rarely,Sometimes,3,3,2,1,3,2,2,4,1,2,2,4,3,2,3,3,3,2,2,2,44,Medium
17,Below 18 years,Male,Student,Higher Secondary,7-8 hours,4,3-5 days,5-6 hours,2,0 cup,Rarely,Often,2,3,2,2,3,2,1,1,3,3,1,2,2,2,2,2,4,2,3,1,60,High
23,18-24 years,Male,Student,Undergraduate,7-8 hours,3,Never,6-7 hours,4,0 cup,Often,Sometimes,3,1,2,1,2,3,1,2,1,2,3,2,2,1,3,3,3,2,3,2,47,Medium
35,32-38 years,Male,Working,Graduate,7-8 hours,4,3-5 days,Less than 5 hours,3,1-2 cups,Often,Sometimes,2,1,2,3,3,1,2,1,4,4,1,1,3,3,2,1,4,4,4,1,72,High
25,25-31 years,Female,Student,Graduate,5-6 hours,4,1-3 days,6-7 hours,3,0 cup,Always,Sometimes,4,1,3,1,3,2,3,2,3,3,2,4,3,1,3,3,2,3,2,2,47,Medium
19,18-24 years,Male,Student,Higher Secondary,7-8 hours,4,Never,8 hours or more,2,0 cup,Rarely,Often,3,2,3,2,2,3,2,2,3,1,4,2,3,2,4,4,2,1,2,1,43,Medium
40,Above 38 years,Female,Working,Graduate,5-6 hours,3,3-5 days,Less than 5 hours,3,2-3 cups,Always,Sometimes,2,1,2,2,3,2,1,1,4,4,1,1,4,3,1,2,4,4,4,1,72,High
25,25-31 years,Male,Student,Graduate,5-6 hours,4,Never,6-7 hours,4,1-2 cups,Rarely,Often,3,2,2,3,3,2,3,2,1,3,1,3,2,2,3,2,3,2,2,2,51,Medium
29,25-31 years,Female,Both,Graduate,5-6 hours,2,Never,6-7 hours,4,more than 3 cups,Always,Rarely,4,3,3,1,2,3,3,3,2,2,3,4,2,1,4,4,2,1,2,4,32,Low
26,25-31 years,Male,Both,Graduate,Less than 5 hours,3,Never,6-7 hours,4,2-3 cups,Often,Rarely,3,2,2,3,2,3,2,2,1,1,3,2,3,1,3,2,2,2,2,2,46,Medium
25,25-31 years,Male,Student,Undergraduate,5-6 hours,3,1-3 days,6-7 hours,2,2-3 cups,Often,Sometimes,2,3,2,2,1,1,2,3,3,2,1,1,2,3,3,2,3,1,3,2,53,Medium
38,32-38 years,Female,Working,Undergraduate,7-8 hours,2,1-3 days,5-6 hours,3,2-3 cups,Often,Often,1,2,4,3,3,2,2,4,3,3,2,1,2,4,3,1,1,2,3,2,55,Medium
23,18-24 years,Male,Student,Undergraduate,7-8 hours,3,1-3 days,5-6 hours,2,2-3 cups,Often,Sometimes,2,1,2,3,1,2,3,2,3,1,2,1,1,2,3,4,1,2,3,2,48,Medium
22,18-24 years,Female,Student,Undergraduate,9 hours or more,2,3-5 days,6-7 hours,4,2-3 cups,Often,Rarely,3,2,2,1,3,4,3,3,3,3,2,1,3,3,1,3,2,3,1,2,51,Medium
17,Below 18 years,Male,Student,Higher Secondary,7-8 hours,2,3-5 days,5-6 hours,2,2-3 cups,Always,Rarely,2,2,3,2,3,2,2,3,3,3,2,2,3,2,2,3,3,1,2,2,52,Medium
26,25-31 years,Male,Both,Undergraduate,5-6 hours,2,1-3 days,6-7 hours,3,2-3 cups,Often,Sometimes,1,3,3,3,1,2,3,2,3,3,2,1,1,3,3,3,2,1,4,2,51,Medium
44,Above 38 years,Male,Working,Graduate,5-6 hours,2,Never,5-6 hours,2,2-3 cups,Sometimes,Rarely,3,2,1,3,2,3,3,2,4,2,1,2,3,2,1,4,3,1,2,3,52,Medium
39,Above 38 years,Female,Working,Undergraduate,5-6 hours,3,1-3 days,6-7 hours,1,1-2 cups,Sometimes,Sometimes,2,3,2,3,1,2,2,3,3,2,3,2,1,3,2,1,1,2,2,1,50,Medium
30,25-31 years,Male,Both,Graduate,5-6 hours,3,1-3 days,6-7 hours,2,1-2 cups,Sometimes,Sometimes,3,2,2,1,2,3,1,3,3,2,1,3,1,2,2,2,3,1,4,2,50,Medium
23,18-24 years,Male,Student,Undergraduate,5-6 hours,2,1-3 days,5-6 hours,2,0 cup,Often,Rarely,2,1,2,3,2,3,1,1,2,3,2,2,3,2,3,1,2,3,2,2,57,Medium
24,18-24 years,Male,Student,Undergraduate,5-6 hours,3,1-3 days,5-6 hours,3,1-2 cups,Sometimes,Sometimes,2,3,2,1,1,2,3,1,2,3,2,2,3,3,2,1,2,3,2,3,52,Medium
27,25-31 years,Male,Both,Graduate,5-6 hours,2,1-3 days,6-7 hours,3,2-3 cups,Often,Sometimes,3,2,2,2,3,2,3,2,2,4,3,1,1,3,2,2,2,3,2,3,52,Medium
28,25-31 years,Male,Working,Undergraduate,5-6 hours,2,1-3 days,5-6 hours,4,1-2 cups,Often,Rarely,1,3,1,2,3,2,1,3,4,3,3,2,1,3,3,2,2,2,3,2,55,Medium
35,32-38 years,Female,Working,Undergraduate,7-8 hours,2,Never,6-7 hours,3,1-2 cups,Often,Sometimes,2,3,1,2,2,1,3,2,3,1,3,1,3,2,3,2,2,3,3,2,53,Medium
21,18-24 years,Male,Student,Undergraduate,5-6 hours,3,Never,5-6 hours,4,2-3 cups,Sometimes,Sometimes,3,1,2,2,1,2,3,4,1,2,3,4,3,1,3,2,3,1,2,4,40,Medium
27,25-31 years,Male,Both,Graduate,7-8 hours,5,1-3 days,5-6 hours,4,more than 3 cups,Sometimes,Rarely,4,2,3,3,1,3,2,1,2,4,1,2,4,2,3,3,4,2,3,2,54,Medium
28,25-31 years,Male,Both,Graduate,5-6 hours,3,Never,6-7 hours,4,2-3 cups,Always,Sometimes,3,3,2,1,2,3,3,2,3,2,3,3,2,1,4,3,3,1,3,3,41,Medium
26,25-31 years,Female,Both,Undergraduate,5-6 hours,2,1-3 days,5-6 hours,3,1-2 cups,Sometimes,Rarely,3,2,2,3,4,3,2,1,2,3,3,3,2,2,1,2,2,3,4,2,56,Medium
22,18-24 years,Male,Student,Undergraduate,9 hours or more,4,1-3 days,5-6 hours,2,1-2 cups,Often,Rarely,1,3,2,2,2,3,1,3,2,2,1,4,3,4,3,2,1,2,3,3,50,Medium
20,18-24 years,Male,Student,Higher Secondary,7-8 hours,3,Never,6-7 hours,2,1-2 cups,Often,Rarely,3,3,2,2,1,2,2,3,4,3,2,1,2,2,1,2,2,3,2,2,53,Medium
36,32-38 years,Male,Working,Graduate,5-6 hours,2,1-3 days,5-6 hours,2,2-3 cups,Sometimes,Sometimes,2,4,2,3,3,2,3,1,2,3,3,4,3,2,1,2,2,3,3,2,53,Medium
41,Above 38 years,Female,Working,Undergraduate,9 hours or more,2,1-3 days,5-6 hours,4,0 cup,Often,Sometimes,2,3,4,3,1,2,2,3,2,1,4,3,2,2,3,3,2,2,3,3,41,Medium
53,Above 38 years,Male,Working,Graduate,7-8 hours,4,Never,5-6 hours,2,1-2 cups,Sometimes,Rarely,2,4,3,2,1,2,3,3,3,2,2,4,3,2,1,2,3,3,2,2,48,Medium
22,18-24 years,Male,Student,Undergraduate,9 hours or more,4,1-3 days,5-6 hours,2,1-2 cups,Sometimes,Rarely,2,4,3,2,2,3,2,2,3,2,1,2,3,3,2,3,2,1,3,4,48,Medium
35,32-38 years,Male,Working,Graduate,7-8 hours,2,1-3 days,5-6 hours,2,2-3 cups,Sometimes,Sometimes,3,2,1,2,3,3,2,2,1,2,3,3,2,2,3,4,3,2,2,2,46,Medium
26,25-31 years,Female,Working,Undergraduate,5-6 hours,3,1-3 days,6-7 hours,4,1-2 cups,Sometimes,Rarely,2,4,3,3,2,2,3,3,3,2,1,2,3,3,2,2,3,4,3,2,55,Medium
23,18-24 years,Female,Student,Undergraduate,5-6 hours,3,Never,5-6 hours,3,0 cup,Rarely,Sometimes,3,2,3,2,3,3,2,3,2,3,2,4,2,2,3,2,3,2,3,2,48,Medium
54,Above 38 years,Male,Working,Postgraduate,7-8 hours,4,1-3 days,5-6 hours,2,0 cup,Sometimes,Often,2,2,1,3,3,2,2,1,1,4,3,2,1,3,2,2,1,2,3,2,55,Medium
30,25-31 years,Female,Working,Graduate,5-6 hours,4,1-3 days,Less than 5 hours,4,2-3 cups,Often,Rarely,4,3,2,1,3,4,2,1,3,4,1,1,3,3,2,3,4,2,3,1,57,Medium
22,18-24 years,Male,Student,Undergraduate,5-6 hours,2,1-3 days,5-6 hours,2,1-2 cups,Sometimes,Sometimes,2,4,3,2,2,3,3,1,3,4,3,2,2,1,3,2,2,3,4,2,50,Medium
44,Above 38 years,Male,Working,Undergraduate,5-6 hours,2,3-5 days,5-6 hours,2,0 cup,Sometimes,Rarely,1,2,4,3,2,1,2,2,3,3,3,2,2,3,4,2,2,1,2,3,50,Medium
25,25-31 years,Female,Student,Graduate,5-6 hours,2,Never,6-7 hours,4,0 cup,Always,Rarely,4,3,3,1,1,4,3,4,1,1,4,4,2,1,3,3,1,1,1,3,27,Low
24,18-24 years,Male,Both,Undergraduate,9 hours or more,3,1-3 days,6-7 hours,2,1-2 cups,Sometimes,Rarely,1,2,2,3,3,3,2,1,2,3,4,4,3,2,2,3,1,2,3,2,51,Medium
38,32-38 years,Male,Working,Graduate,7-8 hours,5,more than 5 days,Less than 5 hours,3,1-2 cups,Rarely,Sometimes,2,1,2,2,3,2,1,1,3,4,1,2,3,2,2,1,4,4,4,2,67,High
19,18-24 years,Female,Student,Higher Secondary,7-8 hours,4,1-3 days,5-6 hours,2,0 cup,Rarely,Often,2,1,3,2,3,2,1,2,2,3,2,2,4,3,2,1,4,2,4,1,63,High
25,25-31 years,Male,Student,Graduate,5-6 hours,3,Never,5-6 hours,4,2-3 cups,Rarely,Sometimes,3,2,2,1,2,3,2,4,1,1,4,3,3,3,3,4,2,1,2,3,38,Low
32,32-38 years,Male,Working,Graduate,5-6 hours,2,1-3 days,6-7 hours,2,1-2 cups,Sometimes,Rarely,2,3,4,3,2,2,2,3,1,4,3,2,2,3,3,2,2,2,3,2,49,Medium
36,32-38 years,Female,Working,Undergraduate,5-6 hours,2,1-3 days,5-6 hours,4,1-2 cups,Often,Sometimes,2,4,2,3,2,1,2,3,3,3,2,1,2,2,3,3,3,2,1,2,51,Medium
23,18-24 years,Male,Both,Undergraduate,5-6 hours,3,Never,5-6 hours,4,2-3 cups,Often,Sometimes,3,3,3,2,3,3,2,2,1,2,3,3,2,1,3,3,3,1,2,3,41,Medium
33,32-38 years,Male,Working,Undergraduate,5-6 hours,2,1-3 days,5-6 hours,2,1-2 cups,Often,Rarely,4,2,2,3,3,2,1,2,3,4,3,2,2,3,2,2,3,3,2,2,57,Medium
25,25-31 years,Male,Student,Graduate,7-8 hours,4,Never,5-6 hours,3,2-3 cups,Often,Rarely,3,2,3,2,3,2,2,1,3,4,1,4,3,2,4,3,3,3,2,2,53,Medium
24,18-24 years,Female,Student,Graduate,7-8 hours,3,Never,6-7 hours,3,0 cup,Sometimes,Sometimes,3,2,3,3,3,2,3,3,2,3,2,3,2,3,2,3,3,2,2,3,49,Medium
21,18-24 years,Female,Student,Undergraduate,7-8 hours,4,Never,6-7 hours,3,1-2 cups,Sometimes,Sometimes,3,2,2,1,3,2,3,2,3,1,3,2,3,1,3,2,2,3,2,3,47,Medium
25,25-31 years,Male,Student,Graduate,7-8 hours,4,3-5 days,6-7 hours,3,1-2 cups,Sometimes,Sometimes,3,2,3,1,3,3,2,3,1,1,3,4,2,1,4,3,3,1,2,2,38,Low
21,18-24 years,Male,Student,Undergraduate,5-6 hours,3,Never,6-7 hours,2,0 cup,Rarely,Sometimes,4,2,2,1,2,3,2,3,2,3,2,3,2,2,4,2,4,2,2,2,46,Medium
20,18-24 years,Female,Student,Undergraduate,7-8 hours,5,Never,5-6 hours,4,1-2 cups,Sometimes,Sometimes,3,2,3,2,2,2,2,1,3,4,2,3,2,1,2,3,3,3,2,4,50,Medium
24,18-24 years,Female,Student,Graduate,5-6 hours,2,1-3 days,6-7 hours,4,0 cup,Often,Sometimes,4,3,3,1,1,4,3,3,1,2,3,4,2,1,4,3,3,1,2,4,31,Low
22,18-24 years,Male,Student,Undergraduate,5-6 hours,3,1-3 days,5-6 hours,3,1-2 cups,Sometimes,Sometimes,3,2,2,1,2,3,2,2,2,4,1,3,3,2,4,4,3,2,3,3,48,Medium
18,18-24 years,Male,Student,Higher Secondary,7-8 hours,4,Never,5-6 hours,2,0 cup,Rarely,Often,4,3,3,3,3,2,2,2,1,1,4,4,3,2,3,3,2,2,2,2,42,Medium
20,18-24 years,Male,Student,Undergraduate,7-8 hours,4,1-3 days,6-7 hours,3,2-3 cups,Sometimes,Sometimes,3,2,2,2,1,2,2,2,3,2,3,3,2,1,3,3,3,2,2,3,45,Medium
26,25-31 years,Male,Both,Graduate,5-6 hours,3,1-3 days,5-6 hours,5,more than 3 cups,Often,Rarely,3,2,1,3,2,3,2,3,3,3,3,2,3,2,3,2,3,2,3,2,53,Medium
22,18-24 years,Male,Student,Undergraduate,Less than 5 hours,2,Never,8 hours or more,4,2-3 cups,Sometimes,Sometimes,4,3,3,2,1,3,3,4,1,1,4,4,2,1,3,3,1,1,1,3,29,Low
23,18-24 years,Female,Both,Undergraduate,7-8 hours,4,Never,6-7 hours,4,0 cup,Sometimes,Sometimes,4,3,3,3,2,4,3,3,2,3,1,4,2,1,4,3,3,1,3,3,40,Medium
25,25-31 years,Female,Student,Graduate,Less than 5 hours,1,Never,8 hours or more,5,2-3 cups,Rarely,Rarely,4,4,3,1,1,4,3,1,1,1,4,4,3,1,4,3,2,1,1,3,30,Low
22,18-24 years,Female,Student,Undergraduate,5-6 hours,3,1-3 days,5-6 hours,3,more than 3 cups,Sometimes,Often,3,1,1,3,2,3,1,1,3,4,2,2,3,2,2,2,4,4,3,2,63,High
24,18-24 years,Male,Student,Graduate,7-8 hours,5,3-5 days,Less than 5 hours,3,2-3 cups,Sometimes,Sometimes,3,2,2,3,3,2,3,2,3,3,2,2,2,1,4,4,2,1,3,2,48,Medium
25,25-31 years,Male,Both,Graduate,5-6 hours,4,1-3 days,6-7 hours,4,1-2 cups,Sometimes,Often,2,2,1,3,2,2,1,1,3,4,1,2,3,2,3,3,2,2,3,2,59,Medium
23,18-24 years,Female,Both,Undergraduate,Less than 5 hours,2,Never,6-7 hours,5,2-3 cups,Often,Rarely,4,3,3,1,1,4,3,3,1,1,3,4,2,1,3,3,3,1,1,3,31,Low
23,18-24 years,Male,Student,Undergraduate,5-6 hours,3,Never,5-6 hours,3,2-3 cups,Rarely,Sometimes,3,2,3,2,1,3,2,2,1,3,3,2,3,2,3,3,3,2,3,3,46,Medium
22,18-24 years,Male,Student,Undergraduate,7-8 hours,4,1-3 days,6-7 hours,4,2-3 cups,Sometimes,Sometimes,3,2,2,1,2,2,2,3,3,3,2,3,2,3,2,2,3,2,3,2,52,Medium
20,18-24 years,Male,Student,Higher Secondary,9 hours or more,4,3-5 days,5-6 hours,2,0 cup,Rarely,Often,3,2,2,2,3,2,2,2,3,2,1,4,3,1,3,2,3,2,2,3,50,Medium
24,18-24 years,Female,Student,Undergraduate,Less than 5 hours,2,Never,8 hours or more,4,2-3 cups,Often,Rarely,4,2,3,1,1,3,3,1,1,1,4,4,2,1,3,3,1,1,1,3,32,Low
25,25-31 years,Male,Both,Graduate,5-6 hours,3,1-3 days,6-7 hours,2,1-2 cups,Sometimes,Often,3,2,2,2,3,2,3,2,3,2,3,3,3,2,3,2,3,1,2,2,49,Medium
20,18-24 years,Male,Student,Higher Secondary,7-8 hours,3,1-3 days,8 hours or more,3,2-3 cups,Rarely,Rarely,4,3,3,1,1,4,3,3,1,2,2,4,2,1,4,4,1,1,2,2,31,Low
26,25-31 years,Female,Working,Graduate,7-8 hours,5,3-5 days,5-6 hours,3,2-3 cups,Often,Often,3,1,1,2,3,2,1,1,4,4,1,3,4,2,1,2,4,4,4,2,68,High
22,18-24 years,Female,Student,Undergraduate,5-6 hours,3,Never,6-7 hours,2,0 cup,Rarely,Never,3,3,3,1,1,3,2,1,2,3,1,3,2,1,4,2,3,2,2,3,44,Medium
23,18-24 years,Male,Both,Undergraduate,5-6 hours,4,Never,5-6 hours,4,1-2 cups,Sometimes,Sometimes,2,2,3,2,2,3,2,1,3,2,3,3,2,1,3,2,3,2,2,3,47,Medium
20,18-24 years,Female,Student,Higher Secondary,7-8 hours,5,3-5 days,5-6 hours,2,0 cup,Rarely,Often,4,1,1,2,3,2,1,1,3,4,1,2,4,2,2,1,4,4,3,1,67,High
25,25-31 years,Female,Both,Graduate,7-8 hours,3,1-3 days,6-7 hours,4,2-3 cups,Sometimes,Sometimes,3,2,3,2,2,2,2,1,3,3,1,3,3,2,2,3,4,3,3,2,56,Medium
21,18-24 years,Female,Student,Undergraduate,7-8 hours,5,3-5 days,Less than 5 hours,2,0 cup,Rarely,Often,3,1,2,3,3,2,1,1,3,4,1,2,4,2,2,1,4,4,4,1,69,High
23,18-24 years,Male,Both,Undergraduate,5-6 hours,4,Never,6-7 hours,4,1-2 cups,Sometimes,Rarely,3,2,2,1,1,3,2,3,2,3,2,3,2,1,3,3,3,2,3,3,44,Medium
26,25-31 years,Male,Working,Graduate,7-8 hours,4,1-3 days,6-7 hours,3,2-3 cups,Often,Sometimes,3,2,3,1,2,3,2,3,1,2,3,1,3,2,3,3,4,4,3,2,49,Medium
23,18-24 years,Male,Student,Undergraduate,5-6 hours,3,Never,6-7 hours,4,1-2 cups,Rarely,Sometimes,4,2,2,1,3,4,2,1,1,1,4,4,2,1,3,3,1,1,1,3,35,Low
29,25-31 years,Male,Working,Graduate,7-8 hours,5,3-5 days,5-6 hours,3,2-3 cups,Often,Often,2,1,1,2,3,2,1,1,3,3,1,2,4,2,4,2,4,4,3,1,65,High
18,18-24 years,Male,Student,Higher Secondary,9 hours or more,5,1-3 days,6-7 hours,1,0 cup,Rarely,Often,3,1,2,1,2,3,1,1,3,4,1,4,3,2,2,1,4,4,4,1,62,High
23,18-24 years,Female,Student,Undergraduate,7-8 hours,3,3-5 days,6-7 hours,3,2-3 cups,Rarely,Sometimes,3,2,2,1,3,3,3,3,1,3,2,3,3,1,3,2,3,1,2,2,45,Medium
28,25-31 years,Male,Both,Graduate,5-6 hours,4,Never,Less than 5 hours,4,more than 3 cups,Always,Never,4,1,2,1,1,4,2,1,4,4,1,4,3,2,4,2,4,4,3,1,55,Medium
17,Below 18 years,Female,Student,Higher Secondary,9 hours or more,5,3-5 days,5-6 hours,1,0 cup,Rarely,Often,4,2,2,3,3,2,2,2,3,4,1,2,3,1,3,2,4,2,3,1,58,Medium
30,25-31 years,Male,Working,Graduate,5-6 hours,4,1-3 days,Less than 5 hours,3,2-3 cups,Sometimes,Rarely,4,2,3,2,1,2,1,1,1,2,3,2,3,1,2,2,3,3,3,2,50,Medium
23,18-24 years,Female,Student,Undergraduate,7-8 hours,5,1-3 days,5-6 hours,3,2-3 cups,Rarely,Sometimes,3,2,3,2,2,3,2,2,1,3,2,4,4,2,4,3,3,2,3,2,47,Medium
25,25-31 years,Male,Both,Graduate,Less than 5 hours,2,1-3 days,6-7 hours,5,more than 3 cups,Often,Never,4,2,2,1,1,4,3,3,2,3,2,4,1,1,4,3,3,1,2,4,35,Low
29,25-31 years,Male,Working,Graduate,7-8 hours,4,3-5 days,Less than 5 hours,3,2-3 cups,Sometimes,Often,3,2,2,1,3,2,3,1,3,4,1,2,4,1,2,2,4,3,4,1,61,High
26,25-31 years,Male,Both,Graduate,7-8 hours,4,1-3 days,6-7 hours,4,2-3 cups,Sometimes,Rarely,3,1,2,2,3,2,1,1,2,3,1,2,3,3,1,1,4,3,3,1,65,High
25,25-31 years,Female,Student,Graduate,7-8 hours,3,more than 5 days,6-7 hours,3,0 cup,Rarely,Sometimes,4,2,2,2,3,2,2,1,3,4,1,4,3,1,4,3,2,2,3,1,52,Medium
30,25-31 years,Female,Working,Graduate,7-8 hours,4,3-5 days,5-6 hours,3,1-2 cups,Sometimes,Sometimes,3,2,2,1,3,3,2,3,3,3,2,1,4,2,3,3,2,1,3,2,51,Medium
25,25-31 years,Male,Student,Graduate,7-8 hours,4,more than 5 days,5-6 hours,4,1-2 cups,Sometimes,Sometimes,3,1,1,2,2,2,1,1,3,4,1,2,4,2,2,2,4,4,4,1,67,High
28,25-31 years,Male,Working,Graduate,5-6 hours,3,Never,5-6 hours,3,1-2 cups,Rarely,Sometimes,4,2,2,1,2,3,2,2,3,3,1,2,3,1,3,3,2,3,3,2,50,Medium
21,18-24 years,Male,Student,Higher Secondary,7-8 hours,4,3-5 days,5-6 hours,2,0 cup,Rarely,Often,3,2,3,2,3,3,3,4,1,1,4,4,2,1,4,3,2,1,1,3,33,Low
32,32-38 years,Male,Working,Graduate,7-8 hours,5,1-3 days,Less than 5 hours,3,1-2 cups,Often,Often,3,1,1,3,4,1,1,1,4,4,1,2,4,2,2,2,4,3,4,1,71,High
22,18-24 years,Female,Student,Undergraduate,5-6 hours,3,3-5 days,6-7 hours,4,0 cup,Rarely,Rarely,3,2,2,2,3,3,3,2,1,2,3,4,1,1,4,3,1,1,2,3,37,Low
22,18-24 years,Female,Student,Undergraduate,7-8 hours,4,Never,5-6 hours,3,2-3 cups,Sometimes,Often,4,2,1,2,3,2,1,1,2,3,1,2,3,1,3,2,4,4,3,1,60,High
24,18-24 years,Male,Student,Undergraduate,7-8 hours,5,3-5 days,6-7 hours,4,0 cup,Sometimes,Sometimes,3,2,3,3,3,3,2,2,3,3,2,4,3,1,3,2,3,1,3,2,50,Medium
26,25-31 years,Female,Both,Graduate,5-6 hours,3,1-3 days,Less than 5 hours,3,1-2 cups,Sometimes,Sometimes,3,2,2,2,3,2,3,2,3,4,1,3,3,1,4,2,4,3,3,1,56,Medium
27,25-31 years,Male,Working,Graduate,5-6 hours,3,3-5 days,5-6 hours,4,1-2 cups,Rarely,Rarely,3,1,3,2,1,3,1,2,2,3,1,2,4,2,3,2,4,4,3,4,55,Medium
17,Below 18 years,Female,Student,Higher Secondary,7-8 hours,5,1-3 days,5-6 hours,3,0 cup,Rarely,Often,4,2,2,2,2,3,2,3,1,1,4,4,2,1,4,3,2,1,1,4,33,Low
20,18-24 years,Female,Student,Higher Secondary,7-8 hours,3,Never,6-7 hours,2,0 cup,Rarely,Rarely,3,2,3,2,1,3,2,3,2,2,3,3,2,2,3,2,2,2,2,3,42,Medium
36,32-38 years,Male,Working,Graduate,5-6 hours,4,3-5 days,Less than 5 hours,3,0 cup,Often,Sometimes,3,2,2,1,2,3,3,2,3,2,3,3,3,3,2,2,3,2,3,2,50,Medium
24,18-24 years,Male,Student,Graduate,5-6 hours,3,Never,5-6 hours,3,1-2 cups,Sometimes,Sometimes,2,3,3,1,3,2,3,1,2,1,4,4,2,2,3,2,3,3,2,2,45,Medium
20,18-24 years,Female,Student,Higher Secondary,5-6 hours,4,1-3 days,5-6 hours,2,0 cup,Sometimes,Sometimes,3,2,1,1,3,2,3,3,3,2,3,3,3,1,3,3,3,1,2,3,45,Medium
18,18-24 years,Female,Student,Higher Secondary,9 hours or more,4,3-5 days,5-6 hours,2,0 cup,Often,Sometimes,3,1,1,2,3,2,1,2,2,3,3,3,3,1,3,2,3,3,2,2,54,Medium
28,25-31 years,Male,Working,Graduate,7-8 hours,3,1-3 days,6-7 hours,4,1-2 cups,Sometimes,Sometimes,3,2,2,2,3,2,3,2,3,4,1,1,3,2,2,3,4,3,4,1,61,High
20,18-24 years,Female,Student,Higher Secondary,5-6 hours,2,Never,5-6 hours,3,0 cup,Rarely,Often,3,2,3,1,3,2,2,4,1,1,4,4,2,1,4,4,2,3,2,2,37,Low
30,25-31 years,Male,Both,Graduate,Less than 5 hours,3,Never,6-7 hours,5,2-3 cups,Often,Rarely,4,2,3,1,2,3,3,3,3,2,2,3,2,2,3,3,3,2,2,1,44,Medium
24,18-24 years,Female,Student,Undergraduate,5-6 hours,2,Never,8 hours or more,4,1-2 cups,Sometimes,Rarely,3,3,3,2,3,3,2,3,3,2,3,2,3,1,2,2,2,2,2,2,47,Medium
26,25-31 years,Female,Student,Graduate,7-8 hours,4,1-3 days,6-7 hours,3,2-3 cups,Sometimes,Sometimes,3,2,2,1,2,3,1,1,3,3,1,2,3,2,3,3,4,2,3,1,56,Medium
23,18-24 years,Male,Student,Undergraduate,5-6 hours,3,Never,6-7 hours,4,0 cup,Rarely,Sometimes,3,2,2,2,2,3,2,2,1,3,2,3,2,1,3,3,3,2,3,2,47,Medium
22,18-24 years,Female,Student,Undergraduate,7-8 hours,2,1-3 days,5-6 hours,4,1-2 cups,Sometimes,Often,4,1,3,3,1,2,3,4,1,1,4,4,2,1,2,2,3,1,2,4,37,Low
22,18-24 years,Male,Student,Undergraduate,5-6 hours,2,Never,8 hours or more,5,2-3 cups,Rarely,Rarely,4,3,4,1,1,4,3,3,1,1,4,4,1,2,4,3,1,1,1,3,26,Low
23,18-24 years,Female,Student,Undergraduate,5-6 hours,2,Never,6-7 hours,5,1-2 cups,Sometimes,Never,3,2,3,1,1,3,3,3,1,2,3,4,1,1,4,4,2,1,1,4,30,Low
21,18-24 years,Male,Student,Undergraduate,5-6 hours,4,3-5 days,8 hours or more,3,2-3 cups,Rarely,Rarely,3,2,3,2,3,2,3,2,2,3,2,3,2,1,3,3,2,3,3,2,48,Medium
20,18-24 years,Male,Student,Higher Secondary,7-8 hours,4,1-3 days,6-7 hours,3,0 cup,Sometimes,Sometimes,3,1,3,3,2,3,1,2,2,1,4,3,3,2,3,3,2,3,2,2,47,Medium
19,18-24 years,Male,Student,Higher Secondary,5-6 hours,2,Never,8 hours or more,4,0 cup,Rarely,Rarely,4,3,3,1,1,4,2,3,1,3,1,3,2,1,3,3,2,1,2,4,36,Low
25,25-31 years,Female,Student,Graduate,7-8 hours,4,1-3 days,5-6 hours,4,0 cup,Sometimes,Sometimes,3,1,2,2,2,3,2,2,2,3,1,2,2,1,2,2,4,3,3,1,56,Medium
21,18-24 years,Male,Student,Undergraduate,7-8 hours,5,Never,5-6 hours,4,1-2 cups,Sometimes,Rarely,2,1,2,1,3,2,3,2,1,2,3,4,1,1,3,3,2,1,2,2,42,Medium
25,25-31 years,Female,Both,Undergraduate,7-8 hours,5,3-5 days,5-6 hours,5,0 cup,Rarely,Sometimes,3,1,2,1,3,2,3,3,3,3,1,3,2,1,3,4,3,2,3,1,50,Medium
23,18-24 years,Male,Student,Undergraduate,7-8 hours,4,1-3 days,6-7 hours,3,1-2 cups,Sometimes,Often,2,1,1,2,3,3,2,1,2,4,1,2,3,2,2,2,4,3,3,2,62,High
23,18-24 years,Female,Student,Undergraduate,5-6 hours,3,1-3 days,5-6 hours,3,1-2 cups,Sometimes,Sometimes,3,2,2,1,2,3,2,3,1,3,2,2,3,2,3,2,3,2,2,1,49,Medium
22,18-24 years,Male,Student,Undergraduate,Less than 5 hours,2,Never,6-7 hours,4,0 cup,Sometimes,Sometimes,3,1,3,2,2,2,3,1,2,1,4,3,3,1,3,4,2,2,2,2,43,Medium
19,18-24 years,Female,Student,Higher Secondary,7-8 hours,4,Never,5-6 hours,3,0 cup,Rarely,Sometimes,3,2,1,2,1,3,2,2,1,3,2,2,2,2,3,2,3,1,2,2,48,Medium
26,25-31 years,Female,Both,Graduate,7-8 hours,5,1-3 days,Less than 5 hours,3,1-2 cups,Sometimes,Sometimes,2,1,1,2,3,2,1,1,4,4,1,2,3,2,2,2,4,3,4,1,68,High
23,18-24 years,Female,Student,Higher Secondary,Less than 5 hours,2,Never,8 hours or more,5,1-2 cups,Always,Sometimes,4,4,4,1,4,4,3,4,4,3,4,3,4,3,4,2,2,1,4,4,41,Medium
23,18-24 years,Male,Student,Undergraduate,5-6 hours,4,1-3 days,5-6 hours,2,1-2 cups,Sometimes,Sometimes,4,2,2,1,3,2,3,4,1,3,2,3,2,2,3,3,4,2,3,2,46,Medium
21,18-24 years,Female,Student,Higher Secondary,7-8 hours,3,Never,6-7 hours,4,0 cup,Rarely,Sometimes,3,2,3,1,2,3,2,1,2,3,1,3,2,1,3,3,4,2,2,2,48,Medium
25,25-31 years,Female,Both,Undergraduate,Less than 5 hours,2,Never,8 hours or more,5,2-3 cups,Often,Rarely,4,2,2,1,1,4,2,2,2,1,4,4,1,1,4,3,2,1,1,4,31,Low
20,18-24 years,Female,Student,Higher Secondary,7-8 hours,4,1-3 days,5-6 hours,3,0 cup,Rarely,Often,3,2,3,2,1,3,2,4,1,2,3,3,2,1,3,2,2,1,2,3,38,Low
25,25-31 years,Female,Student,Undergraduate,5-6 hours,2,Never,6-7 hours,4,2-3 cups,Often,Rarely,4,2,2,1,2,4,2,1,1,2,3,4,2,1,4,3,2,1,2,4,36,Low
23,18-24 years,Female,Student,Undergraduate,7-8 hours,3,1-3 days,8 hours or more,3,1-2 cups,Sometimes,Sometimes,3,2,3,1,3,3,2,2,2,3,1,4,3,1,3,3,3,2,3,1,49,Medium
23,18-24 years,Female,Student,Undergraduate,5-6 hours,3,1-3 days,5-6 hours,3,1-2 cups,Rarely,Rarely,3,2,2,2,2,3,2,1,3,4,1,3,3,2,2,3,4,3,2,2,56,Medium
28,25-31 years,Male,Working,Graduate,7-8 hours,5,3-5 days,5-6 hours,3,2-3 cups,Sometimes,Sometimes,4,1,1,1,4,3,1,1,4,4,1,2,3,1,3,2,4,3,4,1,63,High
21,18-24 years,Female,Student,Higher Secondary,5-6 hours,4,Never,6-7 hours,3,0 cup,Rarely,Rarely,3,2,3,2,3,3,2,3,2,3,1,4,2,2,3,2,3,2,2,2,48,Medium
22,18-24 years,Female,Student,Higher Secondary,5-6 hours,3,1-3 days,5-6 hours,3,1-2 cups,Rarely,Sometimes,4,1,3,2,3,3,1,3,1,4,1,3,2,1,3,3,4,3,3,2,51,Medium
26,25-31 years,Female,Both,Undergraduate,Less than 5 hours,2,Never,6-7 hours,5,more than 3 cups,Often,Rarely,4,2,2,1,1,3,2,1,3,3,2,4,2,1,4,3,3,1,3,3,43,Medium
30,25-31 years,Male,Working,Graduate,7-8 hours,4,1-3 days,5-6 hours,2,2-3 cups,Rarely,Sometimes,3,1,1,2,3,1,1,1,4,4,1,2,3,2,4,2,4,4,4,1,67,High
21,18-24 years,Female,Student,Higher Secondary,7-8 hours,4,Never,8 hours or more,4,0 cup,Rarely,Sometimes,4,2,3,1,1,4,3,3,1,2,4,4,2,1,4,2,3,2,1,2,34,Low
24,18-24 years,Female,Student,Undergraduate,5-6 hours,3,1-3 days,5-6 hours,3,0 cup,Sometimes,Sometimes,3,1,2,2,3,2,1,1,3,3,1,2,3,2,2,3,4,3,3,2,61,High
22,18-24 years,Female,Student,Higher Secondary,7-8 hours,5,1-3 days,6-7 hours,4,1-2 cups,Rarely,Sometimes,4,2,3,2,3,3,2,1,1,4,1,2,4,1,4,3,4,4,2,1,54,Medium
24,18-24 years,Female,Both,Undergraduate,7-8 hours,5,3-5 days,5-6 hours,4,0 cup,Rarely,Often,3,1,2,1,4,3,1,1,4,4,1,4,3,1,2,2,4,4,4,1,63,High
21,18-24 years,Female,Student,Higher Secondary,7-8 hours,4,1-3 days,5-6 hours,3,1-2 cups,Sometimes,Sometimes,3,2,2,1,2,2,3,4,3,2,3,4,2,1,3,2,3,3,3,2,45,Medium
22,18-24 years,Male,Student,Undergraduate,Less than 5 hours,2,Never,8 hours or more,5,2-3 cups,Often,Rarely,4,4,4,1,1,4,3,2,4,3,2,4,2,1,4,3,1,1,2,1,36,Low
22,18-24 years,Male,Both,Undergraduate,5-6 hours,3,Never,6-7 hours,4,1-2 cups,Rarely,Sometimes,4,2,3,1,2,3,2,2,2,3,1,4,2,1,4,3,3,3,2,1,45,Medium
21,18-24 years,Female,Student,Higher Secondary,7-8 hours,4,3-5 days,5-6 hours,4,1-2 cups,Sometimes,Sometimes,3,2,3,1,3,3,2,3,1,4,1,2,3,1,3,2,4,1,3,2,50,Medium
28,25-31 years,Male,Working,Graduate,5-6 hours,3,1-3 days,5-6 hours,4,0 cup,Sometimes,Rarely,4,1,3,1,3,2,1,1,3,4,1,1,3,1,3,2,4,2,3,1,59,Medium
22,18-24 years,Female,Student,Undergraduate,5-6 hours,3,Never,Less than 5 hours,4,0 cup,Rarely,Often,3,2,2,1,2,3,3,3,1,3,3,4,3,1,2,3,3,2,3,2,44,Medium
23,18-24 years,Male,Both,Undergraduate,5-6 hours,2,Never,8 hours or more,4,2-3 cups,Often,Rarely,3,2,3,2,3,2,2,2,2,4,1,2,2,3,3,2,2,2,3,2,54,Medium
25,25-31 years,Male,Both,Undergraduate,Less than 5 hours,2,1-3 days,6-7 hours,3,0 cup,Rarely,Rarely,4,2,3,1,3,3,2,3,3,3,2,3,2,2,3,3,3,3,2,2,47,Medium
29,25-31 years,Male,Working,Postgraduate,7-8 hours,4,Never,Less than 5 hours,4,1-2 cups,Often,Sometimes,4,3,4,1,3,4,4,4,2,2,4,1,3,3,3,3,4,1,1,3,38,Low
22,18-24 years,Male,Student,Higher Secondary,7-8 hours,4,3-5 days,6-7 hours,2,1-2 cups,Often,Sometimes,3,1,2,1,3,2,2,1,3,4,1,2,3,1,2,2,4,3,2,2,59,Medium
28,25-31 years,Male,Working,Graduate,5-6 hours,3,Never,6-7 hours,3,0 cup,Sometimes,Sometimes,4,3,3,1,3,4,3,1,3,1,4,3,2,1,3,3,3,3,2,3,40,Medium
28,25-31 years,Male,Student,Postgraduate,7-8 hours,4,3-5 days,8 hours or more,4,1-2 cups,Sometimes,Sometimes,2,2,4,4,3,3,2,4,1,3,4,3,3,3,3,1,2,4,2,2,50,Medium
24,18-24 years,Male,Both,Undergraduate,Less than 5 hours,2,Never,6-7 hours,5,2-3 cups,Always,Sometimes,4,4,3,1,2,4,3,4,2,2,3,4,2,1,4,2,3,2,3,3,35,Low
23,18-24 years,Female,Student,Undergraduate,5-6 hours,3,1-3 days,6-7 hours,2,0 cup,Sometimes,Sometimes,3,2,3,2,2,2,3,3,3,3,2,3,2,1,3,3,4,3,2,2,48,Medium
25,25-31 years,Female,Working,Undergraduate,7-8 hours,4,3-5 days,5-6 hours,3,1-2 cups,Sometimes,Sometimes,4,2,2,1,2,4,2,2,3,3,2,3,2,2,3,2,4,3,3,2,50,Medium
23,18-24 years,Female,Student,Undergraduate,5-6 hours,3,Never,5-6 hours,3,0 cup,Sometimes,Sometimes,3,2,3,1,2,2,2,3,2,3,1,3,3,1,3,2,2,1,3,2,47,Medium
25,25-31 years,Female,Both,Graduate,Less than 5 hours,2,Never,8 hours or more,3,2-3 cups,Often,Rarely,4,3,2,1,2,4,2,4,2,3,2,4,2,1,4,4,2,1,2,4,34,Low
24,18-24 years,Male,Student,Undergraduate,7-8 hours,4,1-3 days,6-7 hours,3,1-2 cups,Always,Sometimes,3,3,3,1,1,3,2,3,2,1,4,2,3,3,2,3,2,3,2,2,43,Medium
28,25-31 years,Male,Working,Graduate,7-8 hours,4,Never,Less than 5 hours,4,2-3 cups,Sometimes,Sometimes,4,2,3,1,2,4,3,4,1,4,1,1,3,1,3,2,3,3,3,2,47,Medium
25,25-31 years,Female,Student,Undergraduate,5-6 hours,5,Never,6-7 hours,5,1-2 cups,Sometimes,Rarely,3,1,2,1,2,3,1,4,3,4,1,3,3,1,3,2,4,1,2,2,51,Medium
23,18-24 years,Female,Student,Undergraduate,5-6 hours,5,1-3 days,Less than 5 hours,3,0 cup,Rarely,Often,4,2,2,2,3,4,2,2,3,3,2,2,2,1,3,2,3,2,3,1,51,Medium
24,18-24 years,Female,Student,Undergraduate,7-8 hours,5,3-5 days,5-6 hours,3,0 cup,Rarely,Sometimes,3,1,3,1,3,3,1,1,2,3,1,2,3,2,2,2,4,1,3,1,57,Medium
26,25-31 years,Male,Working,Undergraduate,5-6 hours,3,Never,8 hours or more,5,0 cup,Often,Rarely,4,4,3,1,2,4,3,2,2,2,3,2,2,1,4,3,2,1,2,4,34,Low
23,18-24 years,Male,Student,Undergraduate,7-8 hours,5,3-5 days,5-6 hours,2,1-2 cups,Sometimes,Sometimes,3,2,2,1,3,3,2,3,1,1,4,4,3,1,2,2,3,3,3,2,45,Medium
29,25-31 years,Male,Working,Graduate,5-6 hours,3,Never,6-7 hours,4,1-2 cups,Rarely,Rarely,3,2,3,1,1,3,2,4,2,3,2,2,3,2,2,3,3,2,3,2,47,Medium
22,18-24 years,Female,Student,Higher Secondary,5-6 hours,2,Never,5-6 hours,4,0 cup,Rarely,Sometimes,3,2,3,1,3,2,2,3,3,2,3,3,3,2,2,3,3,1,2,3,46,Medium
25,25-31 years,Female,Both,Undergraduate,Less than 5 hours,1,Never,6-7 hours,4,2-3 cups,Sometimes,Rarely,4,4,4,1,1,4,3,1,1,1,4,4,2,1,4,4,2,1,1,2,28,Low
19,18-24 years,Male,Student,Higher Secondary,7-8 hours,5,3-5 days,5-6 hours,2,0 cup,Rarely,Often,3,1,1,2,3,2,2,1,3,4,1,2,3,1,3,2,4,3,3,1,62,High
27,25-31 years,Male,Working,Graduate,5-6 hours,4,1-3 days,Less than 5 hours,3,2-3 cups,Sometimes,Sometimes,4,2,2,1,3,4,2,1,2,4,1,2,3,1,2,2,3,3,4,2,55,Medium
38,32-38 years,Male,Working,Graduate,7-8 hours,5,more than 5 days,Less than 5 hours,3,1-2 cups,Rarely,Sometimes,3,1,1,1,3,2,1,1,2,4,1,2,3,1,3,2,4,4,4,1,63,High
29,25-31 years,Male,Working,Graduate,5-6 hours,3,1-3 days,5-6 hours,3,1-2 cups,Sometimes,Rarely,3,2,3,1,3,3,3,2,3,3,1,2,3,1,3,2,3,3,3,2,52,Medium
30,25-31 years,Male,Working,Graduate,5-6 hours,4,1-3 days,5-6 hours,5,1-2 cups,Sometimes,Sometimes,4,3,2,1,2,4,2,3,2,3,2,2,3,2,2,3,3,1,3,1,47,Medium
23,18-24 years,Female,Both,Undergraduate,7-8 hours,3,Never,5-6 hours,2,0 cup,Rarely,Rarely,3,3,3,1,2,3,2,1,1,1,4,4,2,3,3,3,3,3,2,3,41,Medium
25,25-31 years,Female,Student,Undergraduate,7-8 hours,4,1-3 days,5-6 hours,4,0 cup,Sometimes,Sometimes,3,1,3,1,3,3,1,3,2,3,2,2,2,1,4,3,3,3,2,2,48,Medium
23,18-24 years,Female,Student,Undergraduate,5-6 hours,3,Never,5-6 hours,5,0 cup,Rarely,Rarely,4,2,3,1,2,4,2,4,1,1,4,4,2,1,4,3,3,1,3,1,35,Low
23,18-24 years,Male,Student,Undergraduate,5-6 hours,4,Never,5-6 hours,3,0 cup,Rarely,Sometimes,3,2,2,1,2,3,2,4,2,3,2,3,3,3,3,2,4,2,2,2,49,Medium
20,18-24 years,Male,Student,Higher Secondary,7-8 hours,4,1-3 days,6-7 hours,3,0 cup,Rarely,Sometimes,3,1,2,2,3,2,1,3,3,4,1,2,2,1,3,3,4,1,3,1,56,Medium
18,18-24 years,Female,Student,Higher Secondary,7-8 hours,3,Never,5-6 hours,3,0 cup,Rarely,Sometimes,3,2,2,2,3,3,3,1,1,1,4,4,3,1,3,3,3,1,3,2,43,Medium
28,25-31 years,Male,Working,Graduate,7-8 hours,4,1-3 days,Less than 5 hours,3,1-2 cups,Sometimes,Sometimes,4,1,1,1,3,2,1,1,3,4,1,1,3,2,2,1,4,4,4,1,67,High
26,25-31 years,Male,Working,Graduate,5-6 hours,3,Never,5-6 hours,3,2-3 cups,Sometimes,Sometimes,3,2,3,1,2,3,2,3,3,3,2,1,3,2,3,3,3,1,3,2,49,Medium
23,18-24 years,Female,Student,Undergraduate,5-6 hours,4,3-5 days,6-7 hours,2,0 cup,Rarely,Rarely,4,1,2,1,3,4,1,4,1,2,3,3,2,1,4,4,3,1,3,1,41,Medium
25,25-31 years,Female,Student,Graduate,7-8 hours,4,3-5 days,5-6 hours,3,1-2 cups,Sometimes,Rarely,4,2,2,1,4,2,2,2,1,3,2,2,3,1,3,2,4,2,2,3,50,Medium
21,18-24 years,Male,Student,Higher Secondary,5-6 hours,3,1-3 days,6-7 hours,3,1-2 cups,Rarely,Often,3,1,1,1,3,3,1,1,3,2,4,2,2,1,3,1,2,3,2,3,51,Medium
29,25-31 years,Male,Working,Graduate,7-8 hours,4,1-3 days,5-6 hours,4,1-2 cups,Often,Sometimes,4,1,2,1,3,3,1,1,3,4,1,2,3,1,2,2,4,3,3,1,60,High
23,18-24 years,Male,Student,Undergraduate,7-8 hours,3,1-3 days,6-7 hours,4,1-2 cups,Sometimes,Rarely,3,2,3,2,3,2,2,4,1,1,4,3,3,2,3,2,3,2,3,2,45,Medium
35,32-38 years,Male,Working,Graduate,7-8 hours,5,3-5 days,Less than 5 hours,2,1-2 cups,Rarely,Sometimes,4,1,1,1,2,4,1,1,2,3,1,1,2,1,3,2,4,3,4,1,57,Medium
23,18-24 years,Female,Student,Undergraduate,5-6 hours,3,Never,5-6 hours,4,0 cup,Rarely,Sometimes,3,2,3,2,3,2,2,4,1,3,1,3,2,1,3,3,2,2,3,2,46,Medium
24,18-24 years,Female,Student,Undergraduate,Less than 5 hours,2,Never,8 hours or more,5,2-3 cups,Often,Rarely,4,3,3,1,1,4,3,4,2,1,4,3,2,1,4,4,3,1,1,3,29,Low
19,18-24 years,Female,Student,Higher Secondary,7-8 hours,3,Never,6-7 hours,3,0 cup,Rarely,Sometimes,3,2,3,1,3,2,3,1,1,3,2,4,2,1,3,3,4,2,3,1,48,Medium
23,18-24 years,Female,Student,Undergraduate,5-6 hours,3,1-3 days,5-6 hours,4,1-2 cups,Rarely,Rarely,2,2,2,1,3,2,3,4,2,3,2,3,3,1,4,2,3,2,3,2,48,Medium
24,18-24 years,Female,Both,Undergraduate,7-8 hours,4,1-3 days,6-7 hours,2,1-2 cups,Sometimes,Sometimes,3,2,3,1,2,2,3,2,3,2,3,3,2,2,3,2,3,3,2,2,47,Medium
28,25-31 years,Female,Working,Graduate,5-6 hours,2,Never,6-7 hours,5,0 cup,Often,Rarely,4,2,2,1,2,4,2,1,3,2,3,2,2,1,4,3,3,1,2,4,41,Medium
21,18-24 years,Male,Student,Higher Secondary,7-8 hours,4,1-3 days,6-7 hours,3,0 cup,Rarely,Rarely,3,2,2,1,3,3,3,3,2,2,3,3,2,1,4,4,3,3,2,3,41,Medium
22,18-24 years,Female,Student,Undergraduate,5-6 hours,4,1-3 days,8 hours or more,4,0 cup,Sometimes,Rarely,4,4,3,1,1,4,3,1,1,1,4,4,2,1,3,3,2,3,2,3,33,Low
26,25-31 years,Female,Working,Undergraduate,7-8 hours,4,1-3 days,5-6 hours,3,1-2 cups,Rarely,Rarely,3,3,2,2,2,3,2,3,2,2,3,2,2,1,4,4,2,3,3,2,43,Medium
24,18-24 years,Female,Student,Undergraduate,Less than 5 hours,3,Never,6-7 hours,4,2-3 cups,Sometimes,Rarely,4,3,3,1,3,4,2,3,2,1,4,3,2,1,3,3,3,1,1,3,35,Low
25,25-31 years,Male,Both,Graduate,5-6 hours,4,1-3 days,5-6 hours,4,1-2 cups,Rarely,Sometimes,3,2,2,2,3,2,2,3,3,4,1,2,3,2,2,2,3,3,3,3,57,Medium
28,25-31 years,Male,Working,Graduate,7-8 hours,4,1-3 days,5-6 hours,4,2-3 cups,Sometimes,Sometimes,3,2,3,1,2,3,2,1,2,3,1,1,2,1,3,3,4,4,3,2,53,Medium
21,18-24 years,Male,Student,Higher Secondary,9 hours or more,4,3-5 days,5-6 hours,2,0 cup,Rarely,Often,3,1,2,2,3,2,1,1,2,4,1,2,3,1,2,1,4,4,4,1,65,High
32,32-38 years,Female,Working,Graduate,5-6 hours,3,Never,Less than 5 hours,3,1-2 cups,Often,Rarely,3,2,2,1,2,3,2,1,3,4,1,2,3,2,2,3,4,2,3,2,56,Medium
27,25-31 years,Male,Both,Graduate,7-8 hours,4,3-5 days,5-6 hours,4,1-2 cups,Sometimes,Often,2,1,2,2,3,1,3,2,3,3,2,3,3,2,3,2,3,3,1,2,55,Medium
25,25-31 years,Male,Both,Undergraduate,5-6 hours,2,Never,8 hours or more,4,1-2 cups,Sometimes,Rarely,4,3,3,1,1,4,4,4,1,2,4,3,3,1,3,3,3,1,2,3,32,Low
20,18-24 years,Female,Student,Higher Secondary,5-6 hours,4,1-3 days,5-6 hours,3,0 cup,Sometimes,Rarely,3,2,2,1,2,3,2,3,2,4,1,3,2,2,4,3,3,2,2,1,48,Medium
28,25-31 years,Female,Working,Graduate,5-6 hours,4,1-3 days,6-7 hours,4,1-2 cups,Sometimes,Sometimes,3,2,3,2,2,3,2,3,1,3,3,2,3,3,2,3,3,2,3,2,49,Medium
29,25-31 years,Male,Working,Graduate,7-8 hours,3,1-3 days,6-7 hours,4,0 cup,Often,Sometimes,3,1,1,1,3,3,1,1,3,4,1,2,3,1,3,3,4,2,3,1,59,Medium
21,18-24 years,Female,Student,Higher Secondary,5-6 hours,3,1-3 days,6-7 hours,2,0 cup,Rarely,Sometimes,3,2,2,1,2,2,2,4,2,3,2,2,3,1,3,2,3,3,2,2,49,Medium
19,18-24 years,Male,Student,Higher Secondary,7-8 hours,4,Never,6-7 hours,4,1-2 cups,Sometimes,Sometimes,2,2,3,2,2,3,3,2,3,1,4,3,2,1,3,2,3,2,3,2,45,Medium
28,25-31 years,Male,Working,Graduate,7-8 hours,3,1-3 days,5-6 hours,4,1-2 cups,Rarely,Sometimes,3,1,1,1,3,3,1,1,2,4,1,1,3,1,2,2,4,3,4,1,63,High
25,25-31 years,Female,Student,Graduate,5-6 hours,3,Never,Less than 5 hours,2,0 cup,Rarely,Sometimes,4,1,2,1,2,4,1,3,2,3,2,4,1,1,3,3,2,1,2,4,39,Low
21,18-24 years,Male,Both,Higher Secondary,Less than 5 hours,2,Never,6-7 hours,4,0 cup,Often,Rarely,4,3,2,1,1,4,3,3,1,1,4,4,2,1,3,3,2,1,1,2,31,Low
36,32-38 years,Male,Working,Graduate,7-8 hours,4,1-3 days,Less than 5 hours,3,2-3 cups,Rarely,Rarely,3,2,3,1,2,3,2,1,4,4,1,1,3,1,3,2,4,3,4,1,59,Medium
24,18-24 years,Female,Student,Undergraduate,5-6 hours,4,Never,5-6 hours,4,0 cup,Rarely,Sometimes,4,2,3,1,2,4,2,2,2,2,3,4,3,2,3,3,4,2,2,2,43,Medium
25,25-31 years,Male,Both,Undergraduate,7-8 hours,3,1-3 days,6-7 hours,3,2-3 cups,Often,Sometimes,3,1,2,1,3,2,2,1,2,3,2,3,3,2,3,2,3,3,3,2,55,Medium
23,18-24 years,Male,Student,Undergraduate,5-6 hours,3,Never,5-6 hours,3,1-2 cups,Sometimes,Sometimes,3,2,3,2,3,3,2,2,1,4,1,2,3,1,3,1,3,2,3,2,53,Medium
30,25-31 years,Male,Working,Graduate,7-8 hours,5,3-5 days,Less than 5 hours,2,1-2 cups,Rarely,Sometimes,2,1,1,2,3,2,1,1,4,4,1,1,3,1,2,1,4,4,4,1,70,High
24,18-24 years,Female,Student,Undergraduate,5-6 hours,4,1-3 days,6-7 hours,3,0 cup,Rarely,Rarely,4,3,3,1,2,4,2,4,1,2,3,3,3,1,4,3,3,1,2,2,36,Low
27,25-31 years,Male,Working,Graduate,7-8 hours,4,1-3 days,5-6 hours,4,0 cup,Sometimes,Sometimes,3,2,3,1,2,2,2,1,3,3,1,2,3,2,3,3,4,3,3,1,56,Medium
22,18-24 years,Male,Student,Undergraduate,5-6 hours,4,Never,6-7 hours,5,2-3 cups,Sometimes,Rarely,4,2,3,1,1,4,2,2,3,1,3,3,2,1,4,4,3,1,2,1,38,Low
20,18-24 years,Female,Student,Higher Secondary,7-8 hours,5,1-3 days,Less than 5 hours,2,0 cup,Rarely,Often,3,1,1,2,4,2,1,2,3,3,1,3,3,1,2,1,4,4,3,1,64,High
18,18-24 years,Male,Student,Higher Secondary,5-6 hours,3,Never,8 hours or more,4,0 cup,Rarely,Rarely,4,4,3,1,1,4,3,4,1,1,4,4,3,1,4,4,1,1,1,3,25,Low
22,18-24 years,Female,Student,Undergraduate,7-8 hours,4,1-3 days,6-7 hours,4,1-2 cups,Sometimes,Sometimes,3,2,1,2,2,3,1,3,3,2,3,3,3,2,3,2,4,3,2,1,53,Medium
25,25-31 years,Female,Student,Undergraduate,Less than 5 hours,2,Never,8 hours or more,5,2-3 cups,Often,Rarely,4,2,3,1,2,4,2,3,1,1,4,4,2,1,4,3,3,1,2,2,34,Low
20,18-24 years,Female,Student,Higher Secondary,7-8 hours,4,3-5 days,6-7 hours,2,2-3 cups,Sometimes,Sometimes,3,2,1,1,3,2,3,1,3,3,1,2,3,2,3,2,4,2,3,2,57,Medium
20,18-24 years,Female,Student,Higher Secondary,9 hours or more,3,Never,6-7 hours,3,0 cup,Rarely,Rarely,4,2,2,1,1,3,2,3,1,3,2,3,3,2,3,2,3,3,3,2,47,Medium
23,18-24 years,Female,Both,Undergraduate,Less than 5 hours,2,Never,6-7 hours,5,more than 3 cups,Always,Rarely,4,4,3,1,2,4,4,3,2,3,2,4,3,1,4,3,3,2,1,3,35,Low
28,25-31 years,Male,Working,Undergraduate,5-6 hours,3,1-3 days,Less than 5 hours,4,1-2 cups,Sometimes,Rarely,3,1,2,3,3,2,1,1,3,4,1,2,3,2,3,1,4,3,3,1,65,High
24,18-24 years,Female,Student,Undergraduate,7-8 hours,4,1-3 days,5-6 hours,3,0 cup,Sometimes,Rarely,3,2,3,1,4,3,2,3,2,3,3,2,2,1,3,3,3,2,3,2,47,Medium
28,25-31 years,Male,Working,Graduate,5-6 hours,3,3-5 days,6-7 hours,3,2-3 cups,Sometimes,Rarely,2,1,2,2,3,2,3,1,4,4,1,1,3,2,3,2,3,3,3,1,63,High
24,18-24 years,Male,Student,Undergraduate,5-6 hours,2,1-3 days,6-7 hours,2,1-2 cups,Sometimes,Sometimes,2,3,1,2,3,2,1,4,3,2,1,1,3,2,2,3,1,3,2,2,54,Medium
22,18-24 years,Male,Both,Undergraduate,5-6 hours,4,3-5 days,6-7 hours,2,1-2 cups,Often,Rarely,4,2,1,3,3,2,1,2,1,3,2,2,1,4,4,3,2,1,3,2,51,Medium
44,Above 38 years,Female,Working,Graduate,5-6 hours,2,Never,5-6 hours,4,1-2 cups,Often,Sometimes,2,2,3,1,1,2,3,3,2,1,4,3,4,4,2,1,3,2,2,2,48,Medium
21,18-24 years,Male,Student,Higher Secondary,7-8 hours,4,1-3 days,6-7 hours,3,0 cup,Sometimes,Sometimes,3,2,3,2,2,3,3,4,3,1,3,4,2,1,2,3,2,1,3,2,40,Medium
39,Above 38 years,Male,Working,Undergraduate,Less than 5 hours,2,Never,6-7 hours,4,2-3 cups,Always,Rarely,3,3,4,1,2,3,3,4,2,1,3,4,1,2,3,4,2,1,3,3,33,Low
18,18-24 years,Male,Student,Higher Secondary,Less than 5 hours,3,Never,8 hours or more,4,more than 3 cups,Always,Never,4,3,3,2,2,3,4,4,1,3,3,1,3,3,2,1,3,3,1,1,47,Medium
19,18-24 years,Female,Student,Higher Secondary,5-6 hours,2,Never,8 hours or more,4,0 cup,Rarely,Sometimes,4,3,2,1,1,4,3,3,1,1,4,4,1,1,3,3,2,1,1,2,30,Low
51,Above 38 years,Male,Working,Undergraduate,7-8 hours,3,Never,5-6 hours,3,more than 3 cups,Often,Rarely,3,2,2,3,1,2,2,3,2,3,2,3,1,2,3,2,3,1,2,3,46,Medium
31,25-31 years,Male,Working,Undergraduate,5-6 hours,2,3-5 days,5-6 hours,2,1-2 cups,Sometimes,Sometimes,1,2,3,3,2,1,3,1,2,3,2,1,4,1,1,3,2,3,2,2,57,Medium
28,25-31 years,Male,Working,Graduate,7-8 hours,4,3-5 days,Less than 5 hours,3,1-2 cups,Sometimes,Sometimes,3,1,2,2,4,2,1,1,3,4,1,1,3,1,2,1,4,4,4,1,68,High
25,25-31 years,Male,Student,Undergraduate,5-6 hours,2,1-3 days,6-7 hours,2,2-3 cups,Often,Rarely,2,1,3,1,2,3,3,2,3,2,1,2,2,1,2,2,2,3,2,3,49,Medium
23,18-24 years,Male,Student,Undergraduate,7-8 hours,3,1-3 days,5-6 hours,2,0 cup,Sometimes,Rarely,3,2,3,2,1,3,3,3,2,2,1,4,2,2,2,4,2,3,1,2,42,Medium
22,18-24 years,Male,Student,Undergraduate,7-8 hours,3,Never,5-6 hours,3,1-2 cups,Sometimes,Sometimes,3,2,3,2,2,3,2,3,2,3,2,3,2,2,3,2,4,2,3,2,49,Medium
25,25-31 years,Male,Student,Undergraduate,7-8 hours,3,3-5 days,5-6 hours,3,1-2 cups,Sometimes,Often,2,1,3,4,3,1,2,2,3,2,1,2,3,3,1,2,3,3,2,1,63,High
32,32-38 years,Male,Working,Undergraduate,5-6 hours,2,1-3 days,5-6 hours,3,2-3 cups,Often,Sometimes,2,2,2,3,1,2,3,3,2,2,2,3,3,2,3,1,2,2,3,3,49,Medium
29,25-31 years,Male,Both,Graduate,5-6 hours,3,1-3 days,6-7 hours,3,1-2 cups,Always,Sometimes,3,3,2,1,3,2,4,3,1,2,3,3,3,2,1,3,2,3,2,3,44,Medium
20,18-24 years,Female,Student,Undergraduate,7-8 hours,5,3-5 days,5-6 hours,2,0 cup,Sometimes,Often,3,1,1,1,4,2,1,2,4,3,1,3,3,1,2,2,4,4,4,1,64,High
39,Above 38 years,Female,Working,Graduate,5-6 hours,2,1-3 days,5-6 hours,3,1-2 cups,Sometimes,Sometimes,2,3,1,4,2,3,3,2,4,3,2,1,2,3,3,2,3,2,4,3,57,Medium
23,18-24 years,Male,Student,Undergraduate,9 hours or more,4,1-3 days,6-7 hours,4,2-3 cups,Sometimes,Rarely,2,3,3,1,2,4,3,2,3,2,2,2,3,2,3,2,1,2,3,2,46,Medium
25,25-31 years,Female,Student,Undergraduate,5-6 hours,2,Never,8 hours or more,5,0 cup,Often,Rarely,4,2,2,1,2,4,2,3,1,3,2,4,2,1,4,2,3,2,2,3,40,Medium
26,25-31 years,Female,Both,Undergraduate,5-6 hours,3,Never,6-7 hours,4,0 cup,Sometimes,Sometimes,4,3,3,3,2,4,3,4,2,2,2,4,2,2,4,3,3,2,2,4,37,Low
21,18-24 years,Male,Student,Undergraduate,5-6 hours,2,1-3 days,5-6 hours,2,1-2 cups,Sometimes,Sometimes,3,2,3,2,2,2,3,3,2,3,3,2,2,3,2,3,2,2,3,2,48,Medium
21,18-24 years,Female,Student,Higher Secondary,7-8 hours,4,1-3 days,6-7 hours,2,2-3 cups,Rarely,Rarely,3,2,2,1,1,3,2,2,1,3,2,3,2,1,3,3,3,2,3,2,45,Medium
32,32-38 years,Male,Working,Undergraduate,5-6 hours,2,1-3 days,6-7 hours,3,1-2 cups,Sometimes,Sometimes,1,3,3,2,3,1,2,4,3,2,2,1,3,2,3,4,2,1,3,2,50,Medium
27,25-31 years,Female,Working,Graduate,7-8 hours,4,1-3 days,5-6 hours,4,0 cup,Often,Sometimes,4,1,1,1,3,2,1,2,2,3,1,2,3,1,3,3,4,2,3,1,56,Medium
38,32-38 years,Male,Working,Graduate,5-6 hours,3,3-5 days,5-6 hours,2,1-2 cups,Often,Sometimes,3,2,2,3,3,2,1,2,3,2,3,2,2,1,3,4,3,2,1,3,48,Medium
22,18-24 years,Male,Student,Undergraduate,5-6 hours,2,1-3 days,5-6 hours,1,1-2 cups,Often,Rarely,2,1,3,2,3,2,1,3,2,2,3,1,1,2,3,2,2,4,3,2,53,Medium
22,18-24 years,Female,Student,Undergraduate,5-6 hours,3,1-3 days,5-6 hours,3,1-2 cups,Sometimes,Sometimes,3,2,3,1,2,3,2,2,1,4,1,2,3,2,3,2,4,2,3,2,52,Medium
27,25-31 years,Male,Both,Undergraduate,5-6 hours,2,1-3 days,6-7 hours,3,2-3 cups,Often,Sometimes,2,2,4,3,3,2,1,1,3,2,3,2,2,3,2,3,2,2,4,3,54,Medium
21,18-24 years,Female,Student,Undergraduate,9 hours or more,3,1-3 days,6-7 hours,3,1-2 cups,Sometimes,Rarely,2,2,2,1,2,2,2,4,3,3,2,1,2,3,2,2,1,3,2,3,51,Medium
29,25-31 years,Male,Working,Graduate,7-8 hours,4,3-5 days,5-6 hours,3,0 cup,Sometimes,Often,3,1,2,1,3,2,1,1,3,4,1,1,4,1,3,3,4,1,3,2,59,Medium
22,18-24 years,Male,Student,Undergraduate,5-6 hours,2,1-3 days,5-6 hours,2,1-2 cups,Sometimes,Sometimes,2,3,2,3,2,3,2,1,3,2,4,3,3,2,1,3,2,1,3,3,49,Medium
41,Above 38 years,Female,Working,Graduate,7-8 hours,3,3-5 days,5-6 hours,2,1-2 cups,Often,Sometimes,2,1,3,3,3,2,1,3,4,2,1,4,3,3,3,2,1,2,3,2,55,Medium
22,18-24 years,Male,Student,Undergraduate,5-6 hours,2,1-3 days,5-6 hours,3,1-2 cups,Sometimes,Sometimes,2,2,3,2,1,2,2,3,2,2,2,3,1,4,3,3,1,3,1,4,43,Medium
25,25-31 years,Female,Both,Undergraduate,5-6 hours,3,Never,6-7 hours,4,0 cup,Sometimes,Often,3,2,1,1,3,3,1,2,3,3,1,2,3,1,3,3,4,3,3,1,57,Medium
33,32-38 years,Male,Working,Undergraduate,5-6 hours,2,3-5 days,5-6 hours,2,1-2 cups,Often,Sometimes,2,3,2,2,1,2,2,3,3,2,1,2,3,2,2,3,2,2,3,2,51,Medium
22,18-24 years,Male,Student,Undergraduate,5-6 hours,2,1-3 days,6-7 hours,2,1-2 cups,Often,Sometimes,2,2,3,2,1,3,2,4,2,2,3,2,3,2,3,2,1,2,3,3,44,Medium
24,18-24 years,Male,Working,Undergraduate,9 hours or more,2,1-3 days,5-6 hours,2,2-3 cups,Often,Rarely,2,2,3,1,3,3,2,3,2,2,3,1,3,3,3,1,2,3,4,3,52,Medium
23,18-24 years,Male,Student,Undergraduate,7-8 hours,2,1-3 days,5-6 hours,1,1-2 cups,Sometimes,Sometimes,2,2,2,2,1,3,3,2,2,3,3,2,3,2,2,3,4,3,1,3,49,Medium
34,32-38 years,Male,Working,Undergraduate,7-8 hours,2,1-3 days,5-6 hours,2,2-3 cups,Sometimes,Sometimes,2,2,3,2,1,3,2,4,3,2,1,2,3,3,2,3,1,2,3,2,49,Medium
54,Above 38 years,Female,Working,Graduate,7-8 hours,2,1-3 days,5-6 hours,4,1-2 cups,Often,Sometimes,3,3,1,3,1,1,3,3,1,2,4,2,3,2,2,2,3,3,2,3,48,Medium
26,25-31 years,Male,Both,Undergraduate,7-8 hours,2,1-3 days,6-7 hours,2,1-2 cups,Sometimes,Sometimes,3,1,2,3,1,2,3,2,4,2,2,1,3,2,3,2,1,3,2,3,52,Medium
27,25-31 years,Male,Working,Undergraduate,7-8 hours,2,1-3 days,5-6 hours,4,1-2 cups,Often,Rarely,2,3,1,2,3,2,2,4,4,2,3,3,2,4,2,2,2,2,2,2,52,Medium
27,25-31 years,Female,Working,Undergraduate,5-6 hours,2,1-3 days,5-6 hours,3,1-2 cups,Often,Rarely,2,2,3,2,2,1,4,4,2,3,2,1,3,1,2,3,1,2,3,1,49,Medium
23,18-24 years,Female,Student,Undergraduate,5-6 hours,2,Never,8 hours or more,4,2-3 cups,Often,Rarely,4,3,3,1,2,4,3,3,1,2,4,4,2,1,3,4,2,1,2,3,31,Low
25,25-31 years,Female,Both,Undergraduate,7-8 hours,3,1-3 days,5-6 hours,5,1-2 cups,Always,Never,3,2,3,2,3,2,3,1,3,4,1,2,3,3,1,2,3,1,3,2,58,Medium
26,25-31 years,Male,Both,Graduate,5-6 hours,3,Never,5-6 hours,3,0 cup,Sometimes,Sometimes,3,2,1,1,3,3,3,2,3,4,1,3,3,2,3,3,4,3,3,1,56,Medium
20,18-24 years,Female,Student,Higher Secondary,9 hours or more,4,3-5 days,5-6 hours,2,0 cup,Rarely,Sometimes,3,1,2,1,3,2,1,1,3,3,2,3,3,2,2,2,4,3,3,1,60,High
18,18-24 years,Female,Student,Higher Secondary,5-6 hours,2,Never,8 hours or more,4,0 cup,Rarely,Sometimes,4,3,3,1,1,4,3,4,1,1,4,4,3,1,4,4,2,1,2,3,28,Low
27,25-31 years,Female,Working,Graduate,5-6 hours,3,1-3 days,5-6 hours,4,0 cup,Sometimes,Sometimes,3,2,3,2,3,1,2,3,1,3,1,3,3,1,3,3,2,3,3,1,51,Medium
20,18-24 years,Female,Student,Higher Secondary,7-8 hours,4,Never,5-6 hours,4,1-2 cups,Sometimes,Rarely,3,3,3,1,2,3,2,2,3,3,1,2,2,3,3,1,3,3,3,1,54,Medium
28,25-31 years,Male,Working,Graduate,5-6 hours,4,1-3 days,5-6 hours,3,0 cup,Sometimes,Often,3,1,2,1,3,2,2,3,3,4,1,1,3,1,2,2,4,3,4,1,61,High
20,18-24 years,Female,Student,Higher Secondary,7-8 hours,3,Never,5-6 hours,2,0 cup,Sometimes,Sometimes,3,2,3,1,3,3,2,3,2,3,2,4,3,1,3,3,3,2,2,1,46,Medium
28,25-31 years,Male,Working,Graduate,7-8 hours,3,1-3 days,5-6 hours,2,0 cup,Sometimes,Sometimes,3,1,2,1,3,2,1,1,3,4,1,1,3,2,2,1,4,3,4,1,66,High
22,18-24 years,Female,Student,Undergraduate,5-6 hours,3,Never,5-6 hours,2,0 cup,Sometimes,Sometimes,3,2,3,2,2,3,2,2,3,3,2,2,3,3,2,2,3,2,3,2,54,Medium
25,25-31 years,Female,Student,Graduate,5-6 hours,3,1-3 days,5-6 hours,4,0 cup,Sometimes,Sometimes,3,1,2,1,3,1,2,3,2,3,1,2,4,2,3,2,3,2,3,2,56,Medium
32,32-38 years,Male,Working,Graduate,5-6 hours,4,1-3 days,Less than 5 hours,4,0 cup,Sometimes,Rarely,3,1,2,1,2,2,1,1,4,4,1,1,3,1,4,3,3,2,3,1,58,Medium
22,18-24 years,Female,Student,Higher Secondary,5-6 hours,3,1-3 days,6-7 hours,3,2-3 cups,Rarely,Rarely,4,2,3,1,1,3,2,2,1,2,3,2,3,1,3,2,3,2,3,2,44,Medium
20,18-24 years,Male,Student,Higher Secondary,9 hours or more,4,Never,5-6 hours,4,1-2 cups,Sometimes,Rarely,2,2,2,3,2,3,2,1,3,2,3,2,1,1,4,4,2,1,3,2,46,Medium
24,18-24 years,Female,Both,Undergraduate,Less than 5 hours,1,Never,8 hours or more,5,2-3 cups,Always,Never,4,2,3,1,1,4,3,3,3,2,3,4,2,1,4,4,3,1,1,3,33,Low
22,18-24 years,Male,Student,Undergraduate,5-6 hours,2,1-3 days,5-6 hours,4,1-2 cups,Often,Sometimes,2,3,1,4,2,2,3,2,1,3,4,2,1,2,3,3,3,1,3,3,47,Medium
27,25-31 years,Male,Both,Undergraduate,5-6 hours,3,1-3 days,5-6 hours,2,1-2 cups,Often,Rarely,2,3,1,1,2,2,3,4,1,3,2,1,2,4,2,1,3,2,4,2,54,Medium
25,25-31 years,Male,Working,Undergraduate,5-6 hours,2,1-3 days,6-7 hours,3,2-3 cups,Often,Rarely,2,3,2,2,2,2,2,3,2,2,3,2,3,2,1,2,3,3,2,2,52,Medium
29,25-31 years,Male,Working,Graduate,7-8 hours,4,3-5 days,5-6 hours,3,1-2 cups,Rarely,Often,3,1,2,2,4,2,1,1,3,4,1,2,3,1,4,3,4,3,3,2,60,High
25,25-31 years,Male,Working,Undergraduate,5-6 hours,3,3-5 days,5-6 hours,2,1-2 cups,Sometimes,Rarely,3,3,1,2,3,3,3,4,2,2,2,1,3,2,1,4,2,3,3,3,49,Medium
26,25-31 years,Male,Both,Undergraduate,5-6 hours,2,1-3 days,5-6 hours,2,1-2 cups,Often,Rarely,2,2,2,3,2,1,3,2,2,2,2,4,2,2,4,3,1,2,3,2,47,Medium
23,18-24 years,Female,Student,Undergraduate,5-6 hours,4,1-3 days,5-6 hours,4,1-2 cups,Sometimes,Rarely,3,2,2,2,3,1,2,2,3,2,3,2,3,2,3,3,2,2,3,2,52,Medium
22,18-24 years,Male,Student,Undergraduate,5-6 hours,3,Never,6-7 hours,4,0 cup,Sometimes,Sometimes,3,2,2,2,3,2,3,3,1,3,1,4,2,2,3,3,2,3,2,2,47,Medium
19,18-24 years,Male,Student,Higher Secondary,9 hours or more,3,Never,8 hours or more,4,1-2 cups,Rarely,Sometimes,2,2,2,3,3,3,2,3,2,3,2,4,3,1,2,4,1,3,2,3,47,Medium
25,25-31 years,Male,Student,Undergraduate,7-8 hours,2,Never,8 hours or more,5,0 cup,Sometimes,Rarely,4,3,3,1,1,4,3,1,2,2,2,4,2,1,4,3,3,2,2,3,37,Low
24,18-24 years,Male,Student,Undergraduate,5-6 hours,4,1-3 days,5-6 hours,4,1-2 cups,Rarely,Rarely,3,2,2,3,3,3,2,4,2,2,3,2,3,1,3,3,3,1,3,2,47,Medium
30,25-31 years,Male,Working,Graduate,7-8 hours,5,3-5 days,5-6 hours,3,1-2 cups,Rarely,Sometimes,2,1,1,2,3,1,3,1,4,4,1,1,3,1,3,2,4,2,4,1,65,High
25,25-31 years,Female,Student,Graduate,Less than 5 hours,3,1-3 days,6-7 hours,4,2-3 cups,Rarely,Rarely,4,3,3,1,1,3,2,2,2,2,3,3,2,1,3,2,3,1,2,2,40,Medium
40,Above 38 years,Male,Working,Graduate,7-8 hours,5,more than 5 days,Less than 5 hours,2,2-3 cups,Sometimes,Sometimes,3,1,1,2,3,2,1,1,1,4,1,1,3,2,2,1,4,4,4,1,67,High
22,18-24 years,Female,Student,Undergraduate,7-8 hours,4,1-3 days,5-6 hours,4,2-3 cups,Often,Sometimes,3,2,3,3,3,2,3,2,1,2,3,4,3,1,3,2,3,2,2,3,45,Medium
28,25-31 years,Male,Both,Graduate,7-8 hours,5,3-5 days,5-6 hours,3,1-2 cups,Rarely,Sometimes,2,1,2,1,3,2,2,3,2,4,1,2,4,2,3,2,4,3,3,1,60,High
20,18-24 years,Male,Student,Higher Secondary,Less than 5 hours,2,Never,8 hours or more,4,2-3 cups,Sometimes,Often,4,4,3,1,2,4,3,2,1,1,4,4,2,1,4,3,1,1,1,2,29,Low
22,18-24 years,Male,Student,Undergraduate,7-8 hours,4,1-3 days,6-7 hours,2,1-2 cups,Rarely,Sometimes,3,1,1,2,3,2,2,3,3,3,2,3,3,2,3,2,3,2,3,2,55,Medium
26,25-31 years,Male,Both,Undergraduate,7-8 hours,4,1-3 days,5-6 hours,4,1-2 cups,Sometimes,Sometimes,3,2,2,1,3,2,1,1,4,4,1,3,2,3,3,2,3,2,3,1,59,Medium
21,18-24 years,Male,Student,Higher Secondary,7-8 hours,4,3-5 days,5-6 hours,2,0 cup,Rarely,Often,3,1,1,2,4,2,1,2,3,4,2,3,4,2,2,2,4,3,4,1,65,High
25,25-31 years,Female,Student,Undergraduate,Less than 5 hours,2,Never,6-7 hours,3,0 cup,Sometimes,Rarely,4,3,3,1,3,3,2,4,1,2,3,4,2,1,4,4,2,1,2,3,33,Low
24,18-24 years,Female,Student,Undergraduate,7-8 hours,3,1-3 days,5-6 hours,3,1-2 cups,Sometimes,Sometimes,3,2,2,1,2,2,2,1,2,3,2,3,1,1,3,2,3,2,2,2,48,Medium
25,25-31 years,Female,Student,Graduate,5-6 hours,2,Never,8 hours or more,5,0 cup,Sometimes,Rarely,4,3,3,1,2,4,3,3,1,3,2,4,2,1,4,3,3,2,2,3,36,Low
23,18-24 years,Female,Student,Undergraduate,5-6 hours,4,1-3 days,6-7 hours,3,1-2 cups,Often,Sometimes,3,2,2,2,3,3,2,1,3,2,3,2,3,1,3,4,2,1,3,2,48,Medium
20,18-24 years,Female,Student,Higher Secondary,7-8 hours,4,Never,5-6 hours,3,2-3 cups,Sometimes,Sometimes,4,1,2,1,2,3,1,1,3,4,1,1,2,1,2,2,4,3,4,1,60,High
23,18-24 years,Male,Student,Undergraduate,7-8 hours,3,1-3 days,6-7 hours,3,1-2 cups,Sometimes,Sometimes,3,3,3,1,1,3,2,4,1,1,3,3,2,1,3,3,1,1,2,3,33,Low
22,18-24 years,Male,Student,Higher Secondary,7-8 hours,4,Never,6-7 hours,3,0 cup,Rarely,Rarely,3,2,2,1,3,3,2,4,2,1,3,3,2,2,3,3,3,1,2,2,42,Medium
22,18-24 years,Female,Student,Undergraduate,7-8 hours,4,1-3 days,5-6 hours,2,0 cup,Sometimes,Sometimes,3,2,2,1,3,2,2,1,3,3,3,2,3,2,3,4,2,3,3,2,52,Medium
25,25-31 years,Female,Both,Graduate,5-6 hours,3,Never,5-6 hours,3,1-2 cups,Rarely,Sometimes,3,3,3,1,1,3,2,2,3,4,2,3,3,1,4,3,4,1,3,1,47,Medium
19,18-24 years,Female,Student,Higher Secondary,9 hours or more,4,1-3 days,5-6 hours,1,0 cup,Rarely,Often,4,1,2,1,3,2,1,1,3,4,1,2,4,2,2,2,4,3,4,1,64,High
28,25-31 years,Male,Working,Graduate,7-8 hours,4,1-3 days,5-6 hours,3,1-2 cups,Often,Sometimes,3,2,2,2,3,2,1,2,3,3,1,2,2,1,4,3,3,3,3,1,55,Medium
30,25-31 years,Male,Working,Graduate,5-6 hours,3,Never,Less than 5 hours,4,1-2 cups,Sometimes,Sometimes,4,2,2,1,4,3,2,2,2,3,2,2,3,2,3,1,3,2,3,1,54,Medium
24,18-24 years,Male,Both,Undergraduate,Less than 5 hours,2,Never,6-7 hours,3,2-3 cups,Often,Rarely,4,3,3,2,1,3,2,3,2,2,3,4,1,1,4,4,3,1,2,3,34,Low
20,18-24 years,Female,Student,Higher Secondary,Less than 5 hours,3,Never,8 hours or more,4,1-2 cups,Rarely,Sometimes,3,3,2,2,2,3,3,3,1,1,4,4,2,2,3,4,3,2,1,4,35,Low
25,25-31 years,Female,Both,Undergraduate,7-8 hours,4,1-3 days,5-6 hours,3,0 cup,Often,Sometimes,3,2,2,1,3,3,2,2,3,4,1,2,3,2,3,3,3,3,3,2,55,Medium
21,18-24 years,Male,Student,Higher Secondary,5-6 hours,3,Never,6-7 hours,4,0 cup,Rarely,Rarely,3,2,3,1,2,2,3,3,3,2,3,3,2,1,3,3,2,3,2,3,42,Medium
22,18-24 years,Male,Student,Higher Secondary,7-8 hours,3,Never,6-7 hours,3,0 cup,Sometimes,Sometimes,3,3,3,1,2,3,2,1,3,2,3,3,2,1,3,3,3,1,3,2,44,Medium
26,25-31 years,Male,Both,Undergraduate,5-6 hours,3,Never,5-6 hours,5,1-2 cups,Sometimes,Sometimes,3,2,2,1,2,3,2,1,4,3,1,3,3,2,3,2,3,4,2,2,55,Medium
23,18-24 years,Female,Student,Undergraduate,5-6 hours,4,1-3 days,5-6 hours,3,0 cup,Rarely,Rarely,3,2,2,3,1,3,3,3,2,2,2,4,3,1,3,4,3,2,3,1,45,Medium
29,25-31 years,Male,Working,Graduate,5-6 hours,4,1-3 days,Less than 5 hours,2,0 cup,Rarely,Sometimes,3,1,2,2,4,3,1,1,3,4,1,3,4,1,4,2,4,4,4,1,63,High
24,18-24 years,Female,Student,Undergraduate,5-6 hours,4,3-5 days,5-6 hours,2,1-2 cups,Rarely,Sometimes,4,2,3,2,3,3,2,2,3,3,2,3,3,1,3,3,2,3,2,2,48,Medium
27,25-31 years,Female,Both,Graduate,5-6 hours,2,Never,8 hours or more,4,2-3 cups,Always,Never,4,3,3,1,2,3,3,2,4,3,2,2,3,1,4,3,3,2,3,3,45,Medium
35,32-38 years,Male,Working,Graduate,7-8 hours,2,Never,5-6 hours,4,2-3 cups,Sometimes,Rarely,3,2,2,2,2,3,2,1,2,4,1,1,4,1,4,3,3,2,3,3,53,Medium
24,18-24 years,Female,Student,Undergraduate,7-8 hours,4,3-5 days,5-6 hours,3,1-2 cups,Sometimes,Sometimes,4,3,2,1,3,3,2,4,2,2,2,3,3,3,2,3,3,3,3,1,49,Medium
25,25-31 years,Male,Both,Graduate,Less than 5 hours,1,Never,6-7 hours,5,more than 3 cups,Often,Rarely,4,3,3,1,1,4,2,3,2,3,2,4,3,1,4,3,2,2,2,1,39,Low
22,18-24 years,Female,Student,Undergraduate,9 hours or more,3,1-3 days,5-6 hours,3,1-2 cups,Sometimes,Sometimes,3,2,2,2,1,3,2,3,1,2,3,4,2,1,3,3,3,2,2,3,40,Medium
28,25-31 years,Male,Student,Graduate,7-8 hours,4,Never,Less than 5 hours,4,1-2 cups,Often,Rarely,3,1,2,2,2,2,1,1,2,3,1,3,2,1,3,3,4,3,3,1,56,Medium
20,18-24 years,Female,Student,Higher Secondary,9 hours or more,5,3-5 days,5-6 hours,1,0 cup,Rarely,Sometimes,3,2,2,2,3,2,2,1,3,3,1,2,4,2,3,2,4,4,3,1,62,High
25,25-31 years,Male,Student,Undergraduate,5-6 hours,4,Never,5-6 hours,2,0 cup,Sometimes,Sometimes,3,2,2,1,3,3,2,3,2,3,2,3,2,1,3,3,3,2,3,1,48,Medium
23,18-24 years,Female,Both,Undergraduate,5-6 hours,2,Never,6-7 hours,4,2-3 cups,Often,Never,4,3,3,1,3,3,3,3,1,3,2,4,2,1,3,4,3,2,2,3,38,Low
25,25-31 years,Female,Student,Undergraduate,5-6 hours,1,Never,8 hours or more,5,0 cup,Rarely,Rarely,4,2,3,1,2,4,2,2,2,3,2,4,2,1,4,3,3,2,2,3,40,Medium
27,25-31 years,Male,Working,Undergraduate,9 hours or more,4,1-3 days,6-7 hours,3,1-2 cups,Sometimes,Sometimes,2,3,4,1,2,2,3,3,2,1,4,3,3,2,2,1,3,2,3,2,45,Medium
37,32-38 years,Female,Working,Graduate,5-6 hours,3,Never,5-6 hours,2,1-2 cups,Sometimes,Rarely,3,2,2,4,3,2,1,2,3,3,2,2,3,3,2,1,3,2,2,3,59,Medium
21,18-24 years,Male,Student,Undergraduate,5-6 hours,4,1-3 days,6-7 hours,2,1-2 cups,Sometimes,Rarely,4,3,2,2,2,3,2,1,3,2,2,2,3,2,3,3,3,2,2,2,49,Medium
22,18-24 years,Female,Student,Higher Secondary,5-6 hours,3,Never,6-7 hours,4,1-2 cups,Rarely,Sometimes,3,2,3,2,1,3,2,2,1,1,4,4,2,1,4,3,3,1,1,2,36,Low
33,32-38 years,Male,Working,Undergraduate,7-8 hours,2,1-3 days,6-7 hours,4,1-2 cups,Often,Rarely,4,2,3,2,1,2,3,2,4,1,2,2,3,3,3,2,1,2,3,3,47,Medium
24,18-24 years,Female,Student,Undergraduate,5-6 hours,3,1-3 days,5-6 hours,2,1-2 cups,Often,Sometimes,4,3,2,3,1,2,2,3,3,2,1,2,3,3,4,2,3,2,1,2,49,Medium
25,25-31 years,Male,Student,Undergraduate,9 hours or more,4,Never,5-6 hours,2,1-2 cups,Sometimes,Rarely,3,2,1,2,4,3,3,2,1,2,3,2,3,2,1,2,3,2,2,3,51,Medium
25,25-31 years,Female,Student,Undergraduate,9 hours or more,3,3-5 days,6-7 hours,2,more than 3 cups,Sometimes,Sometimes,2,4,3,2,2,1,3,2,4,3,3,2,2,3,2,1,2,3,2,3,52,Medium
21,18-24 years,Male,Student,Higher Secondary,5-6 hours,2,Never,8 hours or more,4,2-3 cups,Rarely,Rarely,4,4,3,1,1,4,2,1,1,1,4,3,2,1,3,3,3,2,1,1,36,Low
28,25-31 years,Female,Both,Undergraduate,5-6 hours,3,1-3 days,6-7 hours,3,1-2 cups,Often,Rarely,3,1,2,4,3,3,2,2,3,2,2,1,3,2,3,4,2,3,2,3,53,Medium
20,18-24 years,Female,Student,Higher Secondary,7-8 hours,4,Never,6-7 hours,3,0 cup,Rarely,Rarely,3,2,2,2,2,3,2,4,1,3,1,3,2,1,3,3,4,3,3,2,48,Medium
25,25-31 years,Male,Student,Undergraduate,9 hours or more,3,1-3 days,5-6 hours,2,2-3 cups,Sometimes,Rarely,2,3,4,3,2,2,3,3,2,1,3,4,2,3,2,3,2,1,4,3,43,Medium
19,18-24 years,Female,Student,Higher Secondary,9 hours or more,3,1-3 days,5-6 hours,3,0 cup,Sometimes,Sometimes,3,1,3,1,2,2,1,1,2,2,2,4,1,1,4,4,3,2,2,2,44,Medium
36,32-38 years,Male,Working,Graduate,5-6 hours,2,3-5 days,6-7 hours,4,1-2 cups,Sometimes,Rarely,2,4,2,3,2,2,4,3,2,2,3,2,2,4,3,1,2,2,3,2,49,Medium
23,18-24 years,Male,Working,Undergraduate,5-6 hours,3,3-5 days,5-6 hours,3,1-2 cups,Sometimes,Sometimes,2,4,3,1,2,2,3,4,3,3,2,1,2,3,2,2,3,2,3,2,50,Medium
22,18-24 years,Female,Student,Undergraduate,7-8 hours,4,3-5 days,5-6 hours,3,1-2 cups,Sometimes,Sometimes,3,2,2,1,2,3,2,3,3,2,3,3,1,2,3,3,3,2,2,3,43,Medium
52,Above 38 years,Male,Working,Undergraduate,9 hours or more,3,1-3 days,6-7 hours,2,1-2 cups,Sometimes,Rarely,4,3,2,1,2,2,3,3,2,1,2,3,3,3,2,2,2,3,3,2,47,Medium
34,32-38 years,Male,Working,Graduate,7-8 hours,4,1-3 days,6-7 hours,4,1-2 cups,Often,Rarely,2,2,3,4,2,1,3,2,3,2,1,3,3,2,1,2,3,2,1,3,54,Medium
21,18-24 years,Female,Student,Undergraduate,Less than 5 hours,3,Never,8 hours or more,4,more than 3 cups,Sometimes,Sometimes,2,4,3,2,3,2,1,2,3,3,3,2,1,3,2,2,3,2,4,3,53,Medium
26,25-31 years,Male,Student,Undergraduate,5-6 hours,2,1-3 days,5-6 hours,2,1-2 cups,Sometimes,Rarely,3,4,2,2,3,2,1,3,2,2,3,4,2,3,2,3,2,2,3,2,47,Medium
28,25-31 years,Male,Working,Undergraduate,5-6 hours,4,1-3 days,5-6 hours,3,1-2 cups,Sometimes,Sometimes,3,1,2,1,3,2,3,1,1,2,3,3,2,1,3,3,2,2,2,2,45,Medium
25,25-31 years,Male,Student,Undergraduate,9 hours or more,2,Never,8 hours or more,3,1-2 cups,Often,Sometimes,2,4,3,2,1,2,3,3,2,4,3,2,2,2,3,2,3,1,3,2,46,Medium
35,32-38 years,Female,Working,Graduate,5-6 hours,2,1-3 days,5-6 hours,2,1-2 cups,Always,Rarely,2,4,2,1,3,2,3,3,2,1,4,3,2,2,2,1,3,2,1,2,44,Medium
22,18-24 years,Male,Student,Higher Secondary,5-6 hours,3,Never,5-6 hours,3,0 cup,Rarely,Rarely,3,2,2,1,3,2,2,3,2,3,2,2,3,1,2,2,3,1,2,2,50,Medium
32,32-38 years,Male,Working,Undergraduate,5-6 hours,2,1-3 days,8 hours or more,2,0 cup,Often,Sometimes,1,3,2,1,4,3,2,2,3,2,1,3,4,2,2,4,3,2,2,3,52,Medium
26,25-31 years,Male,Student,Graduate,7-8 hours,2,1-3 days,6-7 hours,3,1-2 cups,Sometimes,Rarely,3,1,2,3,4,1,2,3,2,2,1,3,3,2,1,2,3,3,4,2,60,High
32,32-38 years,Male,Working,Undergraduate,5-6 hours,3,3-5 days,5-6 hours,2,2-3 cups,Sometimes,Sometimes,2,4,3,1,2,3,2,1,2,3,1,2,4,2,3,1,2,3,3,2,53,Medium
19,18-24 years,Male,Student,Higher Secondary,9 hours or more,4,Never,6-7 hours,2,2-3 cups,Sometimes,Rarely,2,4,2,2,3,4,2,3,2,1,2,3,2,1,2,3,4,3,2,3,45,Medium
25,25-31 years,Female,Student,Undergraduate,5-6 hours,3,Never,5-6 hours,3,0 cup,Sometimes,Sometimes,3,2,2,1,2,3,2,1,3,2,3,3,3,2,3,3,2,3,2,2,48,Medium
27,25-31 years,Female,Working,Undergraduate,5-6 hours,2,1-3 days,6-7 hours,4,2-3 cups,Sometimes,Sometimes,2,4,3,2,1,4,2,2,1,3,2,1,3,2,1,4,3,2,2,3,46,Medium
23,18-24 years,Male,Student,Undergraduate,7-8 hours,4,1-3 days,5-6 hours,3,0 cup,Sometimes,Sometimes,4,1,3,1,2,3,1,1,3,3,1,3,2,1,3,3,1,3,1,2,47,Medium
22,18-24 years,Male,Student,Undergraduate,9 hours or more,2,1-3 days,5-6 hours,2,1-2 cups,Often,Rarely,2,4,3,2,1,2,3,1,4,2,3,2,1,3,2,2,3,4,2,3,50,Medium
25,25-31 years,Male,Student,Undergraduate,5-6 hours,2,1-3 days,6-7 hours,4,1-2 cups,Sometimes,Rarely,2,4,3,2,1,2,3,3,3,2,2,2,3,2,1,2,3,2,2,3,48,Medium
33,32-38 years,Male,Working,Undergraduate,5-6 hours,2,1-3 days,6-7 hours,2,1-2 cups,Sometimes,Rarely,2,3,4,3,2,2,3,2,3,1,2,3,2,3,2,1,2,3,4,3,51,Medium
23,18-24 years,Male,Student,Undergraduate,5-6 hours,2,1-3 days,8 hours or more,2,1-2 cups,Often,Sometimes,2,3,2,4,3,2,2,3,2,3,1,2,4,3,2,2,3,3,2,2,59,Medium
25,25-31 years,Female,Both,Undergraduate,Less than 5 hours,2,Never,6-7 hours,4,2-3 cups,Often,Rarely,4,3,3,1,2,4,3,2,2,3,2,3,2,1,3,3,3,1,2,3,39,Low
23,18-24 years,Female,Student,Undergraduate,5-6 hours,3,1-3 days,5-6 hours,3,0 cup,Sometimes,Sometimes,3,2,2,1,2,3,2,1,3,2,3,4,3,2,3,3,3,3,2,3,47,Medium
24,18-24 years,Male,Student,Undergraduate,5-6 hours,2,1-3 days,5-6 hours,2,2-3 cups,Sometimes,Sometimes,2,3,1,2,3,2,1,3,2,3,2,3,3,2,2,2,3,4,2,3,55,Medium
24,18-24 years,Male,Student,Undergraduate,7-8 hours,3,Never,5-6 hours,2,1-2 cups,Often,Sometimes,2,3,3,1,2,3,2,4,3,2,2,3,2,2,2,1,2,4,2,3,47,Medium
24,18-24 years,Female,Student,Undergraduate,5-6 hours,4,1-3 days,6-7 hours,2,1-2 cups,Sometimes,Sometimes,2,3,2,1,3,1,2,4,3,3,2,1,2,3,2,2,3,2,2,3,53,Medium
24,18-24 years,Male,Student,Undergraduate,7-8 hours,3,1-3 days,5-6 hours,2,1-2 cups,Sometimes,Sometimes,1,2,3,2,3,4,3,2,1,2,3,3,2,3,3,2,1,2,4,3,46,Medium
25,25-31 years,Male,Student,Undergraduate,9 hours or more,2,1-3 days,8 hours or more,2,2-3 cups,Sometimes,Sometimes,1,3,2,1,3,4,3,2,2,1,3,2,2,3,4,3,3,2,1,2,44,Medium
26,25-31 years,Male,Student,Undergraduate,7-8 hours,2,1-3 days,5-6 hours,2,more than 3 cups,Often,Rarely,2,3,1,2,3,4,3,2,1,3,2,1,2,3,2,3,3,2,2,3,50,Medium
22,18-24 years,Male,Student,Undergraduate,5-6 hours,2,Never,5-6 hours,2,2-3 cups,Often,Rarely,2,4,3,2,1,2,3,2,4,3,2,2,1,3,2,2,3,2,2,3,49,Medium
25,25-31 years,Female,Student,Undergraduate,9 hours or more,4,Never,8 hours or more,2,2-3 cups,Often,Rarely,3,1,2,4,3,2,1,2,3,2,1,4,2,3,2,2,2,3,3,2,58,Medium
24,18-24 years,Male,Student,Undergraduate,9 hours or more,3,1-3 days,5-6 hours,2,2-3 cups,Often,Sometimes,2,3,4,2,1,2,3,2,3,4,2,2,1,3,2,3,2,3,2,3,48,Medium
18,18-24 years,Male,Student,Higher Secondary,9 hours or more,2,1-3 days,5-6 hours,2,1-2 cups,Sometimes,Rarely,2,4,3,2,1,2,3,3,2,1,2,3,3,4,2,1,2,3,4,2,50,Medium
28,25-31 years,Female,Working,Undergraduate,7-8 hours,3,Never,5-6 hours,2,2-3 cups,Sometimes,Sometimes,2,3,4,2,1,3,2,4,3,2,1,2,3,3,4,2,3,2,1,2,46,Medium
25,25-31 years,Male,Student,Undergraduate,5-6 hours,2,1-3 days,5-6 hours,2,1-2 cups,Sometimes,Sometimes,3,2,1,3,2,3,4,2,1,3,2,1,3,2,3,4,2,2,3,2,49,Medium
26,25-31 years,Male,Student,Undergraduate,7-8 hours,4,1-3 days,6-7 hours,2,1-2 cups,Often,Sometimes,2,3,4,3,2,1,2,3,3,3,4,2,1,2,3,3,1,2,2,3,44,Medium
26,25-31 years,Male,Student,Undergraduate,7-8 hours,2,1-3 days,5-6 hours,2,2-3 cups,Sometimes,Sometimes,2,4,3,2,2,1,2,3,4,3,2,2,3,2,2,3,4,2,2,3,52,Medium
23,18-24 years,Male,Student,Undergraduate,5-6 hours,2,1-3 days,5-6 hours,2,1-2 cups,Sometimes,Rarely,2,3,3,2,1,3,3,3,2,1,2,3,3,3,2,1,2,3,2,2,47,Medium
17,Below 18 years,Female,Student,Higher Secondary,9 hours or more,2,1-3 days,5-6 hours,3,2-3 cups,Often,Rarely,2,4,3,1,2,3,1,2,3,3,4,2,2,3,1,2,3,1,2,3,48,Medium
24,18-24 years,Female,Student,Undergraduate,Less than 5 hours,1,Never,8 hours or more,5,2-3 cups,Often,Rarely,4,3,3,1,1,4,2,4,2,2,2,4,2,1,4,3,2,1,2,3,33,Low
22,18-24 years,Female,Student,Higher Secondary,7-8 hours,4,1-3 days,5-6 hours,4,1-2 cups,Rarely,Rarely,3,3,3,2,2,3,2,1,3,3,1,3,3,2,4,4,3,2,3,1,50,Medium
22,18-24 years,Female,Student,Undergraduate,5-6 hours,3,1-3 days,6-7 hours,3,1-2 cups,Sometimes,Sometimes,3,2,3,3,2,2,3,4,1,3,4,1,3,1,3,3,3,2,2,2,45,Medium
28,25-31 years,Female,Both,Graduate,5-6 hours,2,Never,8 hours or more,5,2-3 cups,Always,Rarely,4,2,2,1,2,4,2,3,2,2,3,4,2,1,4,3,3,2,2,4,37,Low
22,18-24 years,Male,Student,Higher Secondary,7-8 hours,3,1-3 days,5-6 hours,2,2-3 cups,Sometimes,Rarely,3,2,2,2,3,2,2,3,2,2,3,3,1,1,3,4,3,3,2,2,45,Medium
30,25-31 years,Male,Working,Graduate,7-8 hours,4,1-3 days,5-6 hours,3,1-2 cups,Sometimes,Sometimes,3,2,2,1,2,3,2,2,3,3,2,3,2,3,1,3,4,3,3,2,54,Medium
24,18-24 years,Male,Student,Undergraduate,5-6 hours,3,1-3 days,5-6 hours,4,1-2 cups,Rarely,Rarely,4,3,2,1,3,2,2,2,3,2,3,2,3,1,3,3,3,3,2,3,47,Medium
30,25-31 years,Male,Working,Graduate,5-6 hours,4,1-3 days,5-6 hours,3,1-2 cups,Sometimes,Sometimes,3,1,2,2,3,1,2,3,2,3,2,4,2,1,2,3,3,2,3,2,51,Medium
33,32-38 years,Male,Working,Graduate,7-8 hours,4,1-3 days,6-7 hours,3,2-3 cups,Often,Sometimes,4,1,2,1,2,2,2,1,3,3,1,2,3,2,4,2,3,3,3,2,55,Medium
23,18-24 years,Female,Student,Undergraduate,5-6 hours,3,1-3 days,5-6 hours,3,1-2 cups,Sometimes,Sometimes,3,2,2,1,3,3,3,2,2,3,2,2,3,1,3,3,2,2,2,2,47,Medium
29,25-31 years,Male,Working,Undergraduate,7-8 hours,4,3-5 days,5-6 hours,2,1-2 cups,Rarely,Often,2,1,1,2,4,1,1,1,2,4,1,2,3,2,2,4,4,3,4,1,66,High
45,Above 38 years,Male,Working,Graduate,7-8 hours,5,more than 5 days,Less than 5 hours,3,2-3 cups,Sometimes,Sometimes,3,1,2,3,2,2,1,1,1,4,1,1,4,2,3,1,4,4,3,1,65,High
22,18-24 years,Male,Student,Higher Secondary,5-6 hours,4,1-3 days,6-7 hours,4,0 cup,Rarely,Sometimes,3,2,3,1,1,3,2,3,1,2,2,4,2,1,4,4,3,1,3,2,38,Low
23,18-24 years,Female,Student,Undergraduate,5-6 hours,3,Never,5-6 hours,3,0 cup,Rarely,Sometimes,4,2,3,1,3,4,2,4,2,3,2,3,3,1,4,3,3,2,3,2,43,Medium
47,Above 38 years,Male,Working,Graduate,7-8 hours,5,3-5 days,Less than 5 hours,3,1-2 cups,Rarely,Sometimes,3,1,2,1,3,2,1,1,3,3,2,2,4,1,2,1,4,4,4,1,64,High
25,25-31 years,Male,Student,Undergraduate,9 hours or more,4,1-3 days,5-6 hours,3,2-3 cups,Rarely,Sometimes,3,2,3,3,3,2,3,2,1,3,2,3,2,1,3,2,3,3,3,3,49,Medium
34,32-38 years,Male,Working,Graduate,5-6 hours,4,3-5 days,5-6 hours,4,1-2 cups,Sometimes,Sometimes,3,2,2,1,3,2,2,1,3,3,1,1,3,2,3,2,3,3,3,2,58,Medium
20,18-24 years,Female,Student,Higher Secondary,7-8 hours,4,1-3 days,6-7 hours,3,1-2 cups,Rarely,Sometimes,4,2,2,1,1,3,2,4,2,3,2,4,1,1,3,2,3,2,3,2,42,Medium
24,18-24 years,Male,Student,Undergraduate,Less than 5 hours,3,Never,6-7 hours,4,0 cup,Sometimes,Rarely,4,3,3,1,1,4,3,4,1,2,4,4,2,1,4,4,3,2,2,3,30,Low
22,18-24 years,Female,Student,Undergraduate,5-6 hours,3,Never,5-6 hours,4,1-2 cups,Sometimes,Sometimes,3,2,1,1,2,3,2,1,2,2,3,4,2,1,3,4,2,2,2,3,42,Medium
25,25-31 years,Female,Both,Undergraduate,Less than 5 hours,2,Never,6-7 hours,4,0 cup,Always,Rarely,4,3,2,1,2,3,3,3,3,3,2,4,3,1,4,3,3,1,2,4,39,Low
21,18-24 years,Male,Student,Higher Secondary,7-8 hours,3,1-3 days,6-7 hours,4,1-2 cups,Rarely,Sometimes,2,3,2,3,1,3,2,4,2,3,3,2,3,1,3,3,2,2,3,2,46,Medium
28,25-31 years,Male,Working,Undergraduate,7-8 hours,4,1-3 days,5-6 hours,3,1-2 cups,Sometimes,Often,3,1,2,2,2,3,3,1,3,4,1,2,3,1,3,2,3,2,3,3,54,Medium
24,18-24 years,Male,Student,Undergraduate,5-6 hours,4,1-3 days,5-6 hours,3,1-2 cups,Rarely,Rarely,4,3,3,1,3,3,3,2,3,2,3,4,3,1,3,3,2,1,2,2,40,Medium
30,25-31 years,Male,Working,Graduate,7-8 hours,4,1-3 days,5-6 hours,3,1-2 cups,Sometimes,Sometimes,3,1,1,1,3,3,2,3,2,2,2,3,2,1,4,3,3,2,2,3,45,Medium
25,25-31 years,Female,Student,Graduate,5-6 hours,3,1-3 days,5-6 hours,4,1-2 cups,Rarely,Sometimes,4,2,1,1,2,2,3,2,2,2,2,4,3,1,3,2,3,2,3,2,47,Medium
23,18-24 years,Male,Student,Undergraduate,9 hours or more,4,1-3 days,5-6 hours,3,0 cup,Sometimes,Often,3,1,2,2,3,1,2,1,3,3,1,2,3,2,3,3,3,3,3,1,60,High
26,25-31 years,Male,Both,Undergraduate,5-6 hours,3,Never,Less than 5 hours,4,1-2 cups,Rarely,Sometimes,3,2,2,1,2,3,2,3,2,4,1,3,2,2,3,3,3,2,2,2,48,Medium
21,18-24 years,Female,Student,Higher Secondary,7-8 hours,3,Never,5-6 hours,2,1-2 cups,Rarely,Rarely,3,3,2,1,2,2,3,2,3,2,3,4,3,1,2,4,2,2,3,2,44,Medium
32,32-38 years,Male,Working,Graduate,7-8 hours,4,1-3 days,5-6 hours,3,1-2 cups,Sometimes,Sometimes,3,1,1,1,2,3,1,1,3,2,2,2,3,1,4,3,3,3,2,2,52,Medium
19,18-24 years,Female,Student,Higher Secondary,9 hours or more,5,1-3 days,5-6 hours,1,0 cup,Rarely,Sometimes,4,1,2,1,3,2,2,2,3,4,2,2,4,2,2,2,4,4,4,1,62,High
22,18-24 years,Female,Student,Undergraduate,7-8 hours,4,1-3 days,5-6 hours,2,0 cup,Sometimes,Sometimes,3,2,3,1,3,2,2,4,1,3,2,4,1,1,4,4,3,2,3,2,41,Medium
25,25-31 years,Female,Both,Undergraduate,5-6 hours,2,Never,8 hours or more,5,2-3 cups,Often,Rarely,4,3,3,1,2,4,2,3,2,3,2,4,2,1,3,3,3,1,2,4,37,Low
23,18-24 years,Female,Student,Undergraduate,7-8 hours,3,1-3 days,5-6 hours,3,1-2 cups,Sometimes,Sometimes,3,2,3,2,3,3,3,2,2,3,3,3,1,1,3,2,3,2,2,3,44,Medium
28,25-31 years,Male,Working,Graduate,7-8 hours,3,1-3 days,Less than 5 hours,3,1-2 cups,Sometimes,Sometimes,4,2,2,1,3,3,2,1,2,4,1,2,2,1,4,2,4,3,4,2,54,Medium
30,25-31 years,Male,Working,Graduate,5-6 hours,3,1-3 days,Less than 5 hours,3,2-3 cups,Often,Sometimes,3,2,2,1,2,3,2,1,3,3,2,1,3,1,4,2,3,3,3,1,54,Medium
26,25-31 years,Male,Both,Undergraduate,5-6 hours,2,Never,8 hours or more,4,2-3 cups,Often,Rarely,4,2,2,1,1,4,3,4,3,3,2,3,4,1,4,3,3,2,3,1,44,Medium
23,18-24 years,Female,Student,Undergraduate,7-8 hours,4,1-3 days,6-7 hours,4,1-2 cups,Sometimes,Sometimes,3,2,3,2,2,3,2,3,3,2,3,3,1,1,3,3,2,2,3,2,43,Medium
18,18-24 years,Female,Student,Higher Secondary,9 hours or more,4,Never,5-6 hours,2,0 cup,Rarely,Often,3,1,1,1,3,2,1,1,3,3,2,2,4,1,2,2,4,3,3,1,62,High
20,18-24 years,Female,Student,Higher Secondary,7-8 hours,3,1-3 days,5-6 hours,3,1-2 cups,Sometimes,Often,3,2,3,1,2,3,3,3,2,2,2,4,2,1,4,3,4,2,3,2,42,Medium
25,25-31 years,Female,Student,Undergraduate,7-8 hours,2,Never,8 hours or more,5,0 cup,Sometimes,Rarely,4,2,3,1,2,4,3,2,2,2,2,4,2,1,4,3,3,2,2,3,38,Low
22,18-24 years,Female,Student,Undergraduate,5-6 hours,4,1-3 days,6-7 hours,3,0 cup,Sometimes,Rarely,3,2,3,2,2,3,2,4,2,3,2,4,3,2,3,2,2,2,3,2,46,Medium
24,18-24 years,Female,Student,Undergraduate,7-8 hours,4,3-5 days,5-6 hours,4,1-2 cups,Sometimes,Sometimes,4,2,3,1,2,3,3,3,2,2,2,3,2,1,3,3,4,2,3,2,43,Medium
23,18-24 years,Female,Student,Undergraduate,5-6 hours,3,Never,8 hours or more,4,0 cup,Rarely,Sometimes,3,1,3,2,2,3,3,2,2,1,4,4,2,1,3,4,3,3,2,2,41,Medium
19,18-24 years,Female,Student,Higher Secondary,5-6 hours,2,Never,8 hours or more,4,0 cup,Rarely,Rarely,4,3,3,1,1,4,3,4,1,2,3,3,2,1,3,2,3,2,2,4,34,Low
24,18-24 years,Female,Student,Undergraduate,7-8 hours,4,1-3 days,5-6 hours,3,0 cup,Sometimes,Sometimes,3,2,2,1,3,2,2,3,2,2,2,2,4,2,4,2,3,2,2,2,50,Medium
20,18-24 years,Female,Student,Higher Secondary,7-8 hours,4,1-3 days,5-6 hours,2,1-2 cups,Sometimes,Sometimes,4,2,2,1,2,4,2,1,3,2,3,4,2,1,3,3,4,2,2,1,45,Medium
24,18-24 years,Female,Both,Undergraduate,5-6 hours,3,Never,6-7 hours,4,0 cup,Often,Rarely,2,2,1,2,4,2,2,1,3,4,1,3,3,2,4,2,4,2,4,1,62,High
22,18-24 years,Female,Student,Undergraduate,5-6 hours,1,Never,6-7 hours,4,0 cup,Sometimes,Sometimes,4,3,3,1,2,4,2,1,2,2,3,4,3,1,4,4,3,2,2,4,37,Low
23,18-24 years,Female,Student,Undergraduate,7-8 hours,4,3-5 days,5-6 hours,3,1-2 cups,Sometimes,Sometimes,3,2,2,2,3,2,2,3,3,2,3,4,3,1,3,3,4,2,3,2,49,Medium
21,18-24 years,Female,Student,Higher Secondary,7-8 hours,3,Never,5-6 hours,3,0 cup,Rarely,Sometimes,3,2,2,1,2,2,3,2,2,3,2,3,3,1,2,3,2,2,3,2,48,Medium
40,Above 38 years,Male,Working,Graduate,7-8 hours,4,more than 5 days,Less than 5 hours,2,1-2 cups,Sometimes,Sometimes,3,1,1,1,3,2,1,1,3,4,1,2,3,2,3,2,4,4,4,1,65,High
25,25-31 years,Male,Working,Undergraduate,5-6 hours,4,1-3 days,5-6 hours,4,1-2 cups,Sometimes,Rarely,3,2,3,1,3,2,2,1,2,4,1,2,2,2,2,3,4,3,3,2,56,Medium
23,18-24 years,Female,Student,Undergraduate,7-8 hours,3,1-3 days,6-7 hours,4,0 cup,Rarely,Sometimes,3,2,2,3,2,3,2,3,2,3,2,2,4,2,3,2,3,3,3,1,55,Medium
24,18-24 years,Female,Both,Undergraduate,Less than 5 hours,1,Never,8 hours or more,4,2-3 cups,Often,Never,4,2,2,1,2,4,2,3,2,3,2,4,2,1,4,3,3,2,2,4,39,Low
28,25-31 years,Female,Working,Undergraduate,7-8 hours,3,Never,5-6 hours,4,0 cup,Sometimes,Rarely,3,2,2,2,3,2,3,2,3,3,1,3,2,3,2,3,4,2,2,2,54,Medium
23,18-24 years,Female,Both,Undergraduate,Less than 5 hours,2,Never,6-7 hours,5,2-3 cups,Sometimes,Rarely,4,2,3,1,2,4,2,2,2,2,2,4,2,1,4,3,3,2,2,3,39,Low
29,25-31 years,Male,Working,Graduate,7-8 hours,4,1-3 days,5-6 hours,3,1-2 cups,Sometimes,Sometimes,3,1,2,2,3,2,2,1,3,3,2,2,3,1,3,2,4,3,3,2,58,Medium
26,25-31 years,Female,Student,Graduate,7-8 hours,4,1-3 days,5-6 hours,3,0 cup,Often,Sometimes,2,1,1,2,4,3,2,2,2,3,2,3,3,1,3,3,4,2,2,3,53,Medium
23,18-24 years,Female,Student,Undergraduate,7-8 hours,3,Never,6-7 hours,3,1-2 cups,Sometimes,Sometimes,3,2,2,2,3,3,2,2,3,3,2,3,2,2,3,3,4,2,3,2,52,Medium
35,32-38 years,Male,Working,Graduate,7-8 hours,4,3-5 days,Less than 5 hours,4,1-2 cups,Sometimes,Sometimes,3,1,2,2,3,2,2,1,3,4,1,2,4,1,4,2,4,3,4,1,62,High
20,18-24 years,Female,Student,Higher Secondary,5-6 hours,3,1-3 days,6-7 hours,4,0 cup,Sometimes,Sometimes,3,2,3,1,1,3,2,3,2,3,2,3,2,2,3,3,3,2,3,2,45,Medium
18,18-24 years,Female,Student,Higher Secondary,7-8 hours,4,Never,6-7 hours,3,0 cup,Sometimes,Sometimes,3,2,2,1,2,3,2,4,1,2,3,3,2,1,4,2,3,2,2,3,40,Medium
26,25-31 years,Female,Both,Undergraduate,5-6 hours,3,Never,5-6 hours,4,0 cup,Sometimes,Sometimes,4,2,2,1,2,3,2,2,4,4,2,3,2,1,4,3,4,2,3,2,49,Medium
42,Above 38 years,Male,Working,Graduate,7-8 hours,5,more than 5 days,Less than 5 hours,2,2-3 cups,Rarely,Sometimes,3,1,2,3,4,2,1,1,4,4,1,2,2,2,3,1,4,3,3,2,65,High
24,18-24 years,Female,Student,Undergraduate,7-8 hours,4,1-3 days,5-6 hours,3,0 cup,Sometimes,Sometimes,3,2,2,2,3,3,2,1,3,3,2,3,3,1,4,2,3,2,3,2,52,Medium
20,18-24 years,Male,Student,Higher Secondary,7-8 hours,3,1-3 days,6-7 hours,4,1-2 cups,Rarely,Sometimes,4,2,2,1,1,3,2,3,2,3,2,3,2,1,4,3,3,2,3,2,43,Medium
22,18-24 years,Male,Both,Higher Secondary,Less than 5 hours,2,Never,8 hours or more,4,2-3 cups,Always,Rarely,4,3,3,2,1,4,3,3,2,3,2,4,2,1,4,3,3,2,2,3,37,Low
36,32-38 years,Male,Working,Undergraduate,7-8 hours,4,3-5 days,5-6 hours,3,0 cup,Sometimes,Often,3,1,2,2,3,2,1,1,4,4,1,1,3,1,2,2,4,4,3,2,65,High
24,18-24 years,Female,Student,Undergraduate,5-6 hours,3,Never,6-7 hours,3,0 cup,Sometimes,Rarely,4,3,2,1,3,3,2,3,2,2,2,3,3,1,4,4,3,2,3,2,43,Medium
26,25-31 years,Female,Working,Undergraduate,7-8 hours,4,1-3 days,5-6 hours,3,0 cup,Sometimes,Often,3,1,1,3,4,2,1,1,4,4,1,2,4,1,4,2,4,3,4,1,67,High
20,18-24 years,Female,Student,Higher Secondary,7-8 hours,3,1-3 days,6-7 hours,4,0 cup,Rarely,Rarely,3,2,3,2,3,2,2,3,3,2,3,2,2,2,3,3,2,3,2,3,47,Medium
23,18-24 years,Female,Student,Undergraduate,5-6 hours,4,1-3 days,5-6 hours,4,2-3 cups,Sometimes,Rarely,3,1,2,3,3,2,1,1,2,3,2,3,2,2,3,3,3,2,3,2,55,Medium
25,25-31 years,Male,Working,Undergraduate,5-6 hours,4,1-3 days,6-7 hours,3,1-2 cups,Sometimes,Sometimes,2,1,2,2,3,2,1,1,3,4,2,3,2,2,4,2,3,2,3,1,58,Medium
27,25-31 years,Male,Working,Graduate,7-8 hours,3,1-3 days,Less than 5 hours,3,1-2 cups,Sometimes,Sometimes,3,1,3,2,4,2,1,2,4,4,1,3,2,2,3,2,4,3,2,3,58,Medium
30,25-31 years,Male,Working,Graduate,7-8 hours,4,3-5 days,5-6 hours,2,0 cup,Often,Sometimes,3,2,2,1,3,2,2,1,3,3,2,2,3,1,4,2,4,3,3,3,54,Medium
22,18-24 years,Female,Student,Higher Secondary,9 hours or more,4,1-3 days,6-7 hours,4,1-2 cups,Rarely,Often,4,1,2,1,3,2,2,4,3,3,2,3,2,1,4,3,3,2,3,2,47,Medium
45,Above 38 years,Male,Working,Graduate,7-8 hours,5,more than 5 days,Less than 5 hours,2,2-3 cups,Sometimes,Sometimes,3,1,1,2,3,2,1,1,4,4,2,2,3,1,3,2,4,3,4,1,64,High
21,18-24 years,Male,Student,Higher Secondary,5-6 hours,3,Never,5-6 hours,3,0 cup,Sometimes,Sometimes,3,2,2,3,3,3,2,3,1,3,2,3,2,1,3,3,3,1,3,2,47,Medium
23,18-24 years,Female,Student,Undergraduate,7-8 hours,4,3-5 days,5-6 hours,4,1-2 cups,Sometimes,Sometimes,3,2,3,2,3,2,3,1,3,3,2,2,3,1,2,3,3,1,3,2,52,Medium
23,18-24 years,Female,Student,Undergraduate,5-6 hours,3,Never,5-6 hours,3,0 cup,Rarely,Rarely,4,2,2,1,2,3,2,1,3,2,2,4,3,1,4,2,3,2,2,3,45,Medium
47,Above 38 years,Male,Working,Postgraduate,7-8 hours,4,3-5 days,Less than 5 hours,3,1-2 cups,Sometimes,Often,3,1,2,2,4,3,1,1,3,4,1,1,3,2,3,2,4,3,3,1,64,High
20,18-24 years,Female,Student,Higher Secondary,5-6 hours,3,1-3 days,6-7 hours,4,0 cup,Rarely,Rarely,3,2,2,1,2,3,2,4,1,2,3,4,2,1,4,4,3,1,3,2,38,Low
25,25-31 years,Female,Both,Undergraduate,5-6 hours,2,Never,6-7 hours,4,2-3 cups,Often,Rarely,4,2,2,1,3,4,3,1,2,3,2,3,3,1,4,2,3,2,2,3,45,Medium
22,18-24 years,Female,Student,Higher Secondary,7-8 hours,4,1-3 days,6-7 hours,3,1-2 cups,Sometimes,Sometimes,3,3,2,1,3,3,2,1,2,2,3,4,2,1,4,2,3,1,3,2,44,Medium
23,18-24 years,Female,Student,Undergraduate,5-6 hours,3,Never,5-6 hours,4,0 cup,Rarely,Sometimes,3,2,2,1,3,2,2,2,3,3,2,3,2,2,3,2,3,3,2,3,51,Medium
20,18-24 years,Male,Student,Higher Secondary,7-8 hours,4,3-5 days,5-6 hours,2,0 cup,Rarely,Often,4,1,1,3,4,2,1,1,3,4,1,3,3,2,3,2,4,2,4,2,63,High
22,18-24 years,Female,Student,Undergraduate,5-6 hours,4,1-3 days,6-7 hours,4,0 cup,Sometimes,Often,3,2,2,2,3,2,3,4,3,4,2,3,2,2,3,2,3,3,2,3,50,Medium
29,25-31 years,Male,Working,Graduate,7-8 hours,4,1-3 days,5-6 hours,4,1-2 cups,Rarely,Sometimes,2,1,2,3,3,2,1,1,3,3,2,4,2,1,3,2,3,3,3,1,58,Medium
55,Above 38 years,Male,Working,Postgraduate,7-8 hours,5,more than 5 days,Less than 5 hours,2,1-2 cups,Rarely,Sometimes,3,1,1,3,3,2,1,1,4,4,1,1,3,2,3,1,4,4,3,2,68,High
23,18-24 years,Male,Student,Undergraduate,7-8 hours,4,1-3 days,5-6 hours,4,2-3 cups,Sometimes,Sometimes,3,2,3,1,3,2,3,4,1,3,2,3,2,2,4,4,3,1,2,2,41,Medium
22,18-24 years,Female,Student,Undergraduate,5-6 hours,2,Never,6-7 hours,4,0 cup,Sometimes,Rarely,4,3,3,2,1,4,3,4,1,3,2,4,3,1,4,3,3,2,2,3,36,Low
28,25-31 years,Male,Working,Undergraduate,7-8 hours,4,1-3 days,5-6 hours,4,2-3 cups,Sometimes,Often,3,1,2,2,3,3,1,1,3,3,1,3,3,1,3,3,4,2,3,2,56,Medium
24,18-24 years,Female,Student,Undergraduate,5-6 hours,3,1-3 days,5-6 hours,4,1-2 cups,Sometimes,Sometimes,4,2,2,1,2,4,3,2,2,3,2,4,3,1,4,3,4,2,2,2,43,Medium
26,25-31 years,Male,Working,Undergraduate,5-6 hours,3,Never,6-7 hours,4,1-2 cups,Sometimes,Often,3,1,2,2,2,3,2,1,3,4,2,3,2,2,4,2,4,2,3,2,54,Medium
23,18-24 years,Female,Student,Undergraduate,9 hours or more,4,1-3 days,5-6 hours,3,0 cup,Sometimes,Sometimes,4,2,1,1,3,3,2,2,3,2,3,4,3,1,3,3,4,3,3,1,50,Medium
20,18-24 years,Female,Student,Higher Secondary,5-6 hours,4,Never,6-7 hours,4,0 cup,Rarely,Often,3,1,3,1,3,3,2,3,2,3,2,4,3,2,4,4,4,2,3,3,46,Medium
24,18-24 years,Female,Student,Undergraduate,7-8 hours,4,1-3 days,5-6 hours,4,1-2 cups,Sometimes,Sometimes,4,2,3,1,3,4,2,1,2,3,1,3,2,1,4,3,3,2,3,1,47,Medium
21,18-24 years,Male,Student,Higher Secondary,5-6 hours,3,Never,5-6 hours,3,0 cup,Rarely,Sometimes,3,1,2,2,3,2,1,1,4,3,2,4,3,1,3,3,4,4,3,3,57,Medium
41,Above 38 years,Male,Working,Undergraduate,5-6 hours,2,Never,5-6 hours,2,1-2 cups,Sometimes,Sometimes,2,3,4,2,1,3,3,4,2,2,3,1,2,3,3,4,3,2,2,3,41,Medium
22,18-24 years,Male,Student,Undergraduate,9 hours or more,4,Never,5-6 hours,2,more than 3 cups,Often,Sometimes,2,3,2,2,3,4,1,2,2,3,1,2,4,3,2,2,2,3,3,2,57,Medium
16,Below 18 years,Male,Student,Higher Secondary,Less than 5 hours,2,1-3 days,8 hours or more,4,2-3 cups,Sometimes,Rarely,2,3,3,2,1,2,3,3,4,2,1,2,3,3,4,2,2,3,1,2,49,Medium
25,25-31 years,Male,Student,Undergraduate,5-6 hours,4,more than 5 days,5-6 hours,4,1-2 cups,Often,Sometimes,2,4,2,3,1,2,2,3,1,2,3,4,3,2,1,2,3,3,2,2,48,Medium
23,18-24 years,Male,Student,Undergraduate,9 hours or more,3,3-5 days,5-6 hours,2,2-3 cups,Sometimes,Sometimes,2,3,4,2,3,3,2,2,3,2,3,4,3,2,1,2,3,3,2,2,50,Medium
19,18-24 years,Female,Student,Higher Secondary,5-6 hours,2,1-3 days,6-7 hours,2,1-2 cups,Often,Sometimes,3,2,1,4,3,2,2,3,2,1,2,3,3,2,2,4,3,2,1,2,50,Medium
24,18-24 years,Female,Student,Undergraduate,7-8 hours,4,1-3 days,5-6 hours,3,0 cup,Rarely,Sometimes,3,1,2,2,3,2,2,3,2,3,2,3,2,1,4,3,2,3,2,3,47,Medium
25,25-31 years,Female,Student,Undergraduate,7-8 hours,4,3-5 days,5-6 hours,2,1-2 cups,Sometimes,Sometimes,2,1,2,3,4,2,2,1,4,3,2,2,3,4,2,3,3,4,2,1,65,High
20,18-24 years,Female,Student,Higher Secondary,7-8 hours,2,Never,8 hours or more,4,0 cup,Sometimes,Rarely,4,3,3,1,1,4,2,3,1,2,3,4,3,1,4,3,3,2,2,4,34,Low
26,25-31 years,Male,Both,Undergraduate,7-8 hours,3,Never,5-6 hours,4,2-3 cups,Often,Rarely,3,2,2,2,2,3,3,3,3,3,2,3,2,2,3,3,3,2,2,2,47,Medium
32,32-38 years,Male,Other,Undergraduate,9 hours or more,2,1-3 days,6-7 hours,3,1-2 cups,Often,Rarely,4,2,3,1,2,3,3,1,2,3,2,3,2,1,4,3,3,2,3,1,45,Medium
21,18-24 years,Male,Student,Undergraduate,9 hours or more,3,1-3 days,5-6 hours,2,2-3 cups,Often,Sometimes,2,3,4,2,2,3,1,2,2,3,1,3,2,2,3,4,2,3,1,2,46,Medium
42,Above 38 years,Male,Working,Graduate,7-8 hours,4,3-5 days,Less than 5 hours,3,2-3 cups,Sometimes,Often,3,1,1,2,3,2,1,1,4,4,1,1,2,1,3,2,4,3,3,1,64,High
23,18-24 years,Male,Student,Undergraduate,5-6 hours,4,1-3 days,5-6 hours,4,1-2 cups,Sometimes,Rarely,3,2,2,3,3,3,2,2,3,3,3,4,3,3,4,2,4,2,3,1,54,Medium
25,25-31 years,Male,Student,Undergraduate,9 hours or more,2,1-3 days,5-6 hours,2,more than 3 cups,Often,Rarely,4,2,3,2,2,2,3,3,1,2,3,4,2,1,2,3,2,1,2,3,38,Low
28,25-31 years,Male,Both,Undergraduate,Less than 5 hours,2,Never,8 hours or more,5,2-3 cups,Often,Rarely,4,2,2,1,2,4,2,1,2,3,2,4,2,1,4,3,3,1,2,3,41,Medium
52,Above 38 years,Male,Working,Graduate,7-8 hours,4,more than 5 days,Less than 5 hours,4,1-2 cups,Rarely,Often,3,1,2,1,2,3,2,1,4,4,1,1,4,1,2,1,4,4,4,1,65,High
32,32-38 years,Male,Working,Undergraduate,7-8 hours,3,3-5 days,5-6 hours,3,1-2 cups,Often,Sometimes,2,4,3,1,2,3,3,2,1,3,4,3,2,1,2,2,3,2,3,3,42,Medium
25,25-31 years,Female,Student,Graduate,5-6 hours,3,1-3 days,5-6 hours,4,0 cup,Sometimes,Sometimes,3,2,2,2,3,3,2,4,3,3,2,3,3,1,3,2,3,3,3,2,51,Medium
22,18-24 years,Male,Student,Undergraduate,9 hours or more,2,1-3 days,5-6 hours,2,1-2 cups,Often,Sometimes,3,2,1,2,4,3,2,1,2,3,2,3,4,3,2,2,2,3,4,3,58,Medium
25,25-31 years,Male,Student,Undergraduate,9 hours or more,2,Never,5-6 hours,2,1-2 cups,Sometimes,Rarely,2,4,3,2,1,2,3,4,2,2,3,2,1,3,2,4,3,2,2,2,42,Medium
20,18-24 years,Male,Student,Higher Secondary,7-8 hours,5,3-5 days,5-6 hours,2,0 cup,Rarely,Often,2,1,1,3,3,2,2,2,3,3,1,3,3,2,3,2,4,3,4,1,63,High
21,18-24 years,Female,Student,Higher Secondary,9 hours or more,4,3-5 days,5-6 hours,4,0 cup,Rarely,Sometimes,4,2,2,2,3,4,2,1,4,4,1,3,3,1,3,1,4,4,4,1,60,High
29,25-31 years,Male,Working,Undergraduate,5-6 hours,4,1-3 days,Less than 5 hours,4,1-2 cups,Sometimes,Sometimes,3,1,2,2,3,2,3,1,2,3,1,2,3,1,4,3,3,2,3,3,52,Medium
36,32-38 years,Male,Working,Undergraduate,7-8 hours,2,3-5 days,6-7 hours,2,1-2 cups,Sometimes,Sometimes,2,3,4,2,2,2,4,3,2,1,2,3,2,2,3,2,2,3,2,3,42,Medium
26,25-31 years,Female,Student,Graduate,7-8 hours,4,1-3 days,5-6 hours,3,1-2 cups,Rarely,Sometimes,3,1,2,2,3,3,3,2,2,3,2,3,3,2,3,2,3,1,3,2,51,Medium
32,32-38 years,Male,Working,Graduate,5-6 hours,3,Never,6-7 hours,4,1-2 cups,Rarely,Rarely,4,2,3,1,1,3,2,1,2,3,3,2,3,1,4,3,4,2,3,2,46,Medium
26,25-31 years,Female,Student,Undergraduate,5-6 hours,5,1-3 days,5-6 hours,4,0 cup,Rarely,Often,3,2,2,1,3,2,3,3,2,3,2,2,3,1,3,3,3,2,3,1,50,Medium
24,18-24 years,Male,Student,Undergraduate,5-6 hours,2,1-3 days,5-6 hours,2,2-3 cups,Sometimes,Rarely,2,4,3,2,1,2,3,2,2,3,3,4,3,1,2,3,2,1,2,2,42,Medium
25,25-31 years,Male,Student,Undergraduate,9 hours or more,2,3-5 days,5-6 hours,2,2-3 cups,Sometimes,Rarely,2,4,3,2,1,2,4,3,2,2,1,2,3,4,3,2,2,3,2,3,47,Medium
26,25-31 years,Male,Student,Undergraduate,5-6 hours,3,1-3 days,5-6 hours,2,2-3 cups,Sometimes,Sometimes,2,4,3,2,3,2,1,3,4,3,2,2,3,2,3,3,2,2,3,3,51,Medium
20,18-24 years,Male,Student,Higher Secondary,9 hours or more,2,Never,5-6 hours,4,0 cup,Rarely,Rarely,4,3,3,2,1,4,3,4,1,2,2,4,2,1,4,3,2,3,2,2,35,Low
24,18-24 years,Male,Student,Undergraduate,7-8 hours,2,1-3 days,5-6 hours,2,2-3 cups,Sometimes,Rarely,2,4,3,2,2,1,2,3,4,3,1,2,2,1,2,2,3,1,3,2,52,Medium
25,25-31 years,Female,Student,Undergraduate,5-6 hours,2,1-3 days,5-6 hours,2,1-2 cups,Often,Sometimes,2,4,3,2,2,1,2,2,3,2,4,3,2,1,2,3,2,3,2,3,45,Medium
23,18-24 years,Female,Student,Undergraduate,Less than 5 hours,2,Never,6-7 hours,4,0 cup,Sometimes,Never,4,4,4,1,1,3,3,2,2,1,3,3,2,1,4,4,3,2,2,3,33,Low
37,32-38 years,Female,Working,Graduate,5-6 hours,2,1-3 days,5-6 hours,2,1-2 cups,Often,Rarely,2,4,2,3,1,2,3,4,2,3,2,1,4,3,2,3,2,2,3,2,51,Medium
28,25-31 years,Male,Working,Undergraduate,7-8 hours,4,1-3 days,5-6 hours,3,1-2 cups,Sometimes,Rarely,3,2,2,1,3,2,2,4,2,3,1,1,3,2,3,2,4,3,3,3,54,Medium
22,18-24 years,Male,Student,Undergraduate,5-6 hours,3,Never,8 hours or more,3,0 cup,Sometimes,Sometimes,3,1,3,3,2,3,2,3,3,2,3,3,3,1,4,3,4,3,2,2,48,Medium
17,Below 18 years,Male,Student,Higher Secondary,9 hours or more,4,3-5 days,5-6 hours,2,0 cup,Rarely,Sometimes,4,1,2,2,3,3,1,1,3,3,2,2,4,1,2,2,4,3,3,1,60,High
22,18-24 years,Male,Student,Undergraduate,5-6 hours,3,Never,5-6 hours,3,0 cup,Rarely,Rarely,3,1,2,2,3,2,2,1,2,4,1,3,3,2,2,3,4,3,3,2,59,Medium
32,32-38 years,Male,Working,Undergraduate,5-6 hours,2,Never,5-6 hours,2,2-3 cups,Often,Sometimes,2,4,3,3,2,2,1,1,3,2,2,4,3,2,1,2,2,3,3,2,54,Medium
24,18-24 years,Male,Working,Undergraduate,7-8 hours,2,3-5 days,5-6 hours,2,1-2 cups,Often,Rarely,2,3,4,2,1,3,4,2,1,2,3,4,3,2,2,4,3,2,2,3,39,Low
26,25-31 years,Male,Student,Graduate,7-8 hours,4,3-5 days,5-6 hours,3,1-2 cups,Rarely,Sometimes,3,2,2,2,3,1,2,2,3,2,3,2,3,2,3,1,3,3,3,2,56,Medium
25,25-31 years,Female,Student,Graduate,Less than 5 hours,1,Never,8 hours or more,4,2-3 cups,Often,Never,4,3,3,1,2,3,3,4,3,2,3,4,2,1,4,4,3,2,2,3,35,Low
21,18-24 years,Male,Student,Undergraduate,5-6 hours,2,Never,5-6 hours,2,1-2 cups,Often,Rarely,3,2,1,2,3,4,2,1,3,2,1,2,3,3,2,2,2,4,2,2,57,Medium
24,18-24 years,Female,Student,Undergraduate,5-6 hours,3,Never,5-6 hours,4,0 cup,Rarely,Sometimes,3,2,2,1,3,2,3,1,3,4,2,3,3,1,3,3,3,2,4,1,54,Medium
21,18-24 years,Male,Student,Undergraduate,5-6 hours,2,1-3 days,5-6 hours,2,1-2 cups,Often,Rarely,2,4,3,2,2,4,3,2,1,2,3,2,3,2,1,4,2,3,2,3,43,Medium
28,25-31 years,Female,Both,Graduate,7-8 hours,2,1-3 days,5-6 hours,4,1-2 cups,Often,Rarely,4,2,1,2,3,2,1,3,2,1,4,3,2,3,3,2,2,3,2,3,47,Medium
41,Above 38 years,Male,Working,Undergraduate,5-6 hours,2,1-3 days,6-7 hours,3,1-2 cups,Sometimes,Sometimes,2,1,4,3,2,3,1,2,2,3,4,3,3,2,4,2,1,2,3,2,48,Medium
26,25-31 years,Male,Working,Undergraduate,9 hours or more,2,1-3 days,5-6 hours,2,2-3 cups,Sometimes,Sometimes,2,4,3,2,1,2,3,2,3,2,1,2,2,3,4,2,3,2,1,2,47,Medium
24,18-24 years,Female,Student,Undergraduate,7-8 hours,4,1-3 days,5-6 hours,3,0 cup,Sometimes,Sometimes,3,2,2,1,3,2,3,2,3,3,2,3,2,1,3,2,3,2,3,2,50,Medium
24,18-24 years,Female,Student,Undergraduate,7-8 hours,3,1-3 days,5-6 hours,3,0 cup,Sometimes,Sometimes,3,2,2,1,3,2,2,3,2,3,3,2,3,1,3,3,3,3,3,2,50,Medium
25,25-31 years,Female,Student,Undergraduate,7-8 hours,3,Never,6-7 hours,2,0 cup,Rarely,Sometimes,3,1,2,2,3,3,2,1,3,3,2,3,3,2,3,3,2,2,3,2,53,Medium
23,18-24 years,Male,Student,Undergraduate,Less than 5 hours,2,Never,8 hours or more,4,2-3 cups,Rarely,Rarely,4,3,3,1,1,3,3,4,1,2,4,4,2,1,4,3,2,3,2,2,33,Low
23,18-24 years,Female,Student,Undergraduate,5-6 hours,2,Never,5-6 hours,3,0 cup,Rarely,Sometimes,3,1,2,2,2,3,2,4,2,3,3,3,1,1,4,2,3,2,2,3,43,Medium
26,25-31 years,Female,Both,Undergraduate,Less than 5 hours,2,Never,8 hours or more,5,2-3 cups,Always,Rarely,4,3,3,1,1,3,2,1,2,3,2,4,1,1,4,3,3,2,2,3,39,Low
22,18-24 years,Female,Student,Undergraduate,7-8 hours,4,1-3 days,6-7 hours,4,0 cup,Sometimes,Rarely,3,2,2,2,3,3,3,4,1,3,2,3,3,1,4,4,2,1,2,2,41,Medium
27,25-31 years,Male,Both,Undergraduate,5-6 hours,3,1-3 days,Less than 5 hours,5,1-2 cups,Always,Never,3,1,1,1,2,3,2,2,4,3,2,3,3,1,4,4,3,2,3,4,48,Medium
20,18-24 years,Female,Student,Higher Secondary,9 hours or more,4,1-3 days,5-6 hours,2,0 cup,Rarely,Often,3,1,2,3,4,3,1,1,3,4,1,3,4,2,3,2,4,4,3,1,65,High
30,25-31 years,Male,Working,Graduate,5-6 hours,3,Never,Less than 5 hours,4,1-2 cups,Sometimes,Sometimes,3,2,2,1,1,3,2,1,4,4,2,2,3,1,3,1,3,3,3,2,55,Medium
20,18-24 years,Female,Student,Higher Secondary,7-8 hours,4,1-3 days,5-6 hours,3,0 cup,Rarely,Sometimes,3,2,2,3,2,2,3,2,1,1,4,3,2,1,3,3,3,2,3,3,43,Medium
23,18-24 years,Female,Student,Undergraduate,5-6 hours,4,1-3 days,5-6 hours,3,0 cup,Rarely,Sometimes,3,2,2,3,3,2,2,3,2,2,2,3,2,2,4,4,3,2,3,3,47,Medium
27,25-31 years,Male,Working,Undergraduate,7-8 hours,4,1-3 days,5-6 hours,3,1-2 cups,Sometimes,Sometimes,3,1,1,3,3,2,1,1,3,4,2,2,3,2,3,2,3,3,4,1,64,High
20,18-24 years,Male,Student,Higher Secondary,7-8 hours,3,Never,5-6 hours,3,0 cup,Rarely,Sometimes,3,2,2,3,2,3,2,4,1,2,3,4,3,1,3,3,3,2,2,2,43,Medium
25,25-31 years,Female,Student,Undergraduate,Less than 5 hours,2,Never,8 hours or more,5,2-3 cups,Often,Rarely,4,3,3,1,1,4,3,4,2,3,3,4,2,1,4,4,3,2,2,3,33,Low
26,25-31 years,Male,Both,Undergraduate,5-6 hours,2,Never,6-7 hours,5,2-3 cups,Often,Never,4,3,2,1,1,4,3,3,2,3,2,4,1,1,4,3,3,2,2,4,35,Low
22,18-24 years,Male,Student,Undergraduate,7-8 hours,3,1-3 days,5-6 hours,3,0 cup,Rarely,Sometimes,3,1,2,3,4,3,2,1,2,3,3,3,4,1,3,3,4,3,3,2,56,Medium
28,25-31 years,Male,Working,Graduate,7-8 hours,5,1-3 days,5-6 hours,3,1-2 cups,Sometimes,Sometimes,4,1,1,1,3,3,1,1,4,4,1,2,3,1,3,2,4,3,3,2,60,High
32,32-38 years,Male,Working,Graduate,5-6 hours,3,3-5 days,Less than 5 hours,2,0 cup,Rarely,Often,3,1,1,3,3,2,1,1,3,4,2,2,4,2,2,1,4,4,4,1,69,High
21,18-24 years,Male,Student,Higher Secondary,7-8 hours,3,1-3 days,6-7 hours,4,2-3 cups,Rarely,Sometimes,4,2,2,2,1,4,3,4,2,2,3,4,2,1,4,4,3,2,2,3,35,Low
23,18-24 years,Female,Student,Undergraduate,7-8 hours,4,1-3 days,5-6 hours,3,1-2 cups,Sometimes,Sometimes,3,2,3,1,3,3,2,3,2,3,2,4,3,1,3,3,3,2,3,2,46,Medium
23,18-24 years,Female,Student,Undergraduate,5-6 hours,3,Never,5-6 hours,3,0 cup,Rarely,Sometimes,3,2,2,2,2,3,2,3,3,4,2,4,3,1,4,3,3,2,3,3,47,Medium
28,25-31 years,Male,Working,Undergraduate,7-8 hours,4,1-3 days,5-6 hours,4,1-2 cups,Sometimes,Sometimes,2,1,1,3,3,2,2,1,3,3,2,2,3,2,4,2,4,3,3,2,61,High
18,18-24 years,Female,Student,Higher Secondary,9 hours or more,4,Never,5-6 hours,3,0 cup,Rarely,Often,4,2,2,1,2,4,2,4,2,3,2,3,3,1,3,2,3,2,3,1,46,Medium
20,18-24 years,Female,Student,Higher Secondary,7-8 hours,4,1-3 days,6-7 hours,3,0 cup,Rarely,Sometimes,3,3,2,1,2,3,3,2,3,2,2,4,2,1,3,4,4,3,2,3,43,Medium
25,25-31 years,Male,Student,Graduate,7-8 hours,4,1-3 days,5-6 hours,4,1-2 cups,Sometimes,Sometimes,3,2,2,1,3,3,2,2,3,3,3,2,3,2,3,2,4,3,3,2,54,Medium
26,25-31 years,Female,Working,Undergraduate,5-6 hours,3,Never,8 hours or more,4,2-3 cups,Always,Rarely,4,1,2,1,1,4,2,1,3,3,2,3,3,1,4,3,3,1,2,2,45,Medium
20,18-24 years,Male,Student,Higher Secondary,7-8 hours,3,Never,5-6 hours,2,0 cup,Rarely,Sometimes,3,2,2,1,2,3,2,4,1,3,2,4,3,1,3,3,3,1,2,3,41,Medium
35,32-38 years,Male,Working,Graduate,7-8 hours,5,3-5 days,Less than 5 hours,2,1-2 cups,Rarely,Sometimes,3,1,1,2,3,2,1,1,4,4,2,2,4,2,3,1,4,3,3,1,66,High
45,Above 38 years,Male,Working,Postgraduate,7-8 hours,4,more than 5 days,5-6 hours,3,1-2 cups,Sometimes,Often,4,1,2,1,2,2,1,2,3,4,2,1,4,2,4,2,4,4,4,2,60,High
24,18-24 years,Female,Student,Undergraduate,5-6 hours,4,Never,6-7 hours,4,0 cup,Rarely,Sometimes,4,3,3,1,1,4,2,1,2,3,3,3,3,1,4,3,4,2,3,2,43,Medium
20,18-24 years,Male,Student,Higher Secondary,5-6 hours,3,Never,6-7 hours,4,0 cup,Rarely,Rarely,3,2,3,2,2,3,3,4,1,3,2,2,3,1,3,2,3,2,2,3,44,Medium
22,18-24 years,Female,Student,Undergraduate,7-8 hours,4,1-3 days,6-7 hours,4,0 cup,Sometimes,Sometimes,3,3,3,1,1,3,3,1,2,2,3,4,3,1,4,4,3,3,2,2,40,Medium
29,25-31 years,Male,Working,Graduate,7-8 hours,4,1-3 days,5-6 hours,4,2-3 cups,Always,Sometimes,3,1,2,2,2,3,3,1,2,4,2,2,4,2,4,2,4,3,2,4,53,Medium
21,18-24 years,Female,Student,Higher Secondary,9 hours or more,3,1-3 days,6-7 hours,3,0 cup,Rarely,Sometimes,3,2,2,1,3,2,2,1,2,3,2,3,2,2,3,3,4,3,3,3,52,Medium
23,18-24 years,Female,Student,Undergraduate,5-6 hours,3,1-3 days,5-6 hours,3,0 cup,Rarely,Sometimes,3,2,3,1,1,3,3,3,2,3,2,3,3,1,3,2,3,2,2,4,42,Medium
23,18-24 years,Female,Student,Undergraduate,7-8 hours,3,Never,6-7 hours,4,0 cup,Rarely,Sometimes,3,2,2,1,3,2,3,4,3,4,2,4,4,2,4,3,4,3,3,2,51,Medium
26,25-31 years,Female,Both,Graduate,Less than 5 hours,2,Never,6-7 hours,4,0 cup,Always,Rarely,4,2,3,1,2,4,3,2,2,3,2,4,1,1,4,4,3,2,2,4,36,Low
20,18-24 years,Female,Student,Higher Secondary,7-8 hours,4,Never,5-6 hours,4,0 cup,Sometimes,Sometimes,3,2,2,1,3,2,3,4,1,4,2,3,2,1,3,2,4,2,2,2,47,Medium
18,18-24 years,Female,Student,Higher Secondary,5-6 hours,2,Never,8 hours or more,4,0 cup,Rarely,Rarely,4,4,4,1,1,3,2,4,2,1,4,3,1,1,3,3,2,1,2,4,29,Low
22,18-24 years,Female,Student,Higher Secondary,5-6 hours,3,Never,6-7 hours,3,0 cup,Sometimes,Rarely,3,2,2,1,3,2,3,2,3,2,3,3,2,2,4,4,3,2,3,2,46,Medium
28,25-31 years,Male,Both,Undergraduate,5-6 hours,2,Never,8 hours or more,5,more than 3 cups,Always,Never,4,1,2,1,2,4,2,3,2,3,2,4,1,1,4,3,3,2,2,4,39,Low
26,25-31 years,Female,Working,Graduate,7-8 hours,4,3-5 days,5-6 hours,3,1-2 cups,Sometimes,Often,3,1,1,2,4,3,1,1,4,4,1,2,4,2,2,2,4,4,4,1,69,High
28,25-31 years,Female,Working,Graduate,5-6 hours,3,Never,5-6 hours,3,0 cup,Rarely,Rarely,3,2,2,1,2,3,2,1,2,3,2,2,2,2,4,2,3,3,3,2,51,Medium
22,18-24 years,Female,Student,Undergraduate,5-6 hours,4,Never,5-6 hours,4,2-3 cups,Sometimes,Sometimes,3,1,2,1,1,3,3,4,2,2,3,3,2,1,4,2,3,1,2,2,40,Medium
29,25-31 years,Female,Working,Graduate,7-8 hours,4,3-5 days,Less than 5 hours,2,1-2 cups,Rarely,Often,3,1,1,2,4,2,1,1,4,4,2,2,3,2,4,2,4,3,4,1,65,High
21,18-24 years,Female,Student,Higher Secondary,5-6 hours,3,Never,6-7 hours,3,0 cup,Rarely,Sometimes,3,2,2,2,1,3,2,2,3,3,2,4,3,1,3,3,3,2,2,3,46,Medium
19,18-24 years,Female,Student,Higher Secondary,7-8 hours,4,1-3 days,5-6 hours,3,0 cup,Rarely,Sometimes,4,2,2,1,3,4,2,2,3,4,2,3,3,2,3,2,3,3,3,2,52,Medium
17,Below 18 years,Female,Student,Higher Secondary,5-6 hours,3,Never,5-6 hours,4,0 cup,Sometimes,Sometimes,3,2,2,1,3,2,3,2,2,3,2,3,2,1,2,3,3,2,3,3,48,Medium
20,18-24 years,Female,Student,Higher Secondary,7-8 hours,3,1-3 days,6-7 hours,4,0 cup,Rarely,Rarely,3,2,3,1,1,3,2,3,2,3,2,4,3,1,3,3,3,2,2,2,43,Medium
26,25-31 years,Female,Both,Graduate,5-6 hours,3,1-3 days,Less than 5 hours,4,0 cup,Sometimes,Sometimes,4,2,2,1,1,4,2,2,2,3,2,2,3,2,3,2,3,2,2,3,46,Medium
47,Above 38 years,Female,Working,Graduate,7-8 hours,5,more than 5 days,Less than 5 hours,3,0 cup,Sometimes,Sometimes,3,1,2,1,3,2,1,1,4,4,1,1,3,2,3,2,4,4,4,2,65,High
42,Above 38 years,Male,Working,Postgraduate,7-8 hours,5,more than 5 days,Less than 5 hours,4,1-2 cups,Rarely,Sometimes,3,1,1,2,3,2,2,1,3,4,2,2,4,3,2,1,4,4,4,2,67,High
23,18-24 years,Female,Student,Undergraduate,7-8 hours,3,3-5 days,5-6 hours,4,0 cup,Sometimes,Sometimes,3,1,2,2,3,3,2,3,1,3,2,4,3,1,4,4,3,2,3,2,46,Medium
28,25-31 years,Male,Both,Graduate,5-6 hours,2,Never,8 hours or more,5,2-3 cups,Always,Never,4,2,2,1,1,4,3,2,2,3,3,4,1,1,4,3,3,2,2,4,36,Low
24,18-24 years,Female,Student,Undergraduate,5-6 hours,4,1-3 days,6-7 hours,4,1-2 cups,Sometimes,Sometimes,4,2,2,1,3,4,2,2,3,2,3,3,3,1,3,2,3,2,3,3,46,Medium
28,25-31 years,Male,Working,Graduate,5-6 hours,4,Never,5-6 hours,4,1-2 cups,Sometimes,Sometimes,3,2,3,1,3,2,3,2,3,3,2,2,2,3,4,3,3,3,3,2,51,Medium
23,18-24 years,Female,Student,Undergraduate,5-6 hours,3,1-3 days,5-6 hours,3,2-3 cups,Rarely,Rarely,3,2,2,2,1,3,2,3,3,2,2,4,3,1,4,4,3,2,3,2,44,Medium
20,18-24 years,Female,Student,Higher Secondary,5-6 hours,4,Never,6-7 hours,2,0 cup,Rarely,Sometimes,4,1,1,1,2,4,3,4,1,3,2,4,3,1,3,4,3,1,3,2,41,Medium
25,25-31 years,Female,Both,Graduate,Less than 5 hours,1,Never,8 hours or more,5,2-3 cups,Often,Never,4,3,3,1,1,4,3,3,2,2,3,3,1,1,4,3,2,1,2,4,31,Low
35,32-38 years,Male,Working,Graduate,7-8 hours,4,1-3 days,5-6 hours,4,1-2 cups,Sometimes,Sometimes,2,1,1,2,3,3,2,1,3,3,1,2,3,1,2,2,3,3,3,2,60,High
18,18-24 years,Female,Student,Higher Secondary,7-8 hours,4,Never,6-7 hours,4,0 cup,Rarely,Sometimes,4,3,3,1,1,3,2,4,1,3,2,2,2,1,4,2,3,2,2,3,39,Low
26,25-31 years,Female,Working,Undergraduate,5-6 hours,3,1-3 days,6-7 hours,4,0 cup,Often,Rarely,3,2,2,2,2,3,2,2,3,3,2,2,4,2,4,2,3,2,3,3,52,Medium
45,Above 38 years,Female,Working,Graduate,7-8 hours,4,3-5 days,Less than 5 hours,3,1-2 cups,Sometimes,Sometimes,3,1,2,1,1,3,2,1,4,4,1,2,3,3,3,2,4,3,4,1,61,High
50,Above 38 years,Male,Working,Postgraduate,7-8 hours,5,more than 5 days,Less than 5 hours,4,1-2 cups,Rarely,Sometimes,3,1,1,2,3,2,1,1,3,4,2,1,4,1,3,1,4,4,4,2,66,High
52,Above 38 years,Male,Working,Postgraduate,5-6 hours,4,3-5 days,Less than 5 hours,4,2-3 cups,Sometimes,Often,3,2,2,1,2,3,2,1,3,3,2,2,3,1,4,3,4,4,3,1,54,Medium
23,18-24 years,Female,Student,Undergraduate,5-6 hours,3,Never,6-7 hours,4,0 cup,Sometimes,Sometimes,3,2,2,1,3,3,2,3,2,3,3,3,2,1,3,2,2,3,2,2,46,Medium
20,18-24 years,Female,Student,Higher Secondary,7-8 hours,3,1-3 days,6-7 hours,2,1-2 cups,Sometimes,Rarely,2,2,2,3,3,3,2,1,3,4,2,4,2,2,4,3,4,2,3,2,54,Medium
28,25-31 years,Male,Working,Graduate,7-8 hours,4,3-5 days,5-6 hours,3,0 cup,Sometimes,Sometimes,3,1,1,2,4,3,2,1,4,4,1,1,3,1,3,2,4,3,4,1,65,High
17,Below 18 years,Female,Student,Higher Secondary,5-6 hours,2,Never,8 hours or more,4,0 cup,Rarely,Sometimes,4,4,4,2,1,4,3,2,2,1,3,4,1,1,4,3,2,2,2,4,30,Low
27,25-31 years,Male,Both,Graduate,7-8 hours,3,Never,5-6 hours,4,1-2 cups,Often,Sometimes,3,3,1,2,2,3,3,3,3,3,2,2,3,1,4,3,3,2,3,2,48,Medium
20,18-24 years,Female,Student,Higher Secondary,7-8 hours,4,1-3 days,6-7 hours,3,0 cup,Rarely,Sometimes,3,2,2,2,3,2,3,1,3,4,2,3,2,1,4,4,4,3,4,2,53,Medium
48,Above 38 years,Male,Working,Graduate,7-8 hours,4,more than 5 days,Less than 5 hours,2,2-3 cups,Sometimes,Sometimes,3,1,1,2,2,3,1,1,3,4,1,1,3,2,4,2,4,4,4,1,64,High
23,18-24 years,Female,Student,Undergraduate,5-6 hours,4,1-3 days,5-6 hours,3,0 cup,Sometimes,Sometimes,3,2,2,1,2,3,2,3,2,3,2,3,2,1,3,3,4,3,2,3,46,Medium
24,18-24 years,Female,Student,Undergraduate,5-6 hours,3,1-3 days,5-6 hours,3,1-2 cups,Sometimes,Sometimes,3,2,2,2,3,3,2,2,2,3,2,3,3,1,4,3,3,2,3,3,48,Medium
40,Above 38 years,Male,Working,Graduate,7-8 hours,4,3-5 days,5-6 hours,4,0 cup,Sometimes,Sometimes,3,1,1,2,2,3,1,1,4,4,1,2,3,1,3,2,4,3,4,2,62,High
45,Above 38 years,Male,Working,Postgraduate,7-8 hours,4,3-5 days,Less than 5 hours,5,2-3 cups,Always,Rarely,4,2,2,1,3,2,2,1,3,4,2,1,3,2,3,2,4,3,4,2,59,Medium
27,25-31 years,Female,Working,Graduate,7-8 hours,4,1-3 days,6-7 hours,4,1-2 cups,Rarely,Sometimes,3,1,2,2,3,2,2,2,3,4,2,2,4,1,4,2,4,3,3,1,59,Medium
22,18-24 years,Female,Student,Undergraduate,5-6 hours,4,Never,6-7 hours,3,1-2 cups,Sometimes,Sometimes,3,2,2,1,3,3,2,2,3,2,3,3,3,2,3,3,4,1,2,3,47,Medium
18,18-24 years,Female,Student,Higher Secondary,7-8 hours,4,1-3 days,5-6 hours,2,0 cup,Rarely,Often,3,1,1,2,3,3,2,2,3,4,2,3,4,2,3,1,4,3,3,1,61,High
20,18-24 years,Female,Student,Higher Secondary,7-8 hours,2,Never,5-6 hours,4,2-3 cups,Rarely,Sometimes,4,3,3,1,3,4,2,1,3,3,2,3,3,2,2,3,4,3,2,2,50,Medium
26,25-31 years,Male,Working,Graduate,5-6 hours,4,1-3 days,6-7 hours,4,0 cup,Sometimes,Sometimes,3,2,2,3,2,3,2,1,2,3,2,3,2,1,3,2,3,2,3,2,51,Medium
23,18-24 years,Male,Student,Undergraduate,5-6 hours,4,Never,5-6 hours,4,0 cup,Rarely,Sometimes,3,3,3,1,3,2,2,1,3,3,2,3,3,1,4,3,3,3,3,1,51,Medium
23,18-24 years,Female,Student,Undergraduate,5-6 hours,3,1-3 days,5-6 hours,3,1-2 cups,Rarely,Sometimes,3,3,3,1,2,3,2,3,2,3,2,3,3,1,3,3,4,3,3,2,47,Medium
28,25-31 years,Male,Working,Graduate,5-6 hours,3,1-3 days,5-6 hours,4,0 cup,Rarely,Sometimes,3,2,2,2,2,3,2,1,3,4,1,2,3,1,3,2,4,3,4,1,59,Medium
24,18-24 years,Female,Student,Undergraduate,5-6 hours,3,Never,5-6 hours,3,0 cup,Rarely,Sometimes,4,2,3,1,1,3,3,1,2,3,3,4,3,1,3,2,3,2,3,3,43,Medium
20,18-24 years,Female,Student,Higher Secondary,7-8 hours,3,Never,5-6 hours,3,0 cup,Rarely,Sometimes,3,2,2,1,3,2,2,3,2,3,2,2,3,2,3,4,3,2,4,3,50,Medium
21,18-24 years,Female,Student,Higher Secondary,5-6 hours,4,Never,6-7 hours,4,0 cup,Rarely,Rarely,3,2,2,2,3,2,2,3,1,3,2,2,3,1,4,2,2,4,3,3,50,Medium
40,Above 38 years,Male,Working,Graduate,7-8 hours,5,more than 5 days,Less than 5 hours,3,2-3 cups,Sometimes,Sometimes,3,1,1,2,2,3,1,1,4,4,1,2,3,2,3,2,4,4,4,1,65,High
26,25-31 years,Male,Both,Undergraduate,Less than 5 hours,2,Never,8 hours or more,5,2-3 cups,Often,Rarely,4,2,3,1,1,4,3,3,2,3,2,4,2,1,4,4,3,2,2,4,35,Low
21,18-24 years,Female,Student,Higher Secondary,5-6 hours,4,1-3 days,5-6 hours,4,0 cup,Rarely,Sometimes,3,2,2,1,3,2,1,3,1,2,3,4,2,1,3,4,3,1,2,3,41,Medium
30,25-31 years,Male,Working,Graduate,7-8 hours,5,3-5 days,5-6 hours,3,1-2 cups,Sometimes,Often,3,1,1,3,3,2,1,1,4,4,2,2,4,2,3,2,4,3,4,1,67,High
20,18-24 years,Female,Student,Higher Secondary,5-6 hours,4,Never,6-7 hours,4,2-3 cups,Often,Rarely,4,3,3,1,1,4,3,2,2,2,3,3,2,1,4,2,3,2,3,3,38,Low
23,18-24 years,Female,Student,Undergraduate,5-6 hours,4,1-3 days,5-6 hours,4,0 cup,Sometimes,Sometimes,3,2,2,1,3,3,2,2,2,3,2,4,3,1,2,3,3,2,3,2,49,Medium
32,32-38 years,Male,Working,Graduate,5-6 hours,3,1-3 days,6-7 hours,4,1-2 cups,Rarely,Sometimes,4,1,1,1,2,3,1,2,3,4,1,3,3,1,4,2,3,3,3,3,53,Medium
23,18-24 years,Female,Student,Undergraduate,Less than 5 hours,3,Never,8 hours or more,5,2-3 cups,Sometimes,Rarely,4,3,3,1,2,4,2,4,3,3,4,4,3,1,4,3,3,2,2,4,36,Low
22,18-24 years,Male,Student,Undergraduate,5-6 hours,4,1-3 days,5-6 hours,4,0 cup,Sometimes,Sometimes,3,2,2,2,3,3,2,3,2,3,3,2,3,1,3,2,3,2,3,2,50,Medium
25,25-31 years,Female,Student,Graduate,7-8 hours,4,1-3 days,5-6 hours,4,1-2 cups,Sometimes,Sometimes,3,1,1,1,2,2,2,1,3,2,3,2,3,2,3,3,2,2,3,2,52,Medium
21,18-24 years,Male,Student,Higher Secondary,7-8 hours,4,3-5 days,5-6 hours,2,0 cup,Rarely,Sometimes,3,1,1,3,3,2,2,1,4,4,1,3,4,2,3,1,4,3,4,1,67,High
28,25-31 years,Male,Working,Graduate,5-6 hours,4,1-3 days,5-6 hours,3,2-3 cups,Often,Rarely,3,1,1,1,3,3,1,2,2,3,2,1,2,2,4,2,4,3,3,3,55,Medium
22,18-24 years,Male,Both,Undergraduate,5-6 hours,4,Never,8 hours or more,3,2-3 cups,Rarely,Sometimes,4,3,2,1,1,3,3,3,1,3,3,2,3,1,3,2,3,1,3,2,42,Medium
20,18-24 years,Female,Student,Higher Secondary,9 hours or more,5,3-5 days,5-6 hours,2,0 cup,Rarely,Often,3,1,1,3,4,2,1,1,4,4,2,3,4,1,3,2,4,4,4,1,67,High
22,18-24 years,Female,Student,Undergraduate,5-6 hours,4,1-3 days,5-6 hours,3,0 cup,Rarely,Sometimes,4,1,2,3,2,3,2,4,2,3,2,4,3,2,4,3,3,2,3,2,47,Medium
27,25-31 years,Male,Both,Undergraduate,5-6 hours,2,Never,8 hours or more,4,0 cup,Sometimes,Rarely,4,3,3,1,1,4,2,3,2,3,3,4,2,1,4,3,2,1,2,4,33,Low
25,25-31 years,Female,Student,Graduate,7-8 hours,4,Never,5-6 hours,4,1-2 cups,Rarely,Rarely,3,2,2,1,2,3,2,1,3,3,2,4,3,1,3,3,3,2,3,2,49,Medium
18,18-24 years,Male,Student,Higher Secondary,5-6 hours,3,1-3 days,6-7 hours,2,0 cup,Rarely,Sometimes,3,1,2,1,2,3,2,3,1,3,2,4,3,2,3,3,3,1,3,2,46,Medium
20,18-24 years,Female,Student,Higher Secondary,5-6 hours,3,Never,Less than 5 hours,4,1-2 cups,Rarely,Often,4,1,1,2,3,2,1,2,3,3,2,3,4,1,3,3,2,2,3,3,53,Medium
26,25-31 years,Female,Both,Graduate,Less than 5 hours,1,Never,6-7 hours,4,1-2 cups,Often,Rarely,4,2,2,1,1,4,2,4,2,3,2,4,2,1,4,3,3,2,3,4,38,Low
30,25-31 years,Male,Working,Graduate,7-8 hours,4,1-3 days,5-6 hours,4,1-2 cups,Sometimes,Sometimes,3,1,1,2,3,3,1,1,3,4,2,2,3,2,3,2,4,3,4,3,61,High
20,18-24 years,Male,Student,Higher Secondary,7-8 hours,3,1-3 days,5-6 hours,4,0 cup,Rarely,Sometimes,3,3,2,1,3,2,2,2,3,2,3,3,3,1,3,2,3,3,2,2,49,Medium
27,25-31 years,Male,Working,Graduate,Less than 5 hours,4,Never,5-6 hours,3,2-3 cups,Sometimes,Sometimes,4,2,2,1,3,2,3,2,2,3,1,2,3,1,3,2,4,3,3,2,53,Medium
32,32-38 years,Male,Working,Graduate,7-8 hours,4,1-3 days,5-6 hours,3,1-2 cups,Rarely,Sometimes,3,2,2,2,3,2,2,1,4,4,1,2,2,1,3,3,3,2,3,1,57,Medium
20,18-24 years,Female,Student,Higher Secondary,9 hours or more,4,1-3 days,5-6 hours,4,1-2 cups,Rarely,Sometimes,4,1,1,2,2,3,2,3,2,3,2,4,3,2,3,1,4,3,3,2,53,Medium
33,32-38 years,Male,Student,Graduate,7-8 hours,4,3-5 days,5-6 hours,4,1-2 cups,Sometimes,Rarely,4,1,1,1,3,3,1,1,4,4,1,1,3,2,4,2,4,3,4,1,63,High
30,25-31 years,Male,Working,Graduate,5-6 hours,3,1-3 days,6-7 hours,4,2-3 cups,Sometimes,Sometimes,3,2,2,1,3,3,2,2,2,3,2,2,3,2,3,2,3,2,3,2,52,Medium
18,18-24 years,Male,Student,Higher Secondary,5-6 hours,4,1-3 days,8 hours or more,2,0 cup,Rarely,Sometimes,4,3,3,2,1,3,3,4,1,2,3,4,3,2,3,2,2,1,2,2,37,Low
22,18-24 years,Male,Student,Undergraduate,5-6 hours,4,1-3 days,6-7 hours,2,2-3 cups,Rarely,Rarely,4,3,2,3,1,3,3,4,1,3,2,4,3,1,3,2,3,2,3,2,43,Medium
20,18-24 years,Male,Student,Higher Secondary,7-8 hours,4,3-5 days,6-7 hours,3,0 cup,Rarely,Sometimes,3,2,2,2,3,1,2,3,3,2,3,3,2,2,4,3,3,2,3,3,48,Medium
50,Above 38 years,Male,Working,Graduate,7-8 hours,4,more than 5 days,Less than 5 hours,2,2-3 cups,Rarely,Sometimes,3,1,1,2,3,2,1,1,4,4,2,2,3,2,4,2,4,3,4,2,63,High
23,18-24 years,Female,Student,Undergraduate,5-6 hours,2,Never,5-6 hours,4,0 cup,Rarely,Sometimes,4,2,3,1,2,4,2,1,2,3,2,4,3,1,4,2,3,2,2,3,43,Medium
25,25-31 years,Male,Both,Undergraduate,5-6 hours,4,Never,6-7 hours,5,2-3 cups,Often,Rarely,4,2,2,1,2,3,2,1,2,3,2,3,2,1,4,3,3,1,2,4,42,Medium
21,18-24 years,Male,Student,Higher Secondary,5-6 hours,4,1-3 days,6-7 hours,3,1-2 cups,Sometimes,Sometimes,3,2,2,2,3,3,2,3,1,3,3,3,3,1,3,2,3,1,3,2,47,Medium
23,18-24 years,Male,Student,Undergraduate,7-8 hours,4,Never,6-7 hours,3,0 cup,Rarely,Sometimes,3,2,3,1,3,2,3,2,3,2,3,2,3,2,3,4,3,1,2,3,45,Medium
17,Below 18 years,Male,Student,Higher Secondary,9 hours or more,4,3-5 days,Less than 5 hours,1,0 cup,Rarely,Often,3,1,1,2,4,2,1,2,3,3,2,2,4,2,3,1,4,3,3,1,64,High
20,18-24 years,Female,Student,Higher Secondary,7-8 hours,4,Never,6-7 hours,2,0 cup,Rarely,Rarely,3,3,3,1,2,3,2,1,3,2,3,4,2,1,4,4,3,2,2,2,41,Medium
34,32-38 years,Male,Working,Graduate,7-8 hours,4,3-5 days,5-6 hours,4,0 cup,Sometimes,Rarely,3,1,2,2,2,2,1,1,3,3,1,4,3,2,3,2,3,3,3,1,58,Medium
26,25-31 years,Male,Both,Graduate,5-6 hours,3,Never,Less than 5 hours,3,0 cup,Rarely,Sometimes,3,2,2,1,1,3,2,1,2,4,1,4,2,1,4,2,3,3,2,3,47,Medium
21,18-24 years,Female,Student,Higher Secondary,5-6 hours,4,1-3 days,5-6 hours,3,2-3 cups,Sometimes,Sometimes,4,2,2,1,1,4,2,3,3,1,4,4,2,1,3,3,3,1,3,2,38,Low
22,18-24 years,Female,Student,Higher Secondary,7-8 hours,2,Never,6-7 hours,5,0 cup,Rarely,Rarely,4,2,3,1,1,4,4,1,2,3,3,4,3,1,3,2,3,2,2,4,39,Low
28,25-31 years,Male,Working,Graduate,5-6 hours,3,1-3 days,5-6 hours,4,2-3 cups,Often,Sometimes,3,1,1,2,3,3,2,2,2,4,1,2,2,2,4,2,4,3,4,1,59,Medium
20,18-24 years,Male,Student,Higher Secondary,7-8 hours,4,3-5 days,6-7 hours,2,2-3 cups,Sometimes,Sometimes,4,3,3,1,2,4,3,1,3,1,4,4,2,2,3,3,3,1,3,2,39,Low
22,18-24 years,Female,Student,Higher Secondary,9 hours or more,4,3-5 days,5-6 hours,4,0 cup,Rarely,Sometimes,3,1,1,2,2,3,1,3,2,3,1,3,3,1,3,2,4,3,3,2,55,Medium
50,Above 38 years,Male,Other,Undergraduate,5-6 hours,4,3-5 days,Less than 5 hours,3,2-3 cups,Rarely,Sometimes,3,1,1,2,2,2,2,1,2,4,1,2,3,2,2,2,4,3,3,1,62,High
22,18-24 years,Male,Student,Higher Secondary,5-6 hours,3,Never,6-7 hours,4,0 cup,Rarely,Sometimes,3,2,3,2,3,3,2,4,1,1,4,4,3,1,3,2,4,2,2,2,42,Medium
21,18-24 years,Male,Student,Higher Secondary,5-6 hours,4,Never,5-6 hours,4,0 cup,Rarely,Rarely,4,2,2,1,2,4,2,4,2,3,2,4,3,1,3,3,3,2,3,4,41,Medium
27,25-31 years,Male,Working,Graduate,5-6 hours,4,1-3 days,6-7 hours,4,0 cup,Sometimes,Sometimes,3,1,1,2,3,3,2,1,3,3,2,2,2,1,4,3,3,3,3,1,55,Medium
45,Above 38 years,Male,Working,Postgraduate,7-8 hours,5,3-5 days,Less than 5 hours,3,2-3 cups,Sometimes,Sometimes,2,1,1,3,3,2,1,1,3,4,1,2,3,2,4,2,4,3,4,2,65,High
22,18-24 years,Female,Student,Higher Secondary,5-6 hours,2,Never,6-7 hours,3,0 cup,Rarely,Rarely,3,2,3,2,3,3,2,4,2,2,3,4,3,1,3,3,3,2,2,2,43,Medium
19,18-24 years,Female,Student,Higher Secondary,9 hours or more,3,Never,6-7 hours,2,0 cup,Rarely,Sometimes,4,3,3,1,3,2,2,1,3,2,3,4,3,1,3,4,3,2,2,3,43,Medium
24,18-24 years,Male,Student,Undergraduate,7-8 hours,4,1-3 days,5-6 hours,3,0 cup,Sometimes,Sometimes,3,3,3,1,1,3,3,4,2,2,2,4,2,2,3,3,3,1,3,3,38,Low
28,25-31 years,Male,Working,Graduate,7-8 hours,4,Never,6-7 hours,3,2-3 cups,Sometimes,Often,4,2,2,1,3,2,3,2,3,3,2,3,2,1,3,2,4,3,3,2,51,Medium
20,18-24 years,Male,Student,Higher Secondary,5-6 hours,4,1-3 days,5-6 hours,3,0 cup,Rarely,Sometimes,4,2,2,1,3,4,2,4,1,2,2,4,2,1,3,3,3,1,2,2,39,Low
22,18-24 years,Female,Student,Undergraduate,7-8 hours,4,1-3 days,6-7 hours,3,2-3 cups,Sometimes,Sometimes,3,2,2,2,3,2,2,1,3,3,1,3,2,2,4,2,3,3,3,1,56,Medium
19,18-24 years,Male,Student,Higher Secondary,9 hours or more,4,3-5 days,5-6 hours,2,0 cup,Rarely,Often,3,1,2,3,3,2,1,2,3,3,2,3,4,2,3,1,4,3,3,1,62,High
44,Above 38 years,Male,Working,Graduate,5-6 hours,3,3-5 days,Less than 5 hours,4,2-3 cups,Sometimes,Sometimes,3,2,2,1,1,3,2,1,3,3,2,2,3,1,4,3,3,3,3,2,50,Medium
28,25-31 years,Male,Working,Graduate,5-6 hours,4,Never,6-7 hours,3,0 cup,Rarely,Sometimes,3,3,3,1,1,3,3,1,3,3,2,3,2,1,3,2,3,2,2,2,45,Medium
23,18-24 years,Male,Student,Undergraduate,7-8 hours,4,1-3 days,5-6 hours,4,0 cup,Sometimes,Sometimes,3,2,2,1,3,2,3,2,3,3,2,1,2,2,2,3,3,3,3,2,54,Medium
20,18-24 years,Female,Student,Higher Secondary,5-6 hours,3,Never,5-6 hours,3,0 cup,Sometimes,Sometimes,4,1,2,1,2,4,2,4,3,3,1,4,2,1,3,4,3,2,3,2,44,Medium
23,18-24 years,Female,Student,Undergraduate,7-8 hours,4,3-5 days,6-7 hours,4,1-2 cups,Sometimes,Sometimes,4,2,3,2,3,3,3,2,3,3,3,2,4,2,3,2,4,3,3,2,53,Medium
26,25-31 years,Female,Both,Graduate,5-6 hours,2,Never,8 hours or more,5,more than 3 cups,Always,Rarely,4,2,3,1,2,4,3,2,2,3,2,4,3,1,4,3,3,2,2,4,39,Low
27,25-31 years,Male,Working,Graduate,5-6 hours,4,Never,6-7 hours,4,0 cup,Rarely,Rarely,3,2,2,1,2,3,2,4,2,2,3,2,3,1,3,3,2,3,2,3,43,Medium
20,18-24 years,Male,Student,Higher Secondary,7-8 hours,4,Never,6-7 hours,4,0 cup,Sometimes,Rarely,4,2,2,2,2,3,3,4,2,3,3,4,3,2,3,2,3,2,3,3,44,Medium
23,18-24 years,Female,Student,Undergraduate,7-8 hours,4,3-5 days,5-6 hours,4,0 cup,Sometimes,Rarely,3,1,1,2,2,3,2,2,2,3,1,3,3,1,2,3,2,3,3,3,52,Medium
20,18-24 years,Male,Student,Higher Secondary,5-6 hours,3,Never,5-6 hours,4,0 cup,Sometimes,Sometimes,3,2,2,1,3,2,2,3,2,3,2,3,2,1,3,3,3,3,2,2,48,Medium
19,18-24 years,Female,Student,Higher Secondary,5-6 hours,3,Never,5-6 hours,4,0 cup,Rarely,Rarely,3,1,2,1,2,3,2,3,1,3,2,3,2,1,3,3,3,1,2,3,43,Medium
27,25-31 years,Male,Student,Graduate,7-8 hours,3,1-3 days,5-6 hours,3,1-2 cups,Often,Sometimes,2,1,3,4,3,1,2,2,4,3,2,1,2,2,3,2,1,2,2,2,57,Medium
25,25-31 years,Female,Student,Graduate,7-8 hours,4,3-5 days,5-6 hours,2,0 cup,Rarely,Sometimes,3,1,1,2,3,2,2,1,3,4,1,1,3,2,3,2,4,3,4,1,65,High
25,25-31 years,Male,Both,Undergraduate,5-6 hours,2,3-5 days,6-7 hours,3,1-2 cups,Often,Rarely,3,1,2,3,3,2,2,1,4,3,3,1,2,2,3,2,2,1,1,2,54,Medium
30,25-31 years,Male,Working,Graduate,5-6 hours,4,Never,5-6 hours,3,2-3 cups,Sometimes,Sometimes,4,1,2,2,2,4,2,1,3,4,1,2,4,1,3,2,4,4,4,2,59,Medium
27,25-31 years,Female,Student,Graduate,7-8 hours,3,1-3 days,8 hours or more,2,2-3 cups,Often,Sometimes,1,4,4,3,2,1,1,2,3,4,2,2,3,3,2,3,2,3,2,2,56,Medium
23,18-24 years,Female,Student,Undergraduate,5-6 hours,4,Never,6-7 hours,4,2-3 cups,Sometimes,Rarely,3,1,2,2,3,3,2,4,1,3,2,3,3,1,3,2,3,2,3,2,49,Medium
20,18-24 years,Female,Student,Higher Secondary,7-8 hours,4,3-5 days,6-7 hours,4,0 cup,Sometimes,Sometimes,3,1,1,3,4,2,1,1,3,4,1,2,3,2,4,2,4,3,4,2,65,High
24,18-24 years,Male,Student,Undergraduate,5-6 hours,2,Never,6-7 hours,3,1-2 cups,Always,Sometimes,3,2,1,4,3,2,1,2,2,3,4,2,1,2,3,2,1,3,3,4,51,Medium
34,32-38 years,Male,Working,Graduate,7-8 hours,3,1-3 days,5-6 hours,2,0 cup,Sometimes,Rarely,2,1,4,4,3,2,1,3,2,2,3,1,2,2,3,2,2,2,3,3,52,Medium
18,18-24 years,Female,Student,Higher Secondary,9 hours or more,2,1-3 days,5-6 hours,2,1-2 cups,Often,Rarely,2,1,3,3,1,1,2,3,4,3,3,1,2,3,3,2,3,2,1,2,54,Medium
28,25-31 years,Male,Both,Graduate,7-8 hours,2,1-3 days,5-6 hours,2,1-2 cups,Often,Rarely,1,2,3,1,3,2,4,2,4,3,2,1,2,2,3,2,2,3,1,4,50,Medium
17,Below 18 years,Male,Student,Higher Secondary,5-6 hours,2,1-3 days,5-6 hours,2,1-2 cups,Sometimes,Never,2,1,3,2,1,2,3,3,4,2,2,1,4,3,2,2,1,2,4,3,54,Medium
52,Above 38 years,Male,Working,Graduate,5-6 hours,2,1-3 days,5-6 hours,4,1-2 cups,Often,Sometimes,3,4,4,1,2,2,3,3,2,2,1,1,2,2,2,3,2,2,1,3,42,Medium
24,18-24 years,Male,Student,Undergraduate,5-6 hours,2,1-3 days,5-6 hours,2,1-2 cups,Often,Sometimes,2,3,3,1,2,1,3,2,3,2,4,3,2,2,2,1,1,3,2,3,46,Medium
21,18-24 years,Female,Student,Undergraduate,5-6 hours,3,1-3 days,6-7 hours,3,0 cup,Often,Rarely,1,3,2,1,2,3,2,3,3,1,3,3,4,3,3,1,3,1,1,3,47,Medium
20,18-24 years,Female,Student,Higher Secondary,5-6 hours,3,Never,5-6 hours,4,0 cup,Sometimes,Sometimes,3,2,2,1,3,1,3,2,2,3,1,3,2,2,2,2,3,2,3,2,53,Medium
23,18-24 years,Male,Student,Undergraduate,5-6 hours,2,1-3 days,6-7 hours,1,1-2 cups,Often,Sometimes,3,2,1,2,2,3,2,2,1,4,3,2,1,3,2,3,2,1,3,2,49,Medium
24,18-24 years,Female,Both,Graduate,Less than 5 hours,2,Never,8 hours or more,5,2-3 cups,Always,Rarely,4,2,3,1,1,4,3,4,3,3,2,4,2,1,3,2,3,2,2,4,38,Low
36,32-38 years,Female,Working,Graduate,7-8 hours,2,1-3 days,6-7 hours,2,0 cup,Sometimes,Sometimes,1,2,1,2,1,2,3,2,1,3,1,2,3,1,2,3,1,1,2,4,47,Medium
23,18-24 years,Female,Student,Undergraduate,7-8 hours,4,Never,6-7 hours,3,0 cup,Sometimes,Sometimes,3,2,2,2,3,2,3,3,1,2,3,3,2,1,4,3,3,2,3,1,45,Medium
23,18-24 years,Male,Student,Undergraduate,9 hours or more,2,1-3 days,5-6 hours,2,2-3 cups,Often,Sometimes,2,3,1,2,3,2,1,3,3,2,2,1,2,3,2,3,2,1,2,3,52,Medium
29,25-31 years,Male,Working,Graduate,7-8 hours,4,3-5 days,5-6 hours,3,2-3 cups,Sometimes,Rarely,3,1,1,2,3,3,1,2,4,4,1,2,4,1,3,2,4,3,4,2,63,High
21,18-24 years,Male,Student,Higher Secondary,5-6 hours,2,Never,8 hours or more,4,more than 3 cups,Always,Rarely,4,3,4,2,1,3,3,4,1,2,3,2,1,1,3,4,2,1,3,2,34,Low
21,18-24 years,Male,Student,Higher Secondary,5-6 hours,4,Never,6-7 hours,4,0 cup,Rarely,Sometimes,4,2,3,1,2,4,2,3,2,3,2,4,3,1,4,4,3,1,2,3,38,Low
20,18-24 years,Female,Student,Higher Secondary,7-8 hours,4,Never,6-7 hours,4,0 cup,Rarely,Sometimes,3,2,3,2,3,2,2,1,3,3,2,3,3,2,3,2,3,3,3,3,54,Medium
27,25-31 years,Male,Working,Undergraduate,5-6 hours,3,1-3 days,6-7 hours,2,1-2 cups,Often,Sometimes,2,3,2,3,2,2,3,4,3,2,1,2,3,3,2,2,4,2,3,2,55,Medium
21,18-24 years,Male,Student,Higher Secondary,5-6 hours,4,1-3 days,6-7 hours,1,2-3 cups,Often,Rarely,2,4,3,1,2,2,3,2,3,2,4,1,2,3,2,3,2,4,2,1,49,Medium
22,18-24 years,Female,Student,Higher Secondary,Less than 5 hours,2,Never,8 hours or more,4,2-3 cups,Often,Never,4,3,3,1,2,4,3,4,1,1,4,4,2,1,3,3,2,1,2,1,32,Low
17,Below 18 years,Female,Student,Higher Secondary,5-6 hours,3,1-3 days,5-6 hours,2,1-2 cups,Often,Sometimes,2,3,2,2,1,2,2,3,2,3,2,3,1,2,2,3,1,4,3,2,48,Medium
28,25-31 years,Male,Working,Graduate,5-6 hours,4,Never,6-7 hours,4,2-3 cups,Sometimes,Sometimes,4,1,2,1,3,3,1,1,3,3,2,2,3,2,3,2,4,3,3,2,57,Medium
20,18-24 years,Female,Student,Higher Secondary,7-8 hours,3,Never,8 hours or more,4,0 cup,Rarely,Rarely,4,3,3,1,2,4,3,1,3,2,3,4,2,1,3,3,2,3,2,3,39,Low
30,25-31 years,Female,Working,Graduate,7-8 hours,4,1-3 days,5-6 hours,4,2-3 cups,Rarely,Sometimes,3,2,2,1,3,2,3,3,2,3,1,2,3,3,2,3,2,3,3,3,52,Medium
52,Above 38 years,Male,Working,Graduate,7-8 hours,5,more than 5 days,Less than 5 hours,3,2-3 cups,Rarely,Sometimes,3,1,2,2,3,2,1,1,3,4,1,1,3,2,3,2,4,3,4,1,65,High
20,18-24 years,Female,Student,Higher Secondary,5-6 hours,3,Never,6-7 hours,3,0 cup,Rarely,Sometimes,3,2,2,2,3,3,2,1,3,3,2,3,2,1,4,2,3,3,3,2,52,Medium
26,25-31 years,Male,Student,Undergraduate,5-6 hours,2,1-3 days,5-6 hours,4,1-2 cups,Often,Sometimes,2,1,3,1,2,4,3,2,3,3,3,4,2,2,3,2,1,2,2,3,43,Medium
24,18-24 years,Female,Student,Undergraduate,7-8 hours,4,1-3 days,5-6 hours,4,0 cup,Sometimes,Sometimes,3,1,1,2,3,3,2,2,3,4,2,4,3,1,3,3,4,3,4,3,55,Medium
21,18-24 years,Female,Student,Higher Secondary,Less than 5 hours,3,1-3 days,8 hours or more,3,2-3 cups,Always,Rarely,2,2,3,1,1,4,2,3,2,1,3,4,2,1,3,3,2,1,2,3,36,Low
36,32-38 years,Female,Working,Graduate,5-6 hours,2,Never,6-7 hours,4,1-2 cups,Often,Rarely,2,1,3,1,1,2,3,4,2,2,1,2,3,3,2,2,2,1,3,2,49,Medium
27,25-31 years,Male,Working,Undergraduate,7-8 hours,4,1-3 days,6-7 hours,4,2-3 cups,Sometimes,Sometimes,2,1,2,2,3,2,2,2,4,3,2,3,3,2,4,3,3,3,3,3,55,Medium
21,18-24 years,Female,Student,Higher Secondary,7-8 hours,3,Never,6-7 hours,4,0 cup,Sometimes,Sometimes,3,2,3,1,2,3,2,3,1,3,3,2,3,1,3,2,3,2,3,2,46,Medium
33,32-38 years,Male,Student,Undergraduate,5-6 hours,2,1-3 days,6-7 hours,2,1-2 cups,Often,Rarely,2,2,3,2,1,1,4,1,4,2,2,3,3,2,2,3,2,3,2,2,51,Medium
22,18-24 years,Female,Student,Undergraduate,9 hours or more,5,3-5 days,5-6 hours,3,0 cup,Rarely,Rarely,4,1,1,1,2,4,1,2,3,3,2,3,4,1,4,2,4,3,4,1,55,Medium
24,18-24 years,Male,Student,Undergraduate,7-8 hours,2,1-3 days,5-6 hours,2,2-3 cups,Often,Sometimes,2,3,2,1,2,2,3,2,1,3,2,4,3,2,2,1,2,2,3,1,50,Medium
30,25-31 years,Male,Working,Graduate,5-6 hours,3,Never,5-6 hours,4,2-3 cups,Sometimes,Sometimes,3,1,1,2,3,2,1,1,3,4,1,2,3,1,4,2,4,4,4,1,64,High
25,25-31 years,Male,Working,Undergraduate,7-8 hours,2,1-3 days,5-6 hours,2,1-2 cups,Often,Sometimes,1,1,3,2,2,2,1,3,2,2,1,2,2,3,3,2,3,4,2,3,55,Medium
23,18-24 years,Female,Student,Undergraduate,5-6 hours,4,Never,6-7 hours,4,0 cup,Rarely,Sometimes,4,1,2,1,2,4,2,3,2,3,3,3,3,2,4,3,3,1,3,2,44,Medium
27,25-31 years,Male,Working,Undergraduate,7-8 hours,2,1-3 days,8 hours or more,2,2-3 cups,Often,Sometimes,3,1,2,3,2,2,1,3,3,2,3,3,2,2,3,2,1,2,2,2,49,Medium
37,32-38 years,Male,Working,Graduate,7-8 hours,5,3-5 days,5-6 hours,4,2-3 cups,Rarely,Sometimes,3,1,1,2,2,3,1,1,3,4,1,3,3,2,3,2,4,4,4,1,63,High
23,18-24 years,Female,Student,Undergraduate,5-6 hours,4,Never,5-6 hours,4,0 cup,Sometimes,Sometimes,3,1,2,2,3,2,1,2,3,3,2,3,2,1,3,3,3,2,2,3,51,Medium
25,25-31 years,Female,Student,Undergraduate,Less than 5 hours,1,Never,8 hours or more,4,0 cup,Sometimes,Rarely,4,2,3,1,1,4,3,3,2,2,3,4,2,1,4,2,2,1,2,4,33,Low
22,18-24 years,Male,Student,Higher Secondary,5-6 hours,3,Never,6-7 hours,4,0 cup,Sometimes,Sometimes,3,2,2,1,2,3,2,3,2,2,3,4,3,2,3,3,3,3,1,3,43,Medium
26,25-31 years,Male,Both,Undergraduate,5-6 hours,2,Never,8 hours or more,3,2-3 cups,Often,Sometimes,4,2,3,2,1,3,3,2,2,3,2,4,1,1,4,4,3,1,3,2,39,Low
24,18-24 years,Female,Student,Graduate,7-8 hours,4,1-3 days,6-7 hours,4,2-3 cups,Rarely,Sometimes,3,1,2,3,2,3,3,3,3,3,2,3,3,3,3,2,3,2,3,3,52,Medium
32,32-38 years,Male,Working,Graduate,7-8 hours,3,3-5 days,5-6 hours,4,0 cup,Sometimes,Sometimes,3,1,3,2,3,2,1,1,3,4,1,2,4,3,3,2,4,3,2,2,62,High
23,18-24 years,Female,Student,Undergraduate,5-6 hours,4,Never,5-6 hours,4,0 cup,Sometimes,Sometimes,4,2,3,1,1,4,2,2,3,2,3,3,3,1,3,3,3,2,3,2,43,Medium
23,18-24 years,Female,Student,Undergraduate,5-6 hours,3,1-3 days,6-7 hours,4,0 cup,Rarely,Sometimes,4,2,2,1,3,4,2,2,2,3,2,3,1,3,2,3,3,2,2,2,47,Medium
21,18-24 years,Male,Student,Higher Secondary,9 hours or more,4,3-5 days,5-6 hours,3,0 cup,Rarely,Often,3,1,1,2,3,2,1,2,3,4,2,3,4,1,3,1,4,3,4,1,63,High
27,25-31 years,Male,Both,Graduate,5-6 hours,3,Never,5-6 hours,4,0 cup,Rarely,Sometimes,4,2,2,1,2,3,2,1,3,1,2,3,3,2,4,2,4,4,3,2,51,Medium
22,18-24 years,Female,Student,Undergraduate,7-8 hours,4,1-3 days,6-7 hours,5,0 cup,Rarely,Sometimes,3,2,3,1,3,3,3,4,3,2,3,3,2,1,4,2,3,2,3,2,43,Medium
20,18-24 years,Female,Student,Higher Secondary,5-6 hours,4,1-3 days,5-6 hours,2,0 cup,Rarely,Sometimes,4,2,3,1,2,4,2,1,2,2,3,3,1,1,4,2,3,3,3,3,42,Medium
30,25-31 years,Male,Working,Graduate,7-8 hours,5,3-5 days,5-6 hours,3,2-3 cups,Rarely,Sometimes,4,1,1,1,2,2,1,1,4,4,1,2,3,2,4,2,4,3,4,1,62,High
42,Above 38 years,Male,Working,Postgraduate,7-8 hours,4,more than 5 days,Less than 5 hours,2,1-2 cups,Sometimes,Sometimes,3,1,1,2,2,2,1,1,2,3,2,1,3,1,3,1,4,3,3,2,60,High
28,25-31 years,Male,Working,Graduate,5-6 hours,3,1-3 days,Less than 5 hours,4,0 cup,Rarely,Rarely,4,2,2,1,1,3,2,2,2,3,2,2,3,2,3,1,3,2,3,3,49,Medium
35,32-38 years,Male,Working,Graduate,7-8 hours,5,3-5 days,5-6 hours,2,0 cup,Rarely,Sometimes,4,2,2,1,3,3,2,1,2,3,1,1,3,2,3,2,4,3,3,2,56,Medium
19,18-24 years,Female,Student,Higher Secondary,9 hours or more,4,Never,6-7 hours,4,0 cup,Rarely,Sometimes,3,2,3,2,1,3,2,1,3,2,3,3,2,3,3,2,3,3,2,3,48,Medium
20,18-24 years,Female,Student,Higher Secondary,7-8 hours,4,Never,5-6 hours,4,0 cup,Often,Sometimes,3,3,3,1,3,3,2,3,2,2,2,3,2,1,2,3,3,3,3,2,46,Medium
30,25-31 years,Male,Working,Graduate,7-8 hours,4,3-5 days,5-6 hours,3,2-3 cups,Sometimes,Rarely,3,1,1,2,3,2,1,3,2,3,2,3,3,2,3,3,4,3,3,1,57,Medium
18,18-24 years,Female,Student,Higher Secondary,5-6 hours,2,Never,8 hours or more,4,2-3 cups,Sometimes,Rarely,4,3,3,1,1,4,3,4,2,2,4,4,2,1,4,3,3,1,2,3,31,Low
23,18-24 years,Female,Student,Undergraduate,5-6 hours,4,Never,5-6 hours,4,0 cup,Sometimes,Sometimes,3,3,3,2,2,3,2,3,2,3,2,4,3,1,4,3,3,3,3,2,45,Medium
25,25-31 years,Female,Working,Graduate,7-8 hours,5,3-5 days,5-6 hours,3,0 cup,Rarely,Sometimes,3,1,1,2,2,2,1,1,4,4,1,2,4,2,4,2,4,4,4,1,66,High
20,18-24 years,Female,Student,Higher Secondary,5-6 hours,3,Never,6-7 hours,3,0 cup,Sometimes,Sometimes,3,3,3,2,1,3,3,3,2,3,2,3,2,1,3,2,4,3,3,2,46,Medium
28,25-31 years,Male,Working,Graduate,7-8 hours,3,Never,5-6 hours,4,2-3 cups,Sometimes,Sometimes,3,2,2,1,3,2,2,3,3,4,1,2,3,2,3,2,3,3,3,3,55,Medium
26,25-31 years,Male,Both,Undergraduate,Less than 5 hours,2,Never,6-7 hours,5,2-3 cups,Always,Rarely,4,3,3,1,1,4,2,2,3,3,2,4,1,1,4,3,3,2,3,4,38,Low
30,25-31 years,Male,Working,Graduate,7-8 hours,3,Never,5-6 hours,4,2-3 cups,Often,Sometimes,3,1,2,2,3,3,1,1,3,4,2,3,4,2,3,3,4,3,4,3,59,Medium
22,18-24 years,Female,Student,Higher Secondary,Less than 5 hours,1,Never,6-7 hours,4,0 cup,Sometimes,Rarely,4,2,3,1,1,4,2,4,1,2,3,4,3,1,3,2,3,2,3,2,39,Low
23,18-24 years,Female,Student,Undergraduate,9 hours or more,4,Never,6-7 hours,5,0 cup,Sometimes,Sometimes,4,2,2,1,1,4,2,1,3,3,2,4,2,2,4,3,4,2,3,2,46,Medium
21,18-24 years,Female,Student,Higher Secondary,Less than 5 hours,2,Never,8 hours or more,5,2-3 cups,Sometimes,Never,4,2,3,1,1,4,3,4,1,2,3,4,1,1,4,3,3,2,3,2,34,Low
28,25-31 years,Male,Working,Graduate,7-8 hours,4,3-5 days,6-7 hours,3,2-3 cups,Sometimes,Sometimes,3,1,2,2,3,2,3,3,2,3,2,3,2,2,3,2,3,3,3,2,52,Medium
22,18-24 years,Female,Student,Higher Secondary,9 hours or more,3,Never,6-7 hours,4,0 cup,Sometimes,Sometimes,4,3,3,1,3,4,2,1,2,2,3,4,2,2,4,3,4,3,3,1,45,Medium
20,18-24 years,Female,Student,Higher Secondary,7-8 hours,4,3-5 days,6-7 hours,4,2-3 cups,Rarely,Sometimes,3,2,2,2,3,3,3,2,2,3,2,4,2,1,3,4,3,2,3,2,46,Medium
29,25-31 years,Male,Working,Graduate,7-8 hours,4,3-5 days,Less than 5 hours,2,0 cup,Rarely,Sometimes,3,1,1,2,3,3,1,1,4,4,1,2,4,2,4,2,4,4,4,2,65,High
21,18-24 years,Male,Student,Higher Secondary,5-6 hours,2,Never,8 hours or more,5,2-3 cups,Sometimes,Rarely,4,4,4,1,1,4,3,1,2,2,4,4,3,1,4,2,3,2,2,2,36,Low
23,18-24 years,Female,Student,Undergraduate,7-8 hours,4,Never,5-6 hours,4,0 cup,Sometimes,Sometimes,4,1,2,1,1,4,2,4,2,3,3,3,2,1,4,3,3,2,3,2,41,Medium
30,25-31 years,Male,Working,Graduate,7-8 hours,5,3-5 days,Less than 5 hours,4,1-2 cups,Rarely,Sometimes,3,1,1,2,2,3,2,3,2,4,1,2,3,2,3,1,4,3,4,1,60,High
28,25-31 years,Male,Working,Graduate,5-6 hours,3,Never,6-7 hours,3,2-3 cups,Rarely,Often,4,2,3,1,3,2,3,3,2,4,2,3,1,3,2,3,4,3,4,2,51,Medium
52,Above 38 years,Male,Working,Graduate,7-8 hours,5,more than 5 days,Less than 5 hours,4,more than 3 cups,Sometimes,Sometimes,4,1,1,1,2,3,1,1,3,4,2,1,3,3,2,4,4,4,4,1,62,High
20,18-24 years,Female,Student,Higher Secondary,5-6 hours,4,Never,6-7 hours,4,0 cup,Sometimes,Sometimes,3,2,3,1,3,3,2,3,3,2,3,2,3,1,3,4,3,3,3,3,46,Medium
25,25-31 years,Female,Student,Graduate,5-6 hours,4,1-3 days,8 hours or more,5,2-3 cups,Often,Sometimes,3,2,3,1,3,3,2,4,3,2,3,4,2,1,4,4,3,2,3,4,39,Low
21,18-24 years,Male,Student,Higher Secondary,9 hours or more,3,Never,8 hours or more,3,0 cup,Rarely,Sometimes,4,3,3,1,3,4,3,2,3,2,4,4,3,1,4,3,3,1,4,2,40,Medium
22,18-24 years,Male,Student,Higher Secondary,7-8 hours,4,Never,6-7 hours,4,2-3 cups,Sometimes,Sometimes,3,2,3,2,1,3,3,3,1,3,2,3,2,1,3,4,3,2,3,4,40,Medium
28,25-31 years,Male,Working,Graduate,7-8 hours,3,Never,6-7 hours,4,0 cup,Often,Sometimes,3,3,3,2,2,3,2,1,2,3,2,2,3,2,3,2,3,3,3,3,51,Medium
30,25-31 years,Male,Working,Graduate,7-8 hours,3,Never,6-7 hours,4,2-3 cups,Sometimes,Sometimes,3,2,3,1,2,3,2,2,3,3,2,2,3,1,3,2,3,2,3,2,50,Medium
39,Above 38 years,Male,Working,Graduate,7-8 hours,5,3-5 days,Less than 5 hours,3,2-3 cups,Sometimes,Rarely,4,1,2,2,3,3,1,1,4,4,1,1,4,2,3,1,4,3,4,2,65,High
32,32-38 years,Male,Working,Graduate,7-8 hours,4,3-5 days,Less than 5 hours,4,2-3 cups,Rarely,Sometimes,3,2,2,2,3,2,2,1,3,4,2,3,2,1,2,2,4,4,4,1,60,High
28,25-31 years,Male,Working,Graduate,5-6 hours,3,Never,6-7 hours,5,more than 3 cups,Sometimes,Sometimes,4,3,2,3,2,3,2,2,3,3,3,2,4,2,4,3,3,3,3,3,50,Medium
20,18-24 years,Female,Student,Higher Secondary,7-8 hours,5,3-5 days,5-6 hours,1,0 cup,Rarely,Sometimes,4,1,1,1,3,3,1,1,4,4,1,4,4,1,4,1,4,4,4,2,61,High
22,18-24 years,Female,Student,Higher Secondary,5-6 hours,3,Never,6-7 hours,4,0 cup,Sometimes,Sometimes,3,1,2,1,2,3,3,4,3,2,2,4,2,1,4,4,2,3,2,3,40,Medium
28,25-31 years,Male,Working,Graduate,7-8 hours,4,3-5 days,5-6 hours,2,0 cup,Sometimes,Often,2,1,1,3,3,2,1,2,4,4,2,2,4,2,4,2,3,3,3,2,63,High
18,18-24 years,Male,Student,Higher Secondary,5-6 hours,3,Never,8 hours or more,4,1-2 cups,Rarely,Sometimes,3,2,3,1,2,3,2,3,2,2,3,3,2,3,2,3,4,3,3,2,48,Medium
21,18-24 years,Male,Student,Higher Secondary,7-8 hours,4,1-3 days,6-7 hours,3,1-2 cups,Rarely,Sometimes,4,2,3,1,3,3,2,4,1,3,3,4,3,1,3,3,3,2,4,3,42,Medium
27,25-31 years,Male,Working,Graduate,7-8 hours,4,3-5 days,5-6 hours,3,0 cup,Rarely,Sometimes,3,1,1,2,1,2,2,1,4,3,2,3,3,2,4,2,4,3,4,3,57,Medium
43,Above 38 years,Male,Working,Graduate,7-8 hours,5,3-5 days,Less than 5 hours,2,2-3 cups,Sometimes,Sometimes,4,1,2,1,2,2,2,1,4,4,1,2,3,2,3,2,4,4,4,1,62,High
20,18-24 years,Female,Student,Higher Secondary,7-8 hours,4,Never,6-7 hours,4,0 cup,Often,Sometimes,4,3,3,1,3,3,2,4,2,3,3,4,3,1,3,3,4,3,3,3,43,Medium
35,32-38 years,Male,Working,Graduate,5-6 hours,3,1-3 days,6-7 hours,5,2-3 cups,Often,Rarely,3,2,2,1,3,3,2,3,2,3,2,2,4,2,4,1,3,3,3,2,53,Medium
22,18-24 years,Female,Student,Higher Secondary,7-8 hours,4,Never,6-7 hours,5,0 cup,Sometimes,Sometimes,3,1,2,2,2,3,2,4,2,3,2,2,3,2,3,2,3,3,2,1,52,Medium
25,25-31 years,Male,Student,Graduate,5-6 hours,4,3-5 days,8 hours or more,5,2-3 cups,Often,Sometimes,4,2,2,2,3,2,2,2,3,2,3,2,3,1,4,2,3,3,3,3,50,Medium
29,25-31 years,Male,Working,Graduate,7-8 hours,4,3-5 days,5-6 hours,3,2-3 cups,Sometimes,Sometimes,3,2,2,3,1,3,3,2,3,3,3,2,3,2,4,2,3,2,3,2,50,Medium
21,18-24 years,Female,Student,Higher Secondary,9 hours or more,2,Never,8 hours or more,4,0 cup,Rarely,Sometimes,4,3,3,1,2,3,2,3,3,4,2,3,3,2,4,4,3,2,3,3,44,Medium
25,25-31 years,Female,Student,Graduate,7-8 hours,2,Never,8 hours or more,4,0 cup,Often,Rarely,4,2,3,1,1,4,3,2,3,4,3,4,2,1,4,3,3,2,3,4,39,Low
28,25-31 years,Female,Both,Graduate,Less than 5 hours,1,Never,8 hours or more,5,more than 3 cups,Always,Never,4,3,3,1,1,4,3,4,2,3,2,3,2,1,4,4,3,1,3,1,37,Low
20,18-24 years,Female,Student,Higher Secondary,7-8 hours,3,3-5 days,6-7 hours,4,0 cup,Sometimes,Rarely,3,2,2,2,3,2,3,4,2,3,3,2,3,2,3,2,3,2,3,2,50,Medium
29,25-31 years,Male,Working,Graduate,7-8 hours,5,3-5 days,6-7 hours,4,2-3 cups,Rarely,Sometimes,4,1,2,2,2,3,1,2,4,4,2,3,3,1,4,3,2,3,3,3,51,Medium
21,18-24 years,Male,Student,Higher Secondary,Less than 5 hours,2,Never,8 hours or more,5,2-3 cups,Often,Never,4,2,2,1,3,4,2,4,2,3,4,4,2,1,4,2,3,2,3,4,39,Low
22,18-24 years,Female,Student,Higher Secondary,7-8 hours,4,3-5 days,6-7 hours,4,0 cup,Rarely,Sometimes,3,2,2,3,3,3,2,3,3,3,2,4,2,2,2,3,3,3,3,3,51,Medium
20,18-24 years,Male,Student,Higher Secondary,7-8 hours,4,Never,8 hours or more,2,2-3 cups,Sometimes,Sometimes,4,2,3,1,1,4,2,4,3,3,2,3,3,1,4,2,3,2,3,1,44,Medium
29,25-31 years,Male,Working,Graduate,7-8 hours,4,3-5 days,5-6 hours,4,more than 3 cups,Sometimes,Rarely,3,1,2,2,3,3,2,3,3,3,3,3,2,3,4,1,4,3,3,2,54,Medium
24,18-24 years,Female,Student,Undergraduate,5-6 hours,2,Never,8 hours or more,5,0 cup,Sometimes,Rarely,4,2,3,1,1,4,3,4,1,3,2,4,2,1,4,2,3,1,2,4,34,Low
20,18-24 years,Female,Student,Higher Secondary,5-6 hours,3,Never,5-6 hours,4,0 cup,Sometimes,Sometimes,4,1,2,2,3,3,2,3,2,3,2,4,3,2,3,3,2,2,3,2,48,Medium
22,18-24 years,Male,Student,Higher Secondary,7-8 hours,4,Never,6-7 hours,3,2-3 cups,Sometimes,Sometimes,3,1,2,1,3,2,3,2,3,2,3,3,2,2,3,2,3,2,3,3,49,Medium
29,25-31 years,Male,Working,Graduate,7-8 hours,4,1-3 days,5-6 hours,4,2-3 cups,Sometimes,Sometimes,3,2,2,1,3,2,3,3,2,3,2,3,2,3,2,3,2,3,3,2,50,Medium
20,18-24 years,Male,Student,Higher Secondary,5-6 hours,4,Never,6-7 hours,3,0 cup,Sometimes,Sometimes,4,2,2,1,2,3,2,2,3,3,2,4,2,3,2,3,3,2,3,3,48,Medium
20,18-24 years,Female,Student,Higher Secondary,7-8 hours,4,3-5 days,5-6 hours,4,0 cup,Rarely,Sometimes,3,1,2,3,2,3,2,3,2,3,2,3,2,3,3,3,3,3,3,2,52,Medium
22,18-24 years,Male,Student,Higher Secondary,7-8 hours,3,Never,6-7 hours,3,0 cup,Sometimes,Sometimes,3,2,1,2,3,2,3,3,2,3,2,3,2,3,2,3,3,3,2,3,51,Medium
23,18-24 years,Female,Student,Undergraduate,7-8 hours,4,3-5 days,5-6 hours,4,0 cup,Sometimes,Rarely,3,2,2,1,3,3,2,3,2,3,2,3,3,2,3,3,4,3,4,3,51,Medium
21,18-24 years,Female,Student,Higher Secondary,5-6 hours,3,Never,6-7 hours,3,2-3 cups,Sometimes,Sometimes,3,2,2,3,3,3,2,3,2,3,2,3,3,2,3,3,3,3,2,3,50,Medium
20,18-24 years,Male,Student,Higher Secondary,7-8 hours,4,3-5 days,8 hours or more,2,2-3 cups,Rarely,Sometimes,3,2,2,2,3,3,3,2,3,2,3,4,3,2,2,3,3,3,3,2,50,Medium
28,25-31 years,Male,Working,Graduate,7-8 hours,5,3-5 days,5-6 hours,2,0 cup,Rarely,Sometimes,3,1,1,3,3,2,1,2,4,4,1,2,4,2,4,1,4,3,4,1,67,High
22,18-24 years,Male,Student,Higher Secondary,5-6 hours,5,Never,5-6 hours,4,0 cup,Sometimes,Sometimes,3,1,2,2,2,3,2,2,3,2,3,3,3,1,4,2,3,3,3,2,50,Medium
29,25-31 years,Male,Working,Graduate,5-6 hours,3,3-5 days,6-7 hours,4,0 cup,Sometimes,Sometimes,3,1,1,2,3,2,3,3,2,3,3,3,2,3,2,3,2,3,2,2,51,Medium
22,18-24 years,Male,Student,Higher Secondary,7-8 hours,3,Never,6-7 hours,2,1-2 cups,Sometimes,Sometimes,3,3,2,2,2,3,2,3,2,3,2,2,3,3,3,2,3,2,3,2,51,Medium
21,18-24 years,Male,Student,Higher Secondary,9 hours or more,4,3-5 days,6-7 hours,4,2-3 cups,Rarely,Sometimes,4,2,2,1,3,4,2,4,3,2,3,4,3,2,3,3,3,3,2,3,43,Medium
24,18-24 years,Female,Student,Undergraduate,Less than 5 hours,2,Never,8 hours or more,5,2-3 cups,Sometimes,Rarely,4,2,3,1,1,4,3,4,1,2,3,4,2,1,4,2,3,2,2,4,33,Low
20,18-24 years,Female,Student,Higher Secondary,7-8 hours,3,Never,8 hours or more,4,0 cup,Rarely,Often,3,2,2,2,2,3,2,3,2,3,2,4,3,1,4,4,3,2,3,2,45,Medium
27,25-31 years,Male,Both,Graduate,5-6 hours,3,Never,8 hours or more,5,2-3 cups,Often,Rarely,4,2,2,1,1,4,2,2,3,3,2,3,3,1,3,3,3,3,3,3,46,Medium
22,18-24 years,Female,Student,Higher Secondary,7-8 hours,5,3-5 days,5-6 hours,4,0 cup,Sometimes,Rarely,4,3,2,1,2,4,2,4,2,2,4,4,3,1,4,3,2,2,3,1,38,Low
20,18-24 years,Female,Student,Higher Secondary,5-6 hours,3,Never,8 hours or more,4,2-3 cups,Sometimes,Rarely,4,3,3,1,1,4,3,4,1,2,3,4,2,1,3,3,3,2,2,4,32,Low
29,25-31 years,Male,Working,Graduate,7-8 hours,4,3-5 days,6-7 hours,5,2-3 cups,Sometimes,Sometimes,3,1,2,3,2,3,2,3,2,3,2,2,3,2,3,3,3,2,3,3,51,Medium
22,18-24 years,Female,Student,Higher Secondary,7-8 hours,3,3-5 days,8 hours or more,3,2-3 cups,Sometimes,Rarely,4,2,2,1,2,2,3,1,3,2,3,3,1,1,3,4,3,2,3,4,42,Medium
18,18-24 years,Female,Student,Higher Secondary,Less than 5 hours,2,Never,8 hours or more,4,0 cup,Sometimes,Sometimes,4,3,4,2,1,4,3,4,1,1,4,4,2,1,4,3,1,1,2,3,27,Low
20,18-24 years,Female,Student,Higher Secondary,7-8 hours,4,3-5 days,6-7 hours,5,2-3 cups,Sometimes,Rarely,4,2,2,1,2,4,2,3,2,3,2,4,3,1,4,3,3,2,3,2,43,Medium
23,18-24 years,Female,Student,Undergraduate,7-8 hours,4,3-5 days,5-6 hours,4,0 cup,Sometimes,Sometimes,3,1,2,2,3,3,2,2,2,2,3,2,3,1,3,3,3,2,3,2,50,Medium
21,18-24 years,Female,Student,Higher Secondary,7-8 hours,3,Never,6-7 hours,4,2-3 cups,Sometimes,Sometimes,3,2,2,3,2,3,3,2,3,2,2,3,2,3,3,3,3,2,2,3,48,Medium
20,18-24 years,Male,Student,Higher Secondary,5-6 hours,3,Never,6-7 hours,4,1-2 cups,Sometimes,Sometimes,4,3,3,2,3,2,3,1,3,3,2,3,2,2,3,2,3,2,2,3,48,Medium
22,18-24 years,Female,Student,Higher Secondary,5-6 hours,3,Never,8 hours or more,3,0 cup,Sometimes,Sometimes,4,2,2,1,3,3,2,3,3,3,2,4,3,2,3,1,3,2,3,2,50,Medium
28,25-31 years,Male,Working,Graduate,7-8 hours,5,3-5 days,Less than 5 hours,2,0 cup,Sometimes,Rarely,3,1,1,2,3,2,1,1,4,4,1,2,4,2,3,1,4,4,4,2,68,High
20,18-24 years,Female,Student,Higher Secondary,5-6 hours,4,1-3 days,6-7 hours,4,1-2 cups,Sometimes,Sometimes,4,3,2,2,1,3,3,3,3,3,1,2,2,3,2,2,3,2,3,3,49,Medium
24,18-24 years,Female,Both,Undergraduate,5-6 hours,2,Never,6-7 hours,4,0 cup,Often,Rarely,4,2,2,1,1,4,2,3,2,2,3,4,2,1,4,3,3,2,2,4,36,Low
18,18-24 years,Female,Student,Higher Secondary,7-8 hours,4,1-3 days,5-6 hours,4,0 cup,Rarely,Sometimes,4,2,3,1,1,4,3,2,2,2,3,3,3,2,3,2,3,2,2,2,42,Medium
22,18-24 years,Female,Student,Higher Secondary,5-6 hours,4,Never,6-7 hours,2,2-3 cups,Sometimes,Sometimes,2,1,2,3,2,3,2,4,1,3,2,3,3,2,4,2,3,3,3,2,51,Medium
25,25-31 years,Female,Student,Graduate,7-8 hours,5,3-5 days,Less than 5 hours,2,0 cup,Rarely,Often,3,1,1,3,1,2,1,1,3,3,2,3,4,2,3,2,4,3,4,1,62,High
28,25-31 years,Male,Working,Graduate,5-6 hours,5,Never,6-7 hours,4,2-3 cups,Often,Sometimes,3,2,2,2,3,3,2,1,4,4,2,2,2,1,4,3,3,2,3,3,52,Medium
30,25-31 years,Male,Working,Graduate,7-8 hours,4,3-5 days,Less than 5 hours,3,2-3 cups,Sometimes,Sometimes,4,2,3,2,3,3,2,2,3,3,2,3,2,3,3,2,4,3,3,2,53,Medium
23,18-24 years,Female,Student,Higher Secondary,5-6 hours,4,3-5 days,6-7 hours,5,2-3 cups,Sometimes,Sometimes,4,2,2,1,3,3,2,2,3,3,3,4,3,1,3,3,4,2,3,4,46,Medium
19,18-24 years,Female,Student,Higher Secondary,5-6 hours,2,Never,8 hours or more,4,0 cup,Rarely,Rarely,4,2,2,1,1,4,3,2,2,2,3,3,3,1,3,3,2,2,2,4,38,Low
22,18-24 years,Female,Student,Higher Secondary,7-8 hours,4,3-5 days,6-7 hours,4,2-3 cups,Often,Sometimes,4,3,3,2,3,3,3,1,1,3,2,3,3,2,3,3,3,2,3,2,47,Medium
26,25-31 years,Male,Both,Graduate,5-6 hours,3,1-3 days,5-6 hours,4,1-2 cups,Sometimes,Rarely,3,2,2,2,2,3,2,3,4,4,1,3,3,1,3,3,3,2,3,3,51,Medium
28,25-31 years,Male,Working,Graduate,7-8 hours,5,3-5 days,5-6 hours,3,2-3 cups,Rarely,Often,4,1,1,2,3,2,1,1,3,4,1,2,3,2,3,2,4,3,4,1,64,High
20,18-24 years,Female,Student,Higher Secondary,5-6 hours,3,Never,6-7 hours,4,0 cup,Rarely,Sometimes,4,2,3,1,1,4,2,2,3,3,2,3,3,1,3,3,3,2,3,3,44,Medium
32,32-38 years,Male,Working,Graduate,7-8 hours,4,3-5 days,5-6 hours,4,0 cup,Sometimes,Sometimes,4,1,2,1,2,3,2,1,3,3,1,2,2,1,3,2,4,2,3,2,53,Medium
50,Above 38 years,Male,Working,Graduate,5-6 hours,3,more than 5 days,Less than 5 hours,4,2-3 cups,Rarely,Rarely,3,2,2,2,3,2,2,2,3,3,2,1,2,2,3,3,4,4,3,2,57,Medium
28,25-31 years,Male,Working,Graduate,7-8 hours,4,1-3 days,6-7 hours,3,2-3 cups,Sometimes,Sometimes,3,2,2,2,4,3,2,3,3,4,1,2,3,2,3,3,4,3,3,3,56,Medium
22,18-24 years,Female,Student,Higher Secondary,9 hours or more,5,3-5 days,6-7 hours,2,0 cup,Rarely,Sometimes,3,1,1,2,3,2,2,3,2,3,2,3,2,1,3,2,4,3,3,1,55,Medium
29,25-31 years,Male,Working,Graduate,7-8 hours,4,3-5 days,5-6 hours,4,2-3 cups,Sometimes,Rarely,3,1,2,1,2,3,3,2,3,3,2,2,2,3,3,2,3,2,3,2,52,Medium
40,Above 38 years,Male,Working,Graduate,7-8 hours,5,more than 5 days,Less than 5 hours,2,2-3 cups,Rarely,Sometimes,3,1,1,3,4,2,1,1,3,4,1,1,4,2,4,2,4,3,4,2,67,High
28,25-31 years,Male,Working,Graduate,5-6 hours,4,Never,5-6 hours,4,1-2 cups,Rarely,Sometimes,4,2,3,1,2,3,2,3,3,4,2,2,3,3,2,2,4,3,3,2,54,Medium
21,18-24 years,Female,Student,Higher Secondary,5-6 hours,3,3-5 days,6-7 hours,4,1-2 cups,Sometimes,Rarely,4,3,3,1,1,4,2,3,3,2,3,3,3,1,3,3,3,2,3,1,42,Medium
30,25-31 years,Male,Working,Graduate,5-6 hours,2,Never,6-7 hours,5,2-3 cups,Sometimes,Rarely,4,2,3,1,3,3,2,3,3,2,3,3,2,3,2,3,3,2,3,2,47,Medium
24,18-24 years,Male,Both,Graduate,5-6 hours,3,Never,5-6 hours,5,0 cup,Rarely,Rarely,3,3,2,3,2,3,2,2,3,3,2,3,2,2,3,2,3,2,3,3,50,Medium
28,25-31 years,Male,Both,Graduate,Less than 5 hours,1,Never,6-7 hours,5,more than 3 cups,Often,Rarely,4,2,2,1,1,3,2,2,2,3,2,4,1,1,4,4,3,1,2,4,37,Low
22,18-24 years,Male,Student,Higher Secondary,7-8 hours,3,Never,6-7 hours,4,2-3 cups,Sometimes,Sometimes,3,2,2,2,3,1,2,3,3,2,3,2,3,1,3,2,3,3,2,3,51,Medium
27,25-31 years,Male,Both,Undergraduate,5-6 hours,2,Never,8 hours or more,5,2-3 cups,Always,Rarely,4,2,2,1,4,4,3,4,1,3,2,4,1,1,4,3,3,2,2,4,37,Low
20,18-24 years,Female,Student,Higher Secondary,5-6 hours,4,Never,6-7 hours,4,0 cup,Rarely,Sometimes,4,2,3,1,1,4,3,3,1,3,3,2,2,1,4,4,4,3,2,3,38,Low
21,18-24 years,Female,Student,Higher Secondary,7-8 hours,4,3-5 days,6-7 hours,3,2-3 cups,Sometimes,Often,2,1,1,3,3,2,2,3,3,3,2,3,2,1,3,1,3,2,3,1,57,Medium
28,25-31 years,Male,Working,Graduate,7-8 hours,5,3-5 days,Less than 5 hours,3,0 cup,Rarely,Sometimes,3,1,1,3,4,2,1,2,3,3,1,2,3,2,3,2,4,3,4,1,65,High
22,18-24 years,Male,Both,Higher Secondary,5-6 hours,3,Never,5-6 hours,4,0 cup,Sometimes,Sometimes,3,2,3,2,3,2,3,3,2,2,3,3,3,2,3,2,3,2,3,2,48,Medium
26,25-31 years,Male,Both,Higher Secondary,5-6 hours,4,Never,8 hours or more,4,2-3 cups,Sometimes,Sometimes,4,1,2,1,1,4,2,1,3,3,2,3,2,1,3,3,3,1,3,2,46,Medium
20,18-24 years,Male,Both,Higher Secondary,5-6 hours,4,Never,6-7 hours,4,2-3 cups,Sometimes,Rarely,3,2,2,3,2,3,2,3,1,3,3,3,3,2,4,2,4,3,3,2,50,Medium
18,18-24 years,Female,Student,Higher Secondary,9 hours or more,3,Never,6-7 hours,4,0 cup,Rarely,Sometimes,4,1,2,1,1,4,3,4,1,1,3,3,3,3,2,3,3,2,3,3,41,Medium
27,25-31 years,Male,Both,Undergraduate,Less than 5 hours,2,Never,6-7 hours,4,2-3 cups,Always,Rarely,4,3,3,1,1,4,2,2,3,2,3,4,1,1,4,4,3,2,2,4,34,Low
30,25-31 years,Male,Working,Graduate,5-6 hours,3,Never,6-7 hours,4,2-3 cups,Rarely,Sometimes,2,3,3,2,3,2,3,2,3,3,1,3,2,1,4,3,3,2,3,3,48,Medium
25,25-31 years,Female,Student,Undergraduate,Less than 5 hours,2,Never,6-7 hours,4,0 cup,Rarely,Sometimes,3,2,3,1,4,3,3,2,1,3,3,4,3,1,4,4,3,1,3,2,42,Medium
20,18-24 years,Female,Student,Higher Secondary,5-6 hours,4,3-5 days,6-7 hours,4,1-2 cups,Sometimes,Sometimes,3,2,2,2,2,3,2,3,2,2,3,3,2,1,4,1,4,3,4,3,48,Medium
32,32-38 years,Male,Working,Graduate,7-8 hours,4,3-5 days,5-6 hours,5,2-3 cups,Sometimes,Sometimes,4,1,1,1,1,3,2,2,4,4,1,2,3,2,3,3,4,2,3,2,55,Medium
42,Above 38 years,Male,Working,Graduate,7-8 hours,4,1-3 days,5-6 hours,2,1-2 cups,Sometimes,Sometimes,2,2,1,3,4,2,2,1,3,4,2,1,3,3,2,1,3,4,3,2,67,High
32,32-38 years,Female,Working,Graduate,5-6 hours,1,3-5 days,5-6 hours,3,1-2 cups,Sometimes,Sometimes,1,3,3,2,3,4,2,2,1,3,2,1,3,2,3,4,2,1,2,3,46,Medium
23,18-24 years,Male,Student,Undergraduate,5-6 hours,4,1-3 days,5-6 hours,2,1-2 cups,Often,Rarely,1,3,2,1,1,2,3,3,2,4,3,2,2,3,3,2,2,3,2,3,48,Medium
36,32-38 years,Male,Working,Graduate,5-6 hours,2,1-3 days,5-6 hours,2,0 cup,Often,Rarely,2,3,2,3,2,1,3,4,2,3,2,1,2,1,2,2,3,4,3,3,53,Medium
21,18-24 years,Female,Student,Undergraduate,5-6 hours,3,1-3 days,5-6 hours,2,1-2 cups,Sometimes,Rarely,2,3,4,3,2,1,1,3,2,3,2,3,2,1,3,2,3,4,2,2,51,Medium
16,Below 18 years,Male,Student,Higher Secondary,5-6 hours,3,Never,5-6 hours,3,1-2 cups,Often,Rarely,2,3,2,1,3,2,1,3,2,1,3,1,1,2,4,3,1,2,3,2,45,Medium
24,18-24 years,Male,Student,Undergraduate,5-6 hours,4,1-3 days,6-7 hours,3,2-3 cups,Often,Sometimes,2,3,3,2,1,4,3,3,2,2,2,2,4,3,2,4,2,2,1,2,44,Medium
24,18-24 years,Male,Student,Undergraduate,5-6 hours,2,1-3 days,5-6 hours,2,1-2 cups,Often,Sometimes,1,2,3,2,3,2,1,2,4,3,2,1,2,2,3,3,3,2,1,4,53,Medium
42,Above 38 years,Female,Working,Graduate,5-6 hours,3,1-3 days,5-6 hours,2,1-2 cups,Sometimes,Sometimes,2,4,3,2,2,2,3,2,3,3,2,2,1,2,3,3,3,3,2,3,47,Medium
53,Above 38 years,Male,Other,Graduate,5-6 hours,2,3-5 days,5-6 hours,2,1-2 cups,Sometimes,Sometimes,2,1,4,3,1,2,3,2,1,2,3,4,3,2,2,1,2,2,3,3,47,Medium
35,32-38 years,Male,Working,Graduate,7-8 hours,2,1-3 days,5-6 hours,2,2-3 cups,Often,Sometimes,2,1,3,2,3,2,2,1,2,3,4,3,2,2,3,2,2,3,2,1,52,Medium
41,Above 38 years,Male,Working,Graduate,5-6 hours,3,1-3 days,5-6 hours,2,1-2 cups,Often,Sometimes,2,4,3,2,2,1,3,2,3,4,3,2,1,2,3,3,2,3,2,2,48,Medium
39,Above 38 years,Male,Other,Graduate,5-6 hours,2,3-5 days,5-6 hours,2,2-3 cups,Often,Sometimes,2,4,3,2,1,2,3,2,3,3,1,2,2,3,4,3,2,2,3,2,48,Medium
23,18-24 years,Female,Student,Higher Secondary,7-8 hours,4,1-3 days,6-7 hours,5,2-3 cups,Sometimes,Sometimes,4,2,2,3,2,3,2,3,2,3,2,3,2,1,3,3,3,2,3,2,47,Medium
20,18-24 years,Female,Student,Higher Secondary,7-8 hours,4,Never,6-7 hours,2,0 cup,Rarely,Sometimes,4,2,2,1,3,3,2,1,3,3,2,4,3,1,4,2,4,2,3,1,51,Medium
28,25-31 years,Male,Working,Graduate,7-8 hours,5,3-5 days,5-6 hours,3,0 cup,Rarely,Sometimes,3,1,1,2,3,2,1,1,3,4,1,2,4,2,3,2,4,4,4,1,67,High
26,25-31 years,Male,Both,Graduate,5-6 hours,2,Never,6-7 hours,3,2-3 cups,Rarely,Rarely,3,3,3,1,3,2,2,3,2,3,1,3,3,2,4,2,3,2,3,2,49,Medium
30,25-31 years,Male,Working,Graduate,7-8 hours,4,3-5 days,Less than 5 hours,3,1-2 cups,Rarely,Sometimes,4,2,2,3,3,2,2,2,4,4,2,1,4,2,4,2,4,3,4,3,60,High
22,18-24 years,Female,Student,Higher Secondary,9 hours or more,4,Never,6-7 hours,2,2-3 cups,Sometimes,Sometimes,3,2,2,2,3,2,2,3,2,3,2,4,2,2,2,3,2,2,3,2,49,Medium
28,25-31 years,Male,Working,Graduate,7-8 hours,3,Never,Less than 5 hours,4,2-3 cups,Always,Sometimes,3,2,3,1,3,2,3,3,2,2,3,2,3,2,4,2,3,3,3,2,48,Medium
23,18-24 years,Female,Student,Undergraduate,Less than 5 hours,2,Never,8 hours or more,5,2-3 cups,Rarely,Sometimes,4,2,3,1,1,4,3,3,1,2,4,4,1,1,4,3,3,2,2,3,32,Low
20,18-24 years,Male,Student,Higher Secondary,5-6 hours,3,Never,5-6 hours,4,0 cup,Rarely,Sometimes,4,2,2,1,3,2,2,3,2,3,2,2,3,2,3,2,3,2,3,1,52,Medium
25,25-31 years,Female,Student,Graduate,7-8 hours,5,3-5 days,6-7 hours,4,0 cup,Rarely,Sometimes,4,2,3,1,3,2,3,2,3,2,2,4,2,2,3,3,2,3,3,3,45,Medium
29,25-31 years,Male,Working,Graduate,5-6 hours,4,1-3 days,6-7 hours,3,1-2 cups,Sometimes,Sometimes,3,2,2,4,3,3,2,3,2,3,2,3,2,2,3,3,3,2,3,2,51,Medium
21,18-24 years,Male,Student,Higher Secondary,9 hours or more,5,3-5 days,5-6 hours,4,0 cup,Sometimes,Rarely,3,2,3,3,3,3,2,3,1,3,4,3,3,3,2,4,3,3,2,3,47,Medium
30,25-31 years,Male,Working,Graduate,5-6 hours,4,1-3 days,5-6 hours,3,0 cup,Sometimes,Sometimes,3,2,3,2,3,3,3,2,3,4,1,2,3,2,3,2,4,3,3,3,55,Medium
22,18-24 years,Male,Student,Higher Secondary,5-6 hours,4,Never,6-7 hours,4,0 cup,Rarely,Sometimes,3,2,3,2,2,3,2,3,3,2,3,3,3,2,3,3,3,3,3,2,48,Medium
35,32-38 years,Male,Working,Graduate,7-8 hours,5,more than 5 days,5-6 hours,4,2-3 cups,Sometimes,Rarely,4,2,2,1,3,3,2,1,2,3,1,3,3,1,4,2,4,2,4,1,53,Medium
24,18-24 years,Female,Both,Graduate,Less than 5 hours,2,Never,8 hours or more,5,2-3 cups,Always,Rarely,4,3,3,1,1,4,2,4,2,3,3,4,2,1,4,3,3,2,2,4,34,Low
22,18-24 years,Male,Student,Higher Secondary,5-6 hours,4,1-3 days,6-7 hours,3,2-3 cups,Rarely,Sometimes,3,2,2,2,2,3,2,2,3,3,3,3,2,2,3,3,2,3,3,2,49,Medium
20,18-24 years,Female,Student,Higher Secondary,5-6 hours,3,Never,8 hours or more,4,2-3 cups,Sometimes,Sometimes,4,1,2,2,3,3,2,3,2,3,2,3,3,1,3,3,3,2,3,3,48,Medium
23,18-24 years,Male,Student,Higher Secondary,7-8 hours,4,3-5 days,6-7 hours,4,2-3 cups,Often,Sometimes,4,2,2,1,3,3,2,3,2,3,3,4,2,1,3,2,3,3,3,1,47,Medium
20,18-24 years,Female,Student,Higher Secondary,5-6 hours,4,1-3 days,5-6 hours,3,0 cup,Sometimes,Sometimes,3,3,3,1,2,3,3,2,2,3,2,3,2,1,3,3,2,3,2,3,42,Medium
20,18-24 years,Female,Student,Higher Secondary,7-8 hours,4,Never,5-6 hours,4,0 cup,Rarely,Sometimes,3,1,2,3,2,3,2,3,2,3,3,4,2,1,3,2,3,3,2,3,47,Medium
23,18-24 years,Male,Student,Higher Secondary,7-8 hours,4,3-5 days,5-6 hours,4,2-3 cups,Sometimes,Sometimes,4,2,2,3,2,3,2,3,2,3,2,3,3,2,3,2,3,2,2,3,48,Medium
21,18-24 years,Male,Student,Higher Secondary,Less than 5 hours,2,Never,8 hours or more,3,0 cup,Sometimes,Rarely,4,3,4,1,1,4,3,4,1,2,4,4,3,1,4,3,2,1,2,4,28,Low
26,25-31 years,Male,Both,Graduate,7-8 hours,4,Never,6-7 hours,4,2-3 cups,Sometimes,Sometimes,3,1,2,3,3,2,3,3,2,3,2,4,2,2,4,4,3,2,3,3,47,Medium
25,25-31 years,Male,Student,Undergraduate,7-8 hours,4,3-5 days,6-7 hours,4,2-3 cups,Rarely,Sometimes,3,2,3,3,2,3,2,2,3,3,1,3,2,1,3,2,4,2,3,2,52,Medium
20,18-24 years,Male,Student,Higher Secondary,9 hours or more,4,3-5 days,6-7 hours,3,0 cup,Rarely,Sometimes,3,3,3,2,2,3,2,3,2,3,3,3,2,1,3,3,2,3,3,2,44,Medium
22,18-24 years,Female,Student,Higher Secondary,5-6 hours,4,1-3 days,6-7 hours,4,1-2 cups,Sometimes,Sometimes,3,2,2,3,3,3,2,3,1,3,2,3,2,3,3,3,4,3,3,3,51,Medium
26,25-31 years,Female,Working,Graduate,5-6 hours,2,Never,8 hours or more,4,0 cup,Often,Rarely,4,3,3,1,1,4,2,3,2,2,3,2,2,3,4,3,3,2,3,4,39,Low
21,18-24 years,Male,Student,Higher Secondary,Less than 5 hours,2,Never,8 hours or more,5,0 cup,Sometimes,Sometimes,4,3,3,1,1,4,4,3,1,2,4,4,2,1,4,3,2,1,2,4,28,Low
25,25-31 years,Male,Student,Undergraduate,5-6 hours,3,3-5 days,6-7 hours,4,1-2 cups,Sometimes,Rarely,3,1,2,3,2,3,2,3,3,2,3,2,3,3,3,3,3,3,3,3,52,Medium
28,25-31 years,Male,Working,Graduate,7-8 hours,5,3-5 days,5-6 hours,4,2-3 cups,Sometimes,Sometimes,2,2,2,3,2,3,2,1,3,3,2,4,2,2,4,3,4,3,3,1,54,Medium
24,18-24 years,Male,Both,Graduate,7-8 hours,4,Never,6-7 hours,4,0 cup,Often,Often,3,2,3,2,2,3,3,2,2,3,2,2,3,3,4,2,4,3,3,1,53,Medium
20,18-24 years,Female,Student,Higher Secondary,5-6 hours,2,Never,5-6 hours,3,0 cup,Rarely,Sometimes,4,2,2,3,2,3,2,2,3,2,3,2,2,1,4,2,3,2,3,2,48,Medium
27,25-31 years,Male,Both,Undergraduate,5-6 hours,3,Never,6-7 hours,4,0 cup,Rarely,Sometimes,4,3,3,1,1,3,2,2,3,3,1,3,2,2,3,2,4,3,3,3,48,Medium
23,18-24 years,Female,Student,Higher Secondary,7-8 hours,5,3-5 days,5-6 hours,4,0 cup,Rarely,Sometimes,3,2,2,3,3,2,3,3,2,4,2,3,2,1,4,3,4,4,4,2,53,Medium
22,18-24 years,Female,Student,Higher Secondary,5-6 hours,4,Never,6-7 hours,4,2-3 cups,Rarely,Sometimes,4,1,2,1,2,3,2,3,3,4,1,4,4,1,3,3,4,3,3,3,51,Medium
35,32-38 years,Male,Working,Graduate,7-8 hours,5,3-5 days,Less than 5 hours,2,0 cup,Sometimes,Sometimes,2,1,1,2,2,2,2,1,4,4,1,2,4,2,3,1,4,4,4,1,68,High
20,18-24 years,Female,Student,Higher Secondary,5-6 hours,4,Never,5-6 hours,4,0 cup,Sometimes,Sometimes,4,2,3,1,2,3,2,4,2,3,2,3,3,2,3,3,3,2,3,2,45,Medium
26,25-31 years,Male,Working,Graduate,7-8 hours,4,Never,5-6 hours,3,0 cup,Rarely,Sometimes,3,1,2,3,3,2,2,1,4,4,1,3,2,1,4,1,4,3,4,3,60,High
21,18-24 years,Male,Student,Higher Secondary,5-6 hours,3,Never,5-6 hours,4,0 cup,Sometimes,Rarely,3,3,3,2,2,3,2,2,3,3,2,2,3,2,3,2,3,2,3,2,51,Medium
28,25-31 years,Male,Working,Graduate,7-8 hours,3,3-5 days,Less than 5 hours,4,2-3 cups,Sometimes,Sometimes,3,2,2,2,3,3,2,3,2,2,3,2,3,2,3,2,3,2,2,2,49,Medium
20,18-24 years,Female,Student,Higher Secondary,5-6 hours,3,Never,5-6 hours,4,0 cup,Sometimes,Sometimes,4,3,3,2,3,2,3,2,2,3,2,3,2,3,3,3,3,2,3,3,47,Medium
23,18-24 years,Male,Student,Undergraduate,5-6 hours,5,Never,6-7 hours,4,0 cup,Sometimes,Rarely,4,2,3,2,3,2,3,4,3,3,4,2,3,2,3,3,4,3,3,2,49,Medium
25,25-31 years,Female,Both,Graduate,Less than 5 hours,2,Never,6-7 hours,4,2-3 cups,Sometimes,Rarely,4,3,3,1,2,4,3,4,2,3,3,4,2,1,4,3,3,2,3,4,35,Low
20,18-24 years,Male,Student,Higher Secondary,Less than 5 hours,1,Never,8 hours or more,5,more than 3 cups,Often,Rarely,4,2,3,1,1,3,3,3,1,2,4,4,1,1,4,3,2,1,2,4,30,Low
35,32-38 years,Male,Working,Graduate,7-8 hours,5,3-5 days,5-6 hours,4,0 cup,Sometimes,Sometimes,3,2,2,2,3,3,2,2,3,3,1,2,4,2,3,2,4,3,4,1,60,High
30,25-31 years,Male,Both,Graduate,5-6 hours,4,1-3 days,5-6 hours,4,1-2 cups,Rarely,Sometimes,3,1,2,3,3,2,2,1,3,3,2,2,3,3,3,3,4,3,3,1,61,High
20,18-24 years,Female,Student,Higher Secondary,5-6 hours,3,Never,6-7 hours,3,0 cup,Rarely,Rarely,4,2,2,1,1,4,3,4,2,2,3,4,3,1,4,3,3,2,3,2,38,Low
22,18-24 years,Male,Student,Higher Secondary,5-6 hours,4,Never,Less than 5 hours,3,1-2 cups,Sometimes,Sometimes,4,2,3,3,3,3,3,1,2,3,3,3,2,2,3,2,4,2,4,2,51,Medium
18,18-24 years,Male,Student,Higher Secondary,9 hours or more,3,3-5 days,6-7 hours,4,2-3 cups,Often,Sometimes,4,3,3,1,3,3,2,3,2,2,4,3,3,2,3,2,3,3,3,3,44,Medium
22,18-24 years,Male,Student,Higher Secondary,5-6 hours,4,1-3 days,6-7 hours,3,2-3 cups,Rarely,Sometimes,3,2,2,2,2,3,3,2,3,1,2,3,3,2,3,2,3,2,3,2,49,Medium
24,18-24 years,Female,Student,Undergraduate,5-6 hours,4,Never,5-6 hours,4,1-2 cups,Sometimes,Sometimes,4,3,2,3,2,2,3,3,3,3,2,3,2,1,3,3,2,3,3,2,47,Medium
21,18-24 years,Male,Student,Higher Secondary,Less than 5 hours,2,Never,8 hours or more,5,0 cup,Sometimes,Rarely,4,2,3,1,3,4,2,4,2,2,4,4,2,1,3,3,3,1,2,3,36,Low
28,25-31 years,Male,Working,Graduate,7-8 hours,4,3-5 days,5-6 hours,4,1-2 cups,Sometimes,Sometimes,3,1,2,3,3,2,2,1,4,4,1,3,3,1,4,2,3,3,3,3,58,Medium
23,18-24 years,Male,Student,Undergraduate,5-6 hours,4,Never,6-7 hours,4,2-3 cups,Often,Sometimes,4,3,2,2,2,2,3,3,1,2,3,3,3,1,3,2,4,2,3,2,45,Medium
30,25-31 years,Male,Working,Graduate,7-8 hours,4,3-5 days,5-6 hours,4,2-3 cups,Often,Often,3,1,1,2,3,3,2,2,3,3,2,2,3,2,3,3,3,2,3,4,53,Medium
20,18-24 years,Female,Student,Higher Secondary,5-6 hours,2,Never,6-7 hours,5,0 cup,Sometimes,Sometimes,4,3,4,1,1,4,3,4,1,2,3,4,3,1,4,2,2,1,2,2,32,Low
28,25-31 years,Male,Working,Graduate,5-6 hours,3,1-3 days,Less than 5 hours,3,1-2 cups,Sometimes,Sometimes,3,2,2,3,3,3,2,1,4,4,1,2,2,1,3,2,4,3,3,1,60,High
21,18-24 years,Female,Student,Higher Secondary,7-8 hours,4,1-3 days,6-7 hours,4,2-3 cups,Rarely,Sometimes,3,3,3,2,3,3,2,3,2,3,2,4,3,2,3,2,3,2,3,3,47,Medium
35,32-38 years,Male,Working,Graduate,7-8 hours,5,3-5 days,Less than 5 hours,3,0 cup,Rarely,Sometimes,2,1,1,2,3,2,1,1,3,4,1,2,3,2,3,1,4,4,4,1,68,High
40,Above 38 years,Male,Working,Graduate,5-6 hours,3,Never,6-7 hours,3,0 cup,Sometimes,Sometimes,3,2,2,2,2,3,2,1,3,3,2,2,3,1,4,3,3,4,3,3,52,Medium
22,18-24 years,Male,Student,Higher Secondary,5-6 hours,4,3-5 days,6-7 hours,4,2-3 cups,Sometimes,Rarely,4,3,3,1,3,3,2,1,3,2,3,3,2,1,3,3,2,2,3,2,44,Medium
20,18-24 years,Female,Student,Higher Secondary,Less than 5 hours,2,Never,6-7 hours,5,2-3 cups,Often,Never,4,3,4,1,1,4,3,4,2,2,4,4,1,1,4,3,2,1,2,3,28,Low
26,25-31 years,Male,Working,Graduate,7-8 hours,5,3-5 days,5-6 hours,3,2-3 cups,Sometimes,Sometimes,4,3,2,3,1,2,2,1,2,4,2,2,3,2,4,2,4,3,3,1,55,Medium
21,18-24 years,Male,Student,Higher Secondary,9 hours or more,5,3-5 days,6-7 hours,4,0 cup,Rarely,Sometimes,4,2,2,1,3,3,1,2,3,4,1,3,3,1,3,2,3,3,3,3,53,Medium
23,18-24 years,Male,Student,Undergraduate,5-6 hours,3,Never,8 hours or more,4,2-3 cups,Sometimes,Rarely,3,2,3,1,3,3,3,4,2,3,2,4,2,1,4,3,3,2,3,3,41,Medium
35,32-38 years,Male,Working,Graduate,5-6 hours,4,Never,Less than 5 hours,4,0 cup,Rarely,Sometimes,3,1,2,2,2,3,2,3,3,4,2,2,2,2,4,1,3,2,3,2,53,Medium
20,18-24 years,Female,Student,Higher Secondary,5-6 hours,4,Never,5-6 hours,4,0 cup,Rarely,Rarely,3,2,3,2,3,3,2,1,3,2,3,4,3,1,3,2,3,2,3,1,50,Medium
26,25-31 years,Female,Student,Graduate,7-8 hours,2,Never,8 hours or more,5,0 cup,Sometimes,Rarely,4,2,2,1,1,4,2,1,3,3,2,4,2,1,4,2,3,2,2,1,45,Medium
20,18-24 years,Female,Student,Higher Secondary,5-6 hours,4,Never,6-7 hours,4,0 cup,Rarely,Rarely,4,2,3,1,3,4,3,2,2,2,3,4,3,1,3,2,3,2,2,2,42,Medium
30,25-31 years,Male,Working,Graduate,7-8 hours,5,3-5 days,Less than 5 hours,2,2-3 cups,Sometimes,Sometimes,3,1,1,2,4,2,1,1,4,4,1,2,4,1,3,1,4,4,4,1,69,High
22,18-24 years,Female,Student,Higher Secondary,5-6 hours,3,1-3 days,5-6 hours,5,2-3 cups,Rarely,Sometimes,4,2,2,1,1,4,3,3,2,3,2,4,3,2,2,3,3,2,3,2,44,Medium
28,25-31 years,Male,Working,Graduate,7-8 hours,4,1-3 days,5-6 hours,4,0 cup,Sometimes,Sometimes,3,2,3,3,2,3,2,3,3,3,2,3,2,1,3,2,3,3,2,3,48,Medium
21,18-24 years,Female,Student,Higher Secondary,7-8 hours,4,3-5 days,5-6 hours,4,0 cup,Rarely,Sometimes,4,2,3,2,2,3,2,3,2,3,3,3,3,2,4,3,3,2,3,2,45,Medium
35,32-38 years,Male,Working,Graduate,5-6 hours,4,Never,Less than 5 hours,4,1-2 cups,Sometimes,Rarely,3,1,2,1,2,3,2,1,4,4,1,1,3,1,4,3,4,2,3,3,55,Medium
24,18-24 years,Male,Student,Undergraduate,7-8 hours,5,Never,8 hours or more,3,0 cup,Often,Never,2,3,2,3,2,3,2,2,2,2,2,3,3,4,4,3,4,3,1,2,51,Medium
30,25-31 years,Male,Working,Graduate,7-8 hours,4,3-5 days,Less than 5 hours,3,2-3 cups,Rarely,Sometimes,3,1,1,3,3,2,1,2,3,4,1,2,4,2,3,1,4,4,4,1,68,High
22,18-24 years,Male,Student,Higher Secondary,5-6 hours,4,Never,5-6 hours,4,0 cup,Rarely,Sometimes,3,2,3,1,3,3,2,4,2,4,2,3,2,2,4,3,4,3,3,3,47,Medium
20,18-24 years,Female,Student,Higher Secondary,7-8 hours,4,3-5 days,5-6 hours,4,0 cup,Sometimes,Sometimes,4,3,3,1,3,2,3,3,2,3,2,4,3,2,3,2,3,2,3,2,46,Medium
25,25-31 years,Female,Student,Undergraduate,Less than 5 hours,2,Never,8 hours or more,4,2-3 cups,Often,Rarely,4,3,4,1,1,4,3,4,1,2,3,4,2,1,4,3,2,3,2,4,30,Low
28,25-31 years,Male,Working,Graduate,7-8 hours,4,1-3 days,6-7 hours,5,2-3 cups,Sometimes,Sometimes,3,1,2,3,2,2,2,1,4,4,2,1,4,2,3,2,4,4,4,1,66,High
22,18-24 years,Female,Student,Higher Secondary,5-6 hours,4,1-3 days,6-7 hours,2,0 cup,Rarely,Sometimes,3,2,2,1,3,2,2,3,2,3,3,2,3,2,3,2,3,3,3,3,51,Medium
30,25-31 years,Male,Working,Graduate,7-8 hours,5,3-5 days,Less than 5 hours,2,0 cup,Rarely,Sometimes,3,1,1,2,3,3,2,1,3,4,1,1,2,2,4,2,4,3,4,1,62,High
22,18-24 years,Female,Student,Higher Secondary,9 hours or more,4,Never,5-6 hours,4,0 cup,Rarely,Sometimes,4,2,3,2,3,3,2,3,2,3,2,3,2,1,3,2,3,3,3,3,47,Medium
28,25-31 years,Female,Both,Graduate,5-6 hours,3,1-3 days,5-6 hours,4,0 cup,Sometimes,Sometimes,3,3,2,3,2,2,3,3,2,3,2,4,3,1,4,3,3,2,2,3,44,Medium
22,18-24 years,Female,Student,Higher Secondary,7-8 hours,3,Never,6-7 hours,4,1-2 cups,Sometimes,Sometimes,3,2,3,2,2,2,3,3,2,4,2,4,3,2,3,3,3,3,3,3,48,Medium
20,18-24 years,Female,Student,Higher Secondary,7-8 hours,3,Never,6-7 hours,3,0 cup,Rarely,Rarely,3,2,3,3,2,2,3,2,3,2,3,3,3,3,2,3,2,2,3,1,51,Medium
28,25-31 years,Male,Both,Graduate,5-6 hours,3,Never,8 hours or more,5,2-3 cups,Often,Rarely,4,1,2,1,1,4,3,2,2,3,3,4,1,1,4,4,2,1,3,4,35,Low
21,18-24 years,Female,Student,Higher Secondary,5-6 hours,4,Never,8 hours or more,4,0 cup,Rarely,Rarely,3,2,2,3,3,3,2,1,3,3,2,4,3,1,4,2,3,3,3,2,53,Medium
23,18-24 years,Male,Student,Undergraduate,Less than 5 hours,2,Never,8 hours or more,4,2-3 cups,Often,Rarely,4,3,3,1,1,4,3,4,1,2,4,4,2,1,4,2,3,1,3,3,32,Low
29,25-31 years,Male,Working,Graduate,7-8 hours,4,3-5 days,Less than 5 hours,4,1-2 cups,Rarely,Sometimes,3,1,2,2,2,3,2,1,3,4,1,2,4,2,3,2,4,3,4,2,61,High
22,18-24 years,Female,Student,Higher Secondary,9 hours or more,4,1-3 days,6-7 hours,4,0 cup,Sometimes,Sometimes,4,2,3,2,3,2,3,3,3,3,2,3,3,2,3,3,3,2,3,3,48,Medium
30,25-31 years,Male,Working,Graduate,5-6 hours,4,Never,5-6 hours,4,2-3 cups,Rarely,Sometimes,3,2,3,1,2,3,2,3,3,2,3,3,3,2,3,3,3,2,3,2,46,Medium
20,18-24 years,Female,Student,Higher Secondary,5-6 hours,4,Never,5-6 hours,4,0 cup,Sometimes,Sometimes,3,2,2,1,3,2,3,3,2,3,2,3,2,2,4,3,3,2,3,3,46,Medium
33,32-38 years,Male,Working,Graduate,5-6 hours,4,1-3 days,Less than 5 hours,4,2-3 cups,Sometimes,Sometimes,3,2,2,3,2,3,2,2,3,4,2,2,3,3,3,2,3,2,3,3,55,Medium
23,18-24 years,Male,Student,Higher Secondary,7-8 hours,4,3-5 days,6-7 hours,4,2-3 cups,Rarely,Sometimes,3,2,3,2,3,2,3,3,2,3,2,3,3,2,3,2,2,3,2,2,49,Medium
26,25-31 years,Female,Both,Graduate,Less than 5 hours,3,Never,6-7 hours,4,0 cup,Rarely,Sometimes,4,2,3,1,3,3,2,3,2,3,3,3,3,1,2,2,3,2,3,1,48,Medium
20,18-24 years,Female,Student,Higher Secondary,5-6 hours,3,1-3 days,5-6 hours,4,1-2 cups,Sometimes,Sometimes,4,2,2,1,3,3,2,2,2,2,3,3,2,3,3,3,3,1,2,3,44,Medium
22,18-24 years,Female,Student,Higher Secondary,7-8 hours,4,3-5 days,6-7 hours,4,2-3 cups,Rarely,Sometimes,4,2,3,1,1,4,2,3,2,3,2,3,3,3,4,2,2,3,3,4,43,Medium
18,18-24 years,Female,Student,Higher Secondary,5-6 hours,4,Never,8 hours or more,2,0 cup,Rarely,Rarely,4,3,3,2,1,4,3,4,1,2,4,4,2,1,4,3,2,2,2,4,30,Low
23,18-24 years,Female,Student,Undergraduate,7-8 hours,2,Never,8 hours or more,4,0 cup,Sometimes,Rarely,4,2,2,1,2,4,2,2,2,3,2,4,2,1,4,2,4,2,3,2,45,Medium
21,18-24 years,Female,Student,Higher Secondary,5-6 hours,3,Never,6-7 hours,5,0 cup,Sometimes,Sometimes,3,2,3,2,2,3,3,3,3,3,2,3,3,2,3,3,3,2,3,3,47,Medium
20,18-24 years,Female,Student,Higher Secondary,7-8 hours,3,3-5 days,5-6 hours,3,0 cup,Rarely,Sometimes,3,2,3,2,3,2,3,3,2,3,3,2,2,3,3,2,2,2,3,1,50,Medium
28,25-31 years,Male,Working,Graduate,7-8 hours,4,3-5 days,6-7 hours,4,0 cup,Sometimes,Sometimes,2,1,1,3,2,3,2,3,2,2,2,2,3,2,3,3,4,2,3,3,53,Medium
36,32-38 years,Male,Working,Graduate,5-6 hours,3,1-3 days,Less than 5 hours,4,2-3 cups,Sometimes,Rarely,3,2,3,2,4,3,2,1,3,4,1,2,3,3,4,3,2,3,3,2,56,Medium
26,25-31 years,Male,Working,Graduate,5-6 hours,4,Never,5-6 hours,4,0 cup,Sometimes,Sometimes,4,1,2,2,3,3,2,1,3,4,1,1,4,1,3,2,4,4,4,3,61,High
31,25-31 years,Male,Working,Graduate,5-6 hours,4,1-3 days,6-7 hours,4,2-3 cups,Sometimes,Sometimes,3,3,2,2,2,2,3,3,3,2,3,2,2,3,2,3,3,2,2,3,47,Medium
30,25-31 years,Male,Working,Graduate,7-8 hours,4,Never,5-6 hours,4,0 cup,Sometimes,Rarely,3,2,3,1,2,2,3,3,2,2,3,2,3,2,4,2,3,2,3,2,46,Medium
28,25-31 years,Male,Working,Graduate,5-6 hours,4,Never,6-7 hours,4,0 cup,Sometimes,Sometimes,4,2,2,2,2,3,2,1,2,3,2,2,3,3,2,3,3,3,3,1,55,Medium
20,18-24 years,Female,Student,Higher Secondary,9 hours or more,2,Never,8 hours or more,5,0 cup,Rarely,Rarely,4,3,4,1,1,4,3,3,2,2,4,4,1,1,4,3,2,1,2,2,30,Low
26,25-31 years,Male,Both,Graduate,5-6 hours,3,Never,6-7 hours,4,2-3 cups,Rarely,Sometimes,4,3,2,3,1,3,2,3,3,2,3,3,2,3,3,3,3,2,3,2,46,Medium
25,25-31 years,Female,Working,Graduate,7-8 hours,4,1-3 days,5-6 hours,4,0 cup,Sometimes,Rarely,4,2,2,3,3,3,2,3,2,3,2,3,3,2,2,3,2,3,3,3,50,Medium
22,18-24 years,Female,Student,Higher Secondary,5-6 hours,3,Never,6-7 hours,4,0 cup,Rarely,Rarely,4,3,3,1,1,4,3,2,3,2,3,3,3,1,4,3,3,3,2,3,39,Low
29,25-31 years,Male,Working,Graduate,5-6 hours,4,3-5 days,6-7 hours,4,2-3 cups,Often,Sometimes,3,2,2,3,3,3,2,2,3,3,2,1,3,2,3,2,3,2,3,1,57,Medium
35,32-38 years,Male,Working,Graduate,7-8 hours,4,3-5 days,5-6 hours,4,2-3 cups,Often,Sometimes,3,2,3,3,3,2,3,1,3,4,1,1,3,3,3,2,3,3,3,2,60,High
30,25-31 years,Male,Working,Graduate,5-6 hours,4,3-5 days,Less than 5 hours,4,0 cup,Sometimes,Sometimes,3,2,2,1,3,2,2,1,4,4,1,2,3,2,3,2,4,3,4,1,62,High
23,18-24 years,Male,Student,Undergraduate,5-6 hours,4,Never,6-7 hours,2,0 cup,Sometimes,Rarely,3,2,3,2,2,3,1,3,3,3,2,3,2,1,4,2,2,2,3,2,47,Medium
28,25-31 years,Male,Working,Graduate,7-8 hours,5,more than 5 days,5-6 hours,2,0 cup,Rarely,Often,3,1,1,2,2,2,1,1,4,4,1,2,3,2,4,1,4,3,4,1,65,High
26,25-31 years,Female,Both,Graduate,Less than 5 hours,2,Never,8 hours or more,5,2-3 cups,Always,Rarely,4,2,3,1,1,4,2,2,3,3,2,4,2,1,4,3,2,2,2,4,38,Low
22,18-24 years,Female,Student,Higher Secondary,5-6 hours,4,3-5 days,6-7 hours,4,0 cup,Sometimes,Sometimes,3,2,3,2,3,2,2,3,2,2,4,4,3,1,3,3,3,2,3,2,45,Medium
20,18-24 years,Female,Student,Higher Secondary,7-8 hours,4,3-5 days,5-6 hours,4,0 cup,Rarely,Rarely,3,3,2,3,3,2,3,2,3,2,3,4,3,2,3,2,3,3,3,2,51,Medium
37,32-38 years,Male,Working,Graduate,7-8 hours,5,3-5 days,Less than 5 hours,2,2-3 cups,Rarely,Sometimes,2,1,1,2,2,3,2,1,3,4,1,1,3,2,3,1,4,3,4,1,65,High
29,25-31 years,Male,Working,Graduate,7-8 hours,4,1-3 days,6-7 hours,4,1-2 cups,Sometimes,Sometimes,4,2,2,1,3,3,2,2,4,4,1,2,4,1,3,2,4,2,3,3,55,Medium
30,25-31 years,Male,Working,Graduate,5-6 hours,4,3-5 days,5-6 hours,4,2-3 cups,Rarely,Sometimes,3,2,3,2,3,3,2,3,3,4,1,1,3,3,3,3,4,3,3,1,58,Medium
35,32-38 years,Male,Working,Graduate,5-6 hours,5,more than 5 days,Less than 5 hours,4,1-2 cups,Rarely,Sometimes,3,2,3,1,3,2,2,3,3,4,1,3,2,3,3,2,4,4,3,3,55,Medium
26,25-31 years,Female,Working,Graduate,5-6 hours,3,Never,6-7 hours,4,0 cup,Sometimes,Sometimes,4,2,2,3,4,2,2,1,3,3,2,2,3,1,4,2,3,2,3,2,55,Medium
28,25-31 years,Male,Working,Graduate,5-6 hours,4,3-5 days,5-6 hours,4,2-3 cups,Sometimes,Sometimes,3,2,3,2,3,2,2,1,4,4,1,2,4,2,3,2,3,3,4,3,60,High
45,Above 38 years,Male,Working,Graduate,7-8 hours,5,more than 5 days,Less than 5 hours,3,2-3 cups,Sometimes,Sometimes,3,1,1,3,3,2,1,1,2,4,1,2,3,2,4,2,4,4,4,2,64,High
26,25-31 years,Male,Working,Graduate,5-6 hours,5,Never,5-6 hours,3,2-3 cups,Sometimes,Sometimes,3,2,3,2,2,3,2,2,3,3,2,3,3,2,3,3,3,3,2,3,49,Medium
24,18-24 years,Female,Student,Undergraduate,5-6 hours,4,Never,6-7 hours,4,2-3 cups,Rarely,Rarely,3,3,3,2,2,3,2,1,3,3,3,3,3,3,3,4,4,2,3,2,50,Medium
29,25-31 years,Male,Working,Graduate,5-6 hours,4,1-3 days,5-6 hours,4,2-3 cups,Often,Rarely,4,3,3,2,3,3,2,3,3,3,2,3,3,3,3,2,3,2,3,2,50,Medium
20,18-24 years,Female,Student,Higher Secondary,Less than 5 hours,1,Never,8 hours or more,3,0 cup,Rarely,Never,4,3,3,1,1,4,3,4,1,2,3,3,3,1,4,3,3,2,2,4,33,Low
27,25-31 years,Female,Working,Graduate,7-8 hours,3,Never,6-7 hours,4,0 cup,Rarely,Sometimes,3,3,3,2,3,3,3,2,4,4,2,4,2,2,3,3,4,2,3,2,50,Medium
20,18-24 years,Female,Student,Higher Secondary,5-6 hours,4,3-5 days,5-6 hours,3,0 cup,Rarely,Sometimes,3,2,3,1,3,3,2,4,2,2,4,2,3,1,4,2,3,3,3,3,44,Medium
28,25-31 years,Female,Both,Graduate,5-6 hours,2,Never,6-7 hours,4,2-3 cups,Often,Rarely,4,2,3,1,1,3,3,2,2,3,3,4,2,1,4,4,3,2,2,4,36,Low
30,25-31 years,Male,Working,Graduate,5-6 hours,2,Never,6-7 hours,4,0 cup,Rarely,Rarely,4,3,3,2,3,3,2,1,3,3,2,3,3,1,3,3,3,2,3,3,48,Medium
32,32-38 years,Male,Working,Graduate,7-8 hours,5,3-5 days,Less than 5 hours,4,1-2 cups,Rarely,Often,2,1,2,3,3,2,2,1,4,4,1,2,4,3,3,2,4,4,4,1,69,High
26,25-31 years,Male,Working,Graduate,5-6 hours,4,1-3 days,6-7 hours,4,0 cup,Sometimes,Sometimes,3,2,2,2,3,2,2,2,4,3,2,3,3,2,3,3,3,2,3,3,53,Medium
20,18-24 years,Female,Student,Higher Secondary,5-6 hours,3,Never,6-7 hours,4,0 cup,Often,Often,4,2,2,2,3,2,3,3,2,3,1,3,3,1,3,1,4,3,3,3,52,Medium
30,25-31 years,Male,Working,Graduate,7-8 hours,5,3-5 days,5-6 hours,3,2-3 cups,Rarely,Sometimes,3,1,1,2,4,2,1,1,3,4,1,2,4,2,3,1,4,4,4,2,68,High
26,25-31 years,Female,Working,Graduate,5-6 hours,3,Never,6-7 hours,4,0 cup,Sometimes,Sometimes,4,1,2,1,3,3,2,1,3,3,2,4,2,1,4,2,4,3,3,1,52,Medium
29,25-31 years,Male,Working,Graduate,7-8 hours,3,Never,6-7 hours,3,0 cup,Often,Rarely,4,2,3,1,3,3,2,1,4,4,1,2,3,3,4,3,3,2,3,3,53,Medium
30,25-31 years,Male,Working,Graduate,7-8 hours,5,3-5 days,Less than 5 hours,2,2-3 cups,Rarely,Often,2,1,1,4,3,2,2,1,4,4,1,2,4,2,3,1,4,4,4,1,71,High
35,32-38 years,Male,Working,Graduate,5-6 hours,4,3-5 days,5-6 hours,4,more than 3 cups,Often,Rarely,4,2,3,2,3,2,2,1,3,3,1,3,3,2,3,2,4,3,4,2,57,Medium
28,25-31 years,Male,Student,Graduate,5-6 hours,5,Never,6-7 hours,3,0 cup,Rarely,Rarely,3,2,3,2,3,2,2,3,2,4,2,2,3,3,4,3,3,3,3,3,52,Medium
24,18-24 years,Female,Student,Undergraduate,5-6 hours,4,1-3 days,6-7 hours,4,0 cup,Rarely,Sometimes,3,3,2,3,2,3,2,3,3,2,2,3,3,2,4,3,3,2,3,3,47,Medium
25,25-31 years,Female,Both,Graduate,Less than 5 hours,1,Never,8 hours or more,5,2-3 cups,Often,Rarely,4,2,3,1,2,4,3,3,2,3,3,4,1,1,4,3,3,1,2,3,35,Low
30,25-31 years,Male,Working,Graduate,5-6 hours,4,3-5 days,5-6 hours,4,0 cup,Rarely,Rarely,3,2,2,3,2,3,2,1,3,3,1,2,3,2,3,3,4,3,4,1,59,Medium
21,18-24 years,Female,Student,Higher Secondary,5-6 hours,4,Never,8 hours or more,4,0 cup,Rarely,Rarely,3,2,3,2,3,3,2,2,3,2,3,4,3,2,3,2,3,2,3,2,49,Medium
27,25-31 years,Female,Working,Graduate,5-6 hours,2,Never,5-6 hours,4,0 cup,Rarely,Sometimes,3,2,3,1,2,3,2,1,3,3,2,3,2,1,4,2,4,3,3,2,50,Medium
20,18-24 years,Male,Student,Higher Secondary,9 hours or more,5,Never,6-7 hours,4,0 cup,Rarely,Often,4,2,3,2,1,4,2,2,3,3,3,4,2,1,4,3,4,3,4,2,45,Medium
18,18-24 years,Female,Student,Higher Secondary,5-6 hours,4,3-5 days,5-6 hours,4,0 cup,Rarely,Rarely,3,2,2,3,2,3,2,4,2,3,2,3,3,1,4,3,4,3,3,2,49,Medium
28,25-31 years,Male,Working,Graduate,7-8 hours,5,Never,6-7 hours,4,2-3 cups,Sometimes,Rarely,3,2,2,1,3,3,2,2,3,4,1,2,3,2,3,2,4,3,3,2,57,Medium
20,18-24 years,Female,Student,Higher Secondary,9 hours or more,2,Never,5-6 hours,4,0 cup,Rarely,Sometimes,4,2,3,2,3,3,2,4,1,3,2,4,2,2,4,2,3,2,3,3,43,Medium
19,18-24 years,Female,Student,Higher Secondary,5-6 hours,4,Never,5-6 hours,4,0 cup,Rarely,Sometimes,3,2,3,1,2,3,2,3,3,3,2,4,2,1,4,3,3,2,2,4,41,Medium
23,18-24 years,Female,Student,Undergraduate,5-6 hours,4,Never,5-6 hours,4,0 cup,Rarely,Sometimes,3,2,2,2,3,2,3,2,3,3,2,3,2,1,4,2,4,2,3,4,49,Medium
30,25-31 years,Male,Working,Graduate,5-6 hours,4,Never,6-7 hours,5,2-3 cups,Often,Sometimes,4,2,3,1,3,3,2,1,3,4,1,2,2,3,4,2,3,3,3,3,53,Medium
21,18-24 years,Female,Student,Higher Secondary,7-8 hours,5,Never,5-6 hours,3,0 cup,Rarely,Rarely,4,2,2,3,2,3,2,1,3,3,2,4,2,1,4,3,4,2,4,2,50,Medium
27,25-31 years,Male,Both,Graduate,5-6 hours,4,3-5 days,6-7 hours,3,2-3 cups,Often,Often,4,2,3,1,2,3,3,1,3,4,1,2,3,2,3,2,3,3,3,3,52,Medium
21,18-24 years,Female,Student,Higher Secondary,Less than 5 hours,2,Never,6-7 hours,5,0 cup,Rarely,Sometimes,4,3,3,1,1,4,3,3,1,2,4,4,2,1,4,3,3,2,2,4,31,Low
23,18-24 years,Female,Student,Undergraduate,5-6 hours,3,Never,6-7 hours,2,0 cup,Rarely,Rarely,3,2,2,2,3,3,2,3,3,2,3,3,2,2,4,3,3,2,3,3,46,Medium
26,25-31 years,Male,Working,Graduate,5-6 hours,3,3-5 days,6-7 hours,4,2-3 cups,Sometimes,Rarely,4,2,2,2,3,2,3,2,3,3,3,3,3,3,4,4,4,3,3,2,51,Medium
21,18-24 years,Female,Student,Higher Secondary,5-6 hours,4,1-3 days,5-6 hours,4,0 cup,Sometimes,Sometimes,3,3,3,2,3,2,3,2,2,2,3,4,3,2,3,3,2,3,3,2,46,Medium
29,25-31 years,Male,Working,Graduate,5-6 hours,4,3-5 days,Less than 5 hours,4,2-3 cups,Often,Rarely,3,1,2,3,3,2,2,1,3,4,1,2,3,2,4,2,4,4,4,2,63,High
23,18-24 years,Male,Student,Higher Secondary,5-6 hours,4,Never,6-7 hours,4,0 cup,Rarely,Sometimes,4,2,3,1,1,4,3,2,3,2,3,2,3,2,3,3,2,3,2,3,42,Medium
20,18-24 years,Female,Student,Higher Secondary,Less than 5 hours,2,Never,6-7 hours,4,0 cup,Rarely,Rarely,4,3,3,1,2,3,3,3,1,1,4,4,2,1,4,3,2,1,2,3,31,Low
30,25-31 years,Male,Working,Graduate,5-6 hours,4,1-3 days,6-7 hours,4,1-2 cups,Sometimes,Rarely,3,2,2,3,2,2,2,1,2,3,2,1,3,2,3,2,3,3,3,2,57,Medium
23,18-24 years,Male,Student,Undergraduate,5-6 hours,2,Never,8 hours or more,4,2-3 cups,Sometimes,Rarely,4,2,3,1,1,4,3,4,1,2,4,4,2,1,4,3,2,1,2,4,29,Low
20,18-24 years,Female,Student,Higher Secondary,7-8 hours,2,Never,5-6 hours,4,0 cup,Rarely,Sometimes,3,1,2,3,3,3,2,2,2,3,2,3,3,1,3,2,4,3,3,2,55,Medium
26,25-31 years,Male,Working,Graduate,7-8 hours,5,3-5 days,Less than 5 hours,2,0 cup,Sometimes,Often,3,1,2,1,3,2,2,1,4,4,1,2,4,2,4,1,4,4,4,1,65,High
20,18-24 years,Female,Student,Higher Secondary,7-8 hours,4,3-5 days,5-6 hours,3,0 cup,Rarely,Sometimes,3,2,3,2,3,3,2,1,3,3,2,4,3,2,4,3,3,2,3,3,49,Medium
30,25-31 years,Male,Working,Graduate,7-8 hours,5,3-5 days,5-6 hours,4,2-3 cups,Often,Sometimes,3,1,1,3,2,3,1,1,4,4,1,1,3,2,3,2,4,3,4,1,66,High
22,18-24 years,Female,Student,Higher Secondary,7-8 hours,4,1-3 days,6-7 hours,4,1-2 cups,Sometimes,Sometimes,4,2,3,3,2,3,3,2,3,3,3,4,3,1,4,3,3,3,3,3,45,Medium
24,18-24 years,Female,Student,Graduate,5-6 hours,3,Never,5-6 hours,4,0 cup,Sometimes,Sometimes,4,2,2,1,2,3,2,1,2,2,3,2,3,2,4,2,3,2,3,1,49,Medium
22,18-24 years,Female,Student,Higher Secondary,5-6 hours,4,Never,6-7 hours,2,2-3 cups,Rarely,Sometimes,3,3,3,2,2,3,2,1,1,2,3,4,2,1,4,3,3,2,3,2,42,Medium
23,18-24 years,Male,Student,Higher Secondary,Less than 5 hours,2,Never,8 hours or more,5,2-3 cups,Often,Rarely,4,3,4,1,1,4,3,2,1,1,4,4,1,1,4,3,2,1,1,4,26,Low
21,18-24 years,Female,Student,Higher Secondary,5-6 hours,4,Never,8 hours or more,4,0 cup,Rarely,Rarely,4,2,2,1,2,4,2,3,2,2,3,3,2,1,4,4,3,2,3,2,40,Medium
28,25-31 years,Male,Working,Graduate,7-8 hours,4,3-5 days,5-6 hours,3,1-2 cups,Sometimes,Rarely,3,1,1,3,3,2,2,2,4,3,2,3,2,2,3,2,4,3,3,3,58,Medium
26,25-31 years,Male,Working,Graduate,5-6 hours,3,Never,6-7 hours,4,0 cup,Rarely,Rarely,4,1,2,1,2,3,2,1,3,4,1,2,3,3,4,1,4,3,4,1,60,High
30,25-31 years,Male,Working,Graduate,7-8 hours,4,3-5 days,5-6 hours,4,1-2 cups,Rarely,Sometimes,3,1,1,3,2,3,1,1,4,4,1,2,3,2,3,1,4,4,4,2,66,High
21,18-24 years,Female,Student,Higher Secondary,5-6 hours,4,Never,6-7 hours,4,0 cup,Rarely,Sometimes,3,2,3,2,3,2,2,3,3,3,2,4,2,1,4,4,3,2,3,2,46,Medium
18,18-24 years,Female,Student,Higher Secondary,5-6 hours,2,Never,8 hours or more,3,0 cup,Rarely,Rarely,4,2,4,1,1,4,3,3,1,2,3,4,3,1,4,3,2,2,2,4,32,Low
20,18-24 years,Female,Student,Higher Secondary,7-8 hours,4,Never,6-7 hours,4,0 cup,Rarely,Sometimes,3,2,3,2,1,3,3,2,2,3,3,4,2,1,4,4,3,2,3,3,40,Medium
22,18-24 years,Female,Student,Higher Secondary,7-8 hours,5,3-5 days,5-6 hours,2,2-3 cups,Rarely,Often,3,2,2,1,3,2,2,1,3,4,1,3,4,2,3,2,4,4,4,1,62,High
28,25-31 years,Male,Working,Graduate,7-8 hours,4,3-5 days,6-7 hours,4,1-2 cups,Sometimes,Rarely,3,2,2,3,2,3,2,1,3,3,1,2,3,3,4,2,4,3,3,2,58,Medium
20,18-24 years,Female,Student,Higher Secondary,5-6 hours,3,Never,6-7 hours,3,0 cup,Sometimes,Sometimes,3,2,2,3,3,2,2,1,3,3,2,3,2,2,3,2,3,2,3,2,55,Medium
24,18-24 years,Female,Both,Graduate,7-8 hours,4,Never,5-6 hours,4,0 cup,Rarely,Rarely,4,2,2,3,3,2,3,2,3,3,1,3,2,1,3,2,3,2,3,1,53,Medium
22,18-24 years,Female,Student,Higher Secondary,Less than 5 hours,2,Never,6-7 hours,3,2-3 cups,Rarely,Sometimes,4,2,3,1,1,4,3,4,1,2,4,4,2,1,4,4,3,2,2,4,30,Low
26,25-31 years,Male,Both,Graduate,5-6 hours,3,Never,5-6 hours,4,2-3 cups,Sometimes,Sometimes,3,2,2,2,3,2,2,1,3,3,2,2,3,2,4,2,4,3,3,2,57,Medium
35,32-38 years,Male,Working,Graduate,7-8 hours,5,3-5 days,Less than 5 hours,3,2-3 cups,Rarely,Sometimes,3,1,1,2,2,2,1,1,3,4,1,2,4,2,3,1,4,4,4,1,67,High
21,18-24 years,Female,Student,Higher Secondary,9 hours or more,4,Never,6-7 hours,2,0 cup,Rarely,Often,3,2,2,3,3,3,2,1,3,4,2,3,4,1,4,1,4,4,4,2,60,High
23,18-24 years,Male,Both,Undergraduate,5-6 hours,3,Never,Less than 5 hours,4,0 cup,Sometimes,Rarely,4,2,3,2,2,2,2,1,3,3,1,2,3,1,3,2,4,3,3,2,55,Medium
28,25-31 years,Male,Working,Graduate,5-6 hours,3,Never,5-6 hours,4,0 cup,Sometimes,Sometimes,2,2,2,3,3,2,2,1,3,4,1,2,4,2,3,2,4,3,3,2,63,High
20,18-24 years,Female,Student,Higher Secondary,9 hours or more,3,Never,5-6 hours,4,0 cup,Rarely,Often,4,2,3,1,2,3,2,3,3,2,3,4,2,1,4,2,4,2,3,3,42,Medium
22,18-24 years,Male,Student,Higher Secondary,5-6 hours,4,3-5 days,5-6 hours,3,0 cup,Sometimes,Sometimes,3,2,3,2,1,3,2,3,3,3,3,4,2,1,4,3,3,2,3,3,42,Medium
18,18-24 years,Female,Student,Higher Secondary,5-6 hours,4,Never,5-6 hours,3,0 cup,Rarely,Rarely,4,1,2,2,3,3,2,2,1,3,2,4,3,1,3,1,4,3,4,1,54,Medium
23,18-24 years,Female,Student,Undergraduate,5-6 hours,3,3-5 days,5-6 hours,3,0 cup,Rarely,Sometimes,3,2,2,3,3,2,2,3,2,4,2,4,3,2,2,3,3,3,3,3,53,Medium
26,25-31 years,Male,Working,Graduate,7-8 hours,3,3-5 days,5-6 hours,2,2-3 cups,Rarely,Sometimes,3,1,2,2,3,3,2,3,1,4,1,2,3,1,3,2,4,3,3,2,55,Medium
22,18-24 years,Female,Student,Higher Secondary,7-8 hours,2,1-3 days,6-7 hours,3,0 cup,Rarely,Sometimes,4,3,2,1,3,3,2,1,3,3,2,2,3,2,3,2,4,4,3,3,54,Medium
30,25-31 years,Male,Working,Graduate,7-8 hours,4,3-5 days,Less than 5 hours,2,0 cup,Rarely,Sometimes,3,1,1,2,3,2,1,1,4,4,1,2,3,1,3,1,4,3,4,1,66,High
21,18-24 years,Female,Student,Higher Secondary,5-6 hours,4,Never,5-6 hours,3,0 cup,Rarely,Often,3,2,2,2,3,2,2,2,3,4,2,3,2,1,3,3,4,3,3,2,54,Medium
22,18-24 years,Female,Student,Higher Secondary,5-6 hours,4,Never,5-6 hours,2,2-3 cups,Rarely,Rarely,3,2,2,3,2,3,2,3,3,3,2,3,2,2,4,2,4,2,3,3,50,Medium
20,18-24 years,Female,Student,Higher Secondary,5-6 hours,4,Never,5-6 hours,4,0 cup,Rarely,Sometimes,3,2,2,2,3,3,2,3,2,3,2,3,2,3,3,2,3,3,3,2,52,Medium
41,Above 38 years,Male,Working,Graduate,5-6 hours,2,1-3 days,5-6 hours,4,1-2 cups,Often,Sometimes,2,1,4,3,2,1,2,3,3,2,1,2,3,3,2,2,2,4,3,2,58,Medium
21,18-24 years,Female,Student,Undergraduate,9 hours or more,3,1-3 days,6-7 hours,4,1-2 cups,Often,Rarely,2,4,2,2,3,2,3,2,3,2,3,2,3,2,3,3,2,3,3,2,50,Medium
32,32-38 years,Male,Working,Graduate,9 hours or more,2,1-3 days,8 hours or more,3,1-2 cups,Sometimes,Rarely,3,2,3,2,2,3,2,2,3,3,2,1,2,3,4,3,3,4,2,2,52,Medium
22,18-24 years,Female,Student,Higher Secondary,5-6 hours,4,Never,5-6 hours,4,0 cup,Sometimes,Sometimes,3,2,2,1,3,3,3,2,2,3,2,3,3,2,3,3,4,2,3,2,50,Medium
22,18-24 years,Male,Student,Undergraduate,5-6 hours,2,Never,6-7 hours,4,1-2 cups,Often,Sometimes,2,2,3,3,4,3,2,2,3,1,2,3,3,2,2,2,1,2,3,3,51,Medium
28,25-31 years,Male,Working,Graduate,7-8 hours,4,3-5 days,5-6 hours,3,2-3 cups,Rarely,Sometimes,3,1,1,3,3,4,2,1,4,4,1,1,4,3,3,2,4,4,4,1,68,High
42,Above 38 years,Male,Working,Graduate,5-6 hours,2,1-3 days,8 hours or more,2,1-2 cups,Sometimes,Rarely,2,1,3,3,2,1,2,3,3,4,3,2,1,2,2,3,3,4,3,2,56,Medium
26,25-31 years,Male,Working,Graduate,5-6 hours,2,1-3 days,5-6 hours,2,0 cup,Sometimes,Rarely,2,4,3,2,2,1,2,3,2,3,4,3,3,2,2,1,2,2,3,2,49,Medium
30,25-31 years,Male,Working,Graduate,7-8 hours,5,3-5 days,5-6 hours,2,1-2 cups,Rarely,Often,4,1,1,2,3,3,1,2,3,4,2,2,3,3,3,1,4,3,4,1,63,High
20,18-24 years,Female,Student,Higher Secondary,5-6 hours,4,Never,5-6 hours,3,0 cup,Rarely,Sometimes,3,2,3,2,3,2,3,2,3,4,3,3,3,2,3,2,3,2,3,2,52,Medium
22,18-24 years,Female,Student,Higher Secondary,7-8 hours,4,3-5 days,5-6 hours,4,0 cup,Rarely,Sometimes,3,2,2,3,2,3,2,3,3,2,3,4,2,2,3,3,3,2,3,2,47,Medium
24,18-24 years,Male,Both,Undergraduate,7-8 hours,2,3-5 days,6-7 hours,3,1-2 cups,Often,Rarely,2,1,3,1,2,4,3,3,2,3,2,2,1,2,2,1,3,2,2,4,46,Medium
26,25-31 years,Male,Working,Graduate,5-6 hours,4,1-3 days,6-7 hours,4,1-2 cups,Rarely,Sometimes,4,2,3,1,3,3,2,3,2,3,2,3,2,2,3,4,3,3,3,3,45,Medium
42,Above 38 years,Male,Working,Graduate,7-8 hours,3,3-5 days,5-6 hours,2,1-2 cups,Always,Sometimes,1,2,3,3,3,2,4,3,2,2,1,2,3,2,2,3,2,3,3,2,53,Medium
21,18-24 years,Female,Student,Higher Secondary,Less than 5 hours,2,Never,8 hours or more,5,2-3 cups,Sometimes,Rarely,4,3,3,1,1,4,3,2,2,2,4,4,3,1,4,3,3,1,2,3,34,Low
30,25-31 years,Male,Working,Graduate,9 hours or more,2,1-3 days,8 hours or more,4,1-2 cups,Often,Rarely,2,1,3,2,1,2,4,3,2,2,3,1,2,2,3,3,2,2,3,1,47,Medium
52,Above 38 years,Male,Working,Graduate,5-6 hours,2,1-3 days,5-6 hours,2,1-2 cups,Sometimes,Rarely,2,3,4,3,2,1,2,3,2,3,2,3,1,2,2,3,4,3,2,2,50,Medium
28,25-31 years,Male,Working,Graduate,7-8 hours,4,3-5 days,5-6 hours,4,2-3 cups,Rarely,Sometimes,3,1,2,3,2,3,2,1,4,4,1,2,3,2,4,2,4,3,3,2,60,High
20,18-24 years,Female,Student,Higher Secondary,5-6 hours,2,1-3 days,5-6 hours,2,1-2 cups,Often,Sometimes,2,3,4,2,1,3,2,3,2,2,1,2,3,4,2,2,3,2,1,3,48,Medium
23,18-24 years,Female,Student,Undergraduate,Less than 5 hours,1,Never,8 hours or more,5,0 cup,Often,Never,4,2,4,1,1,3,3,1,2,2,3,4,1,1,4,4,3,2,2,3,35,Low
26,25-31 years,Female,Both,Undergraduate,5-6 hours,2,Never,8 hours or more,4,0 cup,Often,Sometimes,1,2,2,3,2,3,4,2,3,1,2,3,3,2,3,4,3,2,2,1,49,Medium
29,25-31 years,Male,Working,Graduate,7-8 hours,3,3-5 days,5-6 hours,3,1-2 cups,Rarely,Sometimes,3,2,3,3,2,3,2,1,3,3,2,2,3,2,3,2,4,3,3,2,56,Medium
19,18-24 years,Male,Student,Higher Secondary,5-6 hours,2,Never,6-7 hours,4,0 cup,Often,Rarely,2,4,3,2,2,3,1,2,3,4,3,2,1,2,3,3,2,2,3,2,48,Medium
30,25-31 years,Male,Working,Graduate,7-8 hours,5,3-5 days,5-6 hours,4,0 cup,Rarely,Sometimes,3,2,2,3,3,2,2,1,4,4,1,2,3,2,2,2,4,3,4,1,65,High
29,25-31 years,Male,Both,Graduate,5-6 hours,4,3-5 days,8 hours or more,2,1-2 cups,Often,Never,3,1,2,3,3,4,3,2,1,2,3,3,4,2,1,2,3,3,2,2,52,Medium
18,18-24 years,Female,Student,Higher Secondary,9 hours or more,4,3-5 days,5-6 hours,2,0 cup,Rarely,Sometimes,3,1,2,3,3,2,1,2,3,3,2,3,4,2,2,3,4,3,3,2,60,High
28,25-31 years,Male,Working,Graduate,5-6 hours,4,3-5 days,Less than 5 hours,4,0 cup,Rarely,Sometimes,3,2,3,2,3,2,2,2,4,3,1,2,4,3,2,2,4,3,3,2,61,High
20,18-24 years,Female,Student,Higher Secondary,5-6 hours,2,Never,6-7 hours,4,0 cup,Sometimes,Rarely,4,2,3,1,1,4,3,4,1,2,4,4,2,1,4,3,3,2,2,3,32,Low
51,Above 38 years,Male,Working,Graduate,5-6 hours,4,3-5 days,Less than 5 hours,3,0 cup,Sometimes,Rarely,2,3,3,4,2,2,3,2,1,3,4,2,2,3,2,1,2,3,3,2,52,Medium
22,18-24 years,Male,Student,Higher Secondary,5-6 hours,4,3-5 days,6-7 hours,3,0 cup,Rarely,Sometimes,3,2,3,1,2,3,3,2,3,2,3,3,2,1,4,3,4,3,3,3,44,Medium
37,32-38 years,Male,Working,Graduate,5-6 hours,2,Never,8 hours or more,4,0 cup,Often,Sometimes,1,4,3,2,2,3,1,2,3,2,3,3,2,2,1,3,1,2,3,2,48,Medium
32,32-38 years,Male,Working,Graduate,5-6 hours,4,3-5 days,5-6 hours,3,2-3 cups,Sometimes,Sometimes,3,2,2,2,3,3,2,1,3,3,1,2,3,2,3,2,4,3,3,3,57,Medium
22,18-24 years,Female,Student,Undergraduate,5-6 hours,2,Never,6-7 hours,2,1-2 cups,Often,Sometimes,2,4,3,2,2,1,3,2,1,2,4,3,2,2,3,2,1,2,2,3,41,Medium
26,25-31 years,Male,Both,Undergraduate,5-6 hours,4,1-3 days,5-6 hours,2,1-2 cups,Sometimes,Sometimes,2,4,3,2,1,1,2,3,3,2,2,4,3,2,1,1,2,3,2,3,49,Medium
30,25-31 years,Male,Working,Graduate,7-8 hours,5,more than 5 days,Less than 5 hours,3,2-3 cups,Rarely,Often,3,1,1,2,2,2,1,1,4,4,1,2,4,2,3,2,4,4,4,1,67,High
51,Above 38 years,Male,Working,Graduate,5-6 hours,2,1-3 days,5-6 hours,2,1-2 cups,Sometimes,Rarely,1,3,2,2,1,2,3,4,3,2,2,1,2,3,3,2,2,2,3,2,50,Medium
20,18-24 years,Female,Student,Higher Secondary,Less than 5 hours,3,Never,6-7 hours,4,0 cup,Rarely,Rarely,4,2,3,1,1,4,3,3,1,1,3,4,3,1,4,3,3,2,1,3,33,Low
38,32-38 years,Male,Working,Graduate,9 hours or more,2,1-3 days,5-6 hours,2,1-2 cups,Sometimes,Rarely,1,2,2,3,3,4,3,2,3,1,2,2,3,2,2,1,2,3,4,2,56,Medium
29,25-31 years,Female,Working,Undergraduate,5-6 hours,2,1-3 days,5-6 hours,2,1-2 cups,Often,Rarely,1,2,3,4,3,3,2,4,2,1,2,3,4,3,2,1,2,3,2,2,54,Medium
28,25-31 years,Male,Working,Graduate,7-8 hours,4,3-5 days,5-6 hours,4,2-3 cups,Rarely,Often,3,1,2,2,3,2,1,1,3,4,1,2,4,2,3,2,4,3,4,2,64,High
42,Above 38 years,Female,Working,Graduate,5-6 hours,3,1-3 days,5-6 hours,2,1-2 cups,Often,Sometimes,2,4,3,2,1,2,3,2,3,4,3,2,1,2,3,2,2,3,2,3,46,Medium
30,25-31 years,Male,Working,Graduate,5-6 hours,4,3-5 days,5-6 hours,3,2-3 cups,Rarely,Sometimes,3,2,2,3,2,2,3,2,3,3,2,3,2,2,3,2,4,3,3,2,54,Medium
52,Above 38 years,Female,Working,Graduate,5-6 hours,2,1-3 days,5-6 hours,2,2-3 cups,Sometimes,Sometimes,2,3,4,3,3,2,2,3,3,2,1,2,3,3,2,4,3,2,2,3,51,Medium
22,18-24 years,Female,Student,Higher Secondary,5-6 hours,3,1-3 days,6-7 hours,4,0 cup,Sometimes,Sometimes,4,2,2,1,2,3,2,3,2,3,2,4,2,1,3,2,3,2,3,2,45,Medium
28,25-31 years,Male,Student,Graduate,5-6 hours,2,1-3 days,5-6 hours,2,0 cup,Often,Rarely,2,3,4,3,2,2,3,1,2,2,3,3,2,1,2,3,4,3,3,2,49,Medium
19,18-24 years,Female,Student,Higher Secondary,5-6 hours,2,1-3 days,5-6 hours,2,1-2 cups,Sometimes,Sometimes,1,2,3,4,3,3,2,2,3,4,2,1,2,3,2,2,3,1,2,3,57,Medium
25,25-31 years,Female,Student,Graduate,Less than 5 hours,2,Never,8 hours or more,4,0 cup,Sometimes,Never,4,3,3,1,1,4,3,3,2,2,3,3,3,1,4,3,3,2,2,4,35,Low
27,25-31 years,Male,Student,Graduate,5-6 hours,2,1-3 days,6-7 hours,2,1-2 cups,Sometimes,Sometimes,2,3,4,2,2,1,3,2,3,3,2,2,3,2,4,3,2,2,3,1,50,Medium
20,18-24 years,Female,Student,Higher Secondary,5-6 hours,4,Never,5-6 hours,3,0 cup,Rarely,Rarely,4,3,2,1,2,3,3,2,3,2,4,4,3,3,2,3,2,3,2,2,44,Medium
28,25-31 years,Male,Working,Graduate,7-8 hours,4,3-5 days,5-6 hours,4,0 cup,Rarely,Sometimes,3,2,2,3,2,3,2,3,2,2,3,2,3,3,3,3,4,4,4,2,54,Medium
22,18-24 years,Female,Student,Higher Secondary,5-6 hours,3,Never,6-7 hours,3,0 cup,Rarely,Sometimes,3,2,3,1,3,3,2,2,3,3,2,3,2,3,2,3,4,3,4,3,53,Medium
24,18-24 years,Female,Student,Graduate,5-6 hours,2,Never,8 hours or more,5,2-3 cups,Rarely,Rarely,4,2,3,1,1,3,3,3,1,1,4,4,3,1,4,4,2,1,1,2,31,Low
30,25-31 years,Male,Working,Graduate,7-8 hours,5,3-5 days,5-6 hours,3,2-3 cups,Rarely,Often,3,1,1,4,3,3,2,1,3,4,1,2,4,3,3,1,4,3,4,1,68,High
22,18-24 years,Female,Student,Higher Secondary,5-6 hours,4,3-5 days,6-7 hours,4,0 cup,Sometimes,Sometimes,3,3,3,1,2,3,2,3,2,3,2,3,2,1,3,3,4,2,3,3,44,Medium
20,18-24 years,Female,Student,Higher Secondary,7-8 hours,4,3-5 days,6-7 hours,3,0 cup,Rarely,Sometimes,3,2,2,3,2,3,2,1,3,3,2,4,2,2,3,2,4,3,3,2,54,Medium
23,18-24 years,Female,Student,Undergraduate,Less than 5 hours,2,Never,6-7 hours,3,0 cup,Sometimes,Rarely,4,2,3,1,1,4,3,4,3,2,4,4,2,1,4,3,3,2,2,3,34,Low
20,18-24 years,Female,Student,Higher Secondary,5-6 hours,4,Never,6-7 hours,4,0 cup,Rarely,Sometimes,4,3,3,2,2,3,2,2,3,2,3,3,2,1,3,3,2,2,2,3,41,Medium
28,25-31 years,Male,Working,Graduate,7-8 hours,5,3-5 days,Less than 5 hours,2,0 cup,Rarely,Sometimes,3,1,1,3,3,2,1,2,4,4,2,3,4,2,3,2,4,4,4,1,66,High
30,25-31 years,Male,Working,Graduate,5-6 hours,4,Never,5-6 hours,4,2-3 cups,Sometimes,Often,4,2,2,2,3,2,2,2,3,3,1,3,2,3,3,2,4,3,3,3,55,Medium
22,18-24 years,Female,Student,Higher Secondary,5-6 hours,4,3-5 days,Less than 5 hours,4,0 cup,Sometimes,Sometimes,3,2,3,3,2,3,3,3,3,2,3,4,3,1,4,3,4,2,3,3,44,Medium
32,32-38 years,Male,Working,Graduate,7-8 hours,4,3-5 days,5-6 hours,5,2-3 cups,Sometimes,Rarely,3,1,2,3,2,3,2,2,3,4,1,2,4,2,4,2,4,4,4,2,61,High
20,18-24 years,Female,Student,Higher Secondary,7-8 hours,4,3-5 days,5-6 hours,4,0 cup,Rarely,Sometimes,3,2,2,1,3,2,3,3,3,2,3,3,3,2,3,2,4,2,2,2,49,Medium
28,25-31 years,Male,Working,Graduate,5-6 hours,4,3-5 days,6-7 hours,4,2-3 cups,Sometimes,Sometimes,4,2,2,1,3,2,3,2,3,2,3,3,4,2,3,2,4,3,3,3,51,Medium
26,25-31 years,Female,Both,Graduate,Less than 5 hours,2,Never,6-7 hours,5,2-3 cups,Always,Rarely,4,2,3,1,4,3,2,3,2,3,2,4,2,1,4,4,3,2,2,4,40,Medium
22,18-24 years,Female,Student,Higher Secondary,5-6 hours,3,Never,5-6 hours,4,0 cup,Rarely,Rarely,3,3,2,2,2,3,2,4,3,3,2,3,2,2,3,3,3,2,3,2,47,Medium
20,18-24 years,Female,Student,Higher Secondary,5-6 hours,4,Never,5-6 hours,4,0 cup,Rarely,Often,4,2,3,1,2,3,2,3,3,3,2,3,3,2,3,2,2,3,3,3,47,Medium
22,18-24 years,Female,Student,Higher Secondary,5-6 hours,4,Never,5-6 hours,4,0 cup,Sometimes,Sometimes,3,2,3,2,2,3,2,3,2,3,3,4,2,2,3,3,4,3,2,3,45,Medium
21,18-24 years,Male,Student,Higher Secondary,5-6 hours,2,Never,8 hours or more,2,0 cup,Often,Sometimes,2,3,1,2,3,4,3,2,3,2,1,2,3,4,3,2,1,2,3,2,53,Medium
18,18-24 years,Male,Student,Higher Secondary,5-6 hours,4,Never,6-7 hours,4,2-3 cups,Rarely,Sometimes,3,1,2,2,3,2,3,2,3,2,2,4,2,2,3,2,3,3,2,3,50,Medium
50,Above 38 years,Male,Working,Graduate,7-8 hours,3,Never,Less than 5 hours,4,0 cup,Often,Rarely,2,4,3,3,2,1,2,3,3,2,2,2,1,3,3,2,1,2,3,3,48,Medium
18,18-24 years,Male,Student,Higher Secondary,5-6 hours,2,1-3 days,5-6 hours,2,1-2 cups,Often,Sometimes,2,3,2,1,3,2,4,3,3,2,2,1,3,3,2,1,3,3,2,4,52,Medium
28,25-31 years,Male,Working,Graduate,7-8 hours,5,3-5 days,5-6 hours,3,0 cup,Rarely,Sometimes,3,1,2,3,3,2,1,1,3,4,1,2,3,3,3,2,4,4,4,1,67,High
20,18-24 years,Female,Student,Higher Secondary,5-6 hours,4,Never,6-7 hours,4,0 cup,Sometimes,Sometimes,3,2,2,3,3,2,3,2,1,2,3,3,2,1,3,2,3,2,2,3,46,Medium
31,25-31 years,Female,Working,Graduate,5-6 hours,2,Never,5-6 hours,2,1-2 cups,Often,Rarely,2,4,2,3,1,2,3,3,2,1,2,3,4,3,2,2,3,2,3,2,50,Medium
36,32-38 years,Male,Working,Graduate,5-6 hours,2,1-3 days,6-7 hours,2,1-2 cups,Often,Rarely,2,4,3,2,2,2,1,3,2,3,2,2,1,2,3,2,1,2,1,2,45,Medium
26,25-31 years,Female,Both,Graduate,Less than 5 hours,2,Never,8 hours or more,5,2-3 cups,Sometimes,Rarely,4,3,3,1,2,3,2,4,2,2,3,4,2,1,3,3,3,2,2,2,38,Low
24,18-24 years,Male,Both,Undergraduate,5-6 hours,2,1-3 days,6-7 hours,3,1-2 cups,Often,Sometimes,2,4,3,2,2,3,2,2,2,3,3,2,2,3,2,3,2,2,3,3,47,Medium
30,25-31 years,Male,Working,Graduate,7-8 hours,5,3-5 days,Less than 5 hours,3,2-3 cups,Rarely,Sometimes,3,1,1,3,3,2,1,1,3,4,1,2,4,2,3,2,4,3,4,1,67,High
